CREATE DATABASE  IF NOT EXISTS `hotel_db` /*!40100 DEFAULT CHARACTER SET utf8mb4 COLLATE utf8mb4_0900_ai_ci */ /*!80016 DEFAULT ENCRYPTION='N' */;
USE `hotel_db`;
-- MySQL dump 10.13  Distrib 8.0.36, for Win64 (x86_64)
--
-- Host: localhost    Database: hotel
-- ------------------------------------------------------
-- Server version	8.0.36

/*!40101 SET @OLD_CHARACTER_SET_CLIENT=@@CHARACTER_SET_CLIENT */;
/*!40101 SET @OLD_CHARACTER_SET_RESULTS=@@CHARACTER_SET_RESULTS */;
/*!40101 SET @OLD_COLLATION_CONNECTION=@@COLLATION_CONNECTION */;
/*!50503 SET NAMES utf8 */;
/*!40103 SET @OLD_TIME_ZONE=@@TIME_ZONE */;
/*!40103 SET TIME_ZONE='+00:00' */;
/*!40014 SET @OLD_UNIQUE_CHECKS=@@UNIQUE_CHECKS, UNIQUE_CHECKS=0 */;
/*!40014 SET @OLD_FOREIGN_KEY_CHECKS=@@FOREIGN_KEY_CHECKS, FOREIGN_KEY_CHECKS=0 */;
/*!40101 SET @OLD_SQL_MODE=@@SQL_MODE, SQL_MODE='NO_AUTO_VALUE_ON_ZERO' */;
/*!40111 SET @OLD_SQL_NOTES=@@SQL_NOTES, SQL_NOTES=0 */;

--
-- Table structure for table `comment`
--

DROP TABLE IF EXISTS `comment`;
/*!40101 SET @saved_cs_client     = @@character_set_client */;
/*!50503 SET character_set_client = utf8mb4 */;
CREATE TABLE `comment` (
  `id` bigint NOT NULL AUTO_INCREMENT,
  `created_time` datetime(6) DEFAULT NULL,
  `updated_time` datetime(6) DEFAULT NULL,
  `content` varchar(255) NOT NULL,
  `inquiry_board_id` bigint NOT NULL,
  `user_id` varchar(255) NOT NULL,
  PRIMARY KEY (`id`),
  KEY `fk_comment_inquiry_board_id` (`inquiry_board_id`),
  KEY `fk_comment_user_id` (`user_id`),
  CONSTRAINT `fk_comment_inquiry_board_id` FOREIGN KEY (`inquiry_board_id`) REFERENCES `inquiry_board` (`id`) ON DELETE CASCADE ON UPDATE CASCADE,
  CONSTRAINT `fk_comment_user_id` FOREIGN KEY (`user_id`) REFERENCES `user` (`userid`) ON DELETE CASCADE ON UPDATE CASCADE
) ENGINE=InnoDB AUTO_INCREMENT=4 DEFAULT CHARSET=utf8mb4 COLLATE=utf8mb4_0900_ai_ci;
/*!40101 SET character_set_client = @saved_cs_client */;

--
-- Dumping data for table `comment`
--

LOCK TABLES `comment` WRITE;
/*!40000 ALTER TABLE `comment` DISABLE KEYS */;
INSERT INTO `comment` VALUES (2,'2024-03-18 21:16:42.119381',NULL,'μ£„μ†΅ν•©λ‹λ‹¤. μ¤νƒ λ‹¤λ“ κ°μ‹¤μ—λ” μ¤νƒ€μΌλ¬κ°€ μ—†μµλ‹λ‹¤.',62,'admin');
/*!40000 ALTER TABLE `comment` ENABLE KEYS */;
UNLOCK TABLES;

--
-- Table structure for table `hotel`
--

DROP TABLE IF EXISTS `hotel`;
/*!40101 SET @saved_cs_client     = @@character_set_client */;
/*!50503 SET character_set_client = utf8mb4 */;
CREATE TABLE `hotel` (
  `hotel_name` varchar(255) NOT NULL,
  `addr1` varchar(255) DEFAULT NULL,
  `addr2` varchar(255) DEFAULT NULL,
  `contact_info` varchar(255) DEFAULT NULL,
  `hotel_details` varchar(255) DEFAULT NULL,
  `region` varchar(255) DEFAULT NULL,
  `zipcode` varchar(255) DEFAULT NULL,
  PRIMARY KEY (`hotel_name`)
) ENGINE=InnoDB DEFAULT CHARSET=utf8mb4 COLLATE=utf8mb4_0900_ai_ci;
/*!40101 SET character_set_client = @saved_cs_client */;

--
-- Dumping data for table `hotel`
--

LOCK TABLES `hotel` WRITE;
/*!40000 ALTER TABLE `hotel` DISABLE KEYS */;
INSERT INTO `hotel` VALUES ('κ°€ν‰ λ””ν”„λΌμ΄λΉ— μΊ ν•‘','κ²½κΈ° κ°€ν‰κµ° λ¶λ©΄ μ λ©λ¦¬ 337','','053-2345-3435','κ°€ν‰ λ””ν”„λΌμ΄λΉ— μΊ ν•‘ μ…λ‹λ‹¤.','κ²½κΈ°','12400'),('κ°€ν‰ ν”„λΌλ„ μ¤ννμ…','κ²½κΈ° κ°€ν‰κµ° λ¶λ©΄ μ†λ²•λ¦¬ 103-7','','053-325-2510','κ°€ν‰ ν”„λΌλ„ μ¤ννμ… μ…λ‹λ‹¤.','κ²½κΈ°','12404'),('κ°•λ¦‰ H9 μ¤ννμ…','κ°•μ›νΉλ³„μμΉλ„ κ°•λ¦‰μ‹ μ£Όλ¬Έμ§„μ μ£Όλ¬Έλ¦¬ 67','','055-3892-3478','κ°•λ¦‰ H9 μ¤ννμ… μ…λ‹λ‹¤.','κ°•μ›νΉλ³„μμΉλ„','25408'),('κµ¬μ›” λ°μ›” μ•„μ‹μ•„λ“νΈν…”','μΈμ² λ‚¨λ™κµ¬ κµ¬μ›”λ™ 1543-1','','031-3928-3049','κµ¬μ›” λ°μ›” μ•„μ‹μ•„λ“νΈν…” μ…λ‹λ‹¤.','μΈμ²','21582'),('κµ¬μ›” νΈν…” μ— ν”λ μ΄μ¤','μΈμ² λ‚¨λ™κµ¬ κµ¬μ›”λ™ 1460-1','','031-3987-6675','κµ¬μ›” νΈν…” μ— ν”λ μ΄μ¤ μ…λ‹λ‹¤.','μΈμ²','21573'),('κ·Έλλ“ μ΅°μ„  λ¶€μ‚°','λ¶€μ‚° ν•΄μ΄λ€κµ¬ μ¤‘λ™ 1405-16','','000-0000-0000','κ·Έλλ“ μ΅°μ„  λ¶€μ‚°μ…λ‹λ‹¤.','λ¶€μ‚°','48099'),('λ„¤μ¤νΈνΈν…” μΈμ²','μΈμ² μ¤‘κµ¬ μ΄μ„λ™ 2877','','032-3039-4876','λ„¤μ¤νΈνΈν…” μΈμ² μ…λ‹λ‹¤.','μΈμ²','22382'),('λ…Έλ³΄ν…” μ•°λ°°μ„λ” μ„μΈ μ©μ‚°','μ„μΈ μ©μ‚°κµ¬ ν•κ°•λ΅3κ°€ 40-969','','053-3938-9384','λ…Έλ³΄ν…” μ•°λ°°μ„λ” μ„μΈ μ©μ‚° μ…λ‹λ‹¤.','μ„μΈ','04372'),('λ™μ„±λ΅ νΈν…” λΌλ²¨λΌ','λ€κµ¬ λ¶κµ¬ κµ¬μ•”λ΅ 135','','053-382-3938','λ™μ„±λ΅ νΈν…” λΌλ²¨λΌ μ…λ‹λ‹¤.','λ€κµ¬','41431'),('μ„μΈμ‹ λΌνΈν…”','μ„μΈ μ¤‘κµ¬ μ¥μ¶©λ™2κ°€ 202','','052-378-9322','μ„μΈμ‹ λΌνΈν…” μ…λ‹λ‹¤.','μ„μΈ','04605'),('μ†μ΄ μ•„μ΄νν¬μ¤μ„νΈ νΈν…”μ•¤λ μ§€λμ¤','κ°•μ›νΉλ³„μμΉλ„ μ†μ΄μ‹ λ™λ…λ™ 597','','055-3093-0548','μ†μ΄ μ•„μ΄νν¬μ¤μ„νΈ νΈν…”μ•¤λ μ§€λμ¤ μ…λ‹λ‹¤.','κ°•μ›νΉλ³„μμΉλ„','24822'),('μ‹ λΌμ¤ν…μ΄ κµ¬λ΅','μ„μΈ λ™μ‘κµ¬ μ‹ λ€λ°©λ™ 698','','023-3928-3899','μ‹ λΌμ¤ν…μ΄ κµ¬λ΅ μ…λ‹λ‹¤.','μ„μΈ','07074'),('μ—λ¨λ©ν†  κ΄‘μ•','λ¶€μ‚° μμκµ¬ κ΄‘μ•λ™ 201-1','','051-1033-5846','μ—λ¨λ©ν†  κ΄‘μ• μ…λ‹λ‹¤.','λ¶€μ‚°','48303'),('ν…μ¤νΈ νΈν…”','λ€κµ¬ λ¶κµ¬ κµ¬μ•”λ΅ 135','','053-293-7585','ν…μ¤νΈ νΈν…” μ…λ‹λ‹¤','λ€κµ¬','41431'),('ν•΄μ΄λ€ λ™λ°±νΈν…”','λ¶€μ‚° ν•΄μ΄λ€κµ¬ μ°λ™ 540-8','','053-382-3948','ν•΄μ΄λ€ λ™λ°±νΈν…” μ…λ‹λ‹¤.','λ¶€μ‚°','48094'),('ν•΄μ΄λ€ νΈν…” V','λ¶€μ‚° ν•΄μ΄λ€κµ¬ μ°λ™ 637-6','','051-392-3786','ν•΄μ΄λ€ νΈν…” V μ…λ‹λ‹¤.','λ¶€μ‚°','48094');
/*!40000 ALTER TABLE `hotel` ENABLE KEYS */;
UNLOCK TABLES;

--
-- Table structure for table `hotel_file_info`
--

DROP TABLE IF EXISTS `hotel_file_info`;
/*!40101 SET @saved_cs_client     = @@character_set_client */;
/*!50503 SET character_set_client = utf8mb4 */;
CREATE TABLE `hotel_file_info` (
  `id` bigint NOT NULL AUTO_INCREMENT,
  `dir` varchar(255) DEFAULT NULL,
  `file_name` varchar(255) DEFAULT NULL,
  `hotel_name` varchar(255) DEFAULT NULL,
  `main_image_flag` bit(1) DEFAULT NULL,
  PRIMARY KEY (`id`),
  KEY `fk_hotel_file_info_hotel_name` (`hotel_name`),
  CONSTRAINT `fk_hotel_file_info_hotel_name` FOREIGN KEY (`hotel_name`) REFERENCES `hotel` (`hotel_name`) ON DELETE CASCADE ON UPDATE CASCADE
) ENGINE=InnoDB AUTO_INCREMENT=108 DEFAULT CHARSET=utf8mb4 COLLATE=utf8mb4_0900_ai_ci;
/*!40101 SET character_set_client = @saved_cs_client */;

--
-- Dumping data for table `hotel_file_info`
--

LOCK TABLES `hotel_file_info` WRITE;
/*!40000 ALTER TABLE `hotel_file_info` DISABLE KEYS */;
INSERT INTO `hotel_file_info` VALUES (22,'\\hotelimage\\ν…μ¤νΈ νΈν…”\\','2.webp','ν…μ¤νΈ νΈν…”',_binary '\0'),(23,'\\hotelimage\\ν…μ¤νΈ νΈν…”\\','3.webp','ν…μ¤νΈ νΈν…”',_binary '\0'),(24,'\\hotelimage\\ν…μ¤νΈ νΈν…”\\','1.webp','ν…μ¤νΈ νΈν…”',_binary ''),(25,'\\hotelimage\\λ™μ„±λ΅ νΈν…” λΌλ²¨λΌ\\','2.webp','λ™μ„±λ΅ νΈν…” λΌλ²¨λΌ',_binary ''),(26,'\\hotelimage\\ν•΄μ΄λ€ νΈν…” V\\','2.webp','ν•΄μ΄λ€ νΈν…” V',_binary ''),(27,'\\hotelimage\\μ—λ¨λ©ν†  κ΄‘μ•\\','2.webp','μ—λ¨λ©ν†  κ΄‘μ•',_binary ''),(28,'\\hotelimage\\ν•΄μ΄λ€ λ™λ°±νΈν…”\\','2.webp','ν•΄μ΄λ€ λ™λ°±νΈν…”',_binary ''),(29,'\\hotelimage\\μ„μΈμ‹ λΌνΈν…”\\','2.webp','μ„μΈμ‹ λΌνΈν…”',_binary ''),(30,'\\hotelimage\\λ…Έλ³΄ν…” μ•°λ°°μ„λ” μ„μΈ μ©μ‚°\\','2.webp','λ…Έλ³΄ν…” μ•°λ°°μ„λ” μ„μΈ μ©μ‚°',_binary ''),(31,'\\hotelimage\\μ‹ λΌμ¤ν…μ΄ κµ¬λ΅\\','2.webp','μ‹ λΌμ¤ν…μ΄ κµ¬λ΅',_binary ''),(33,'\\hotelimage\\λ„¤μ¤νΈνΈν…” μΈμ²\\','2.webp','λ„¤μ¤νΈνΈν…” μΈμ²',_binary ''),(34,'\\hotelimage\\κµ¬μ›” νΈν…” μ— ν”λ μ΄μ¤\\','2.webp','κµ¬μ›” νΈν…” μ— ν”λ μ΄μ¤',_binary ''),(35,'\\hotelimage\\μ†μ΄ μ•„μ΄νν¬μ¤μ„νΈ νΈν…”μ•¤λ μ§€λμ¤\\','2.webp','μ†μ΄ μ•„μ΄νν¬μ¤μ„νΈ νΈν…”μ•¤λ μ§€λμ¤',_binary ''),(36,'\\hotelimage\\κ°•λ¦‰ H9 μ¤ννμ…\\','2.webp','κ°•λ¦‰ H9 μ¤ννμ…',_binary ''),(38,'\\hotelimage\\κ°€ν‰ ν”„λΌλ„ μ¤ννμ…\\','2.webp','κ°€ν‰ ν”„λΌλ„ μ¤ννμ…',_binary ''),(39,'\\hotelimage\\ν•΄μ΄λ€ νΈν…” V\\','3.webp','ν•΄μ΄λ€ νΈν…” V',_binary '\0'),(40,'\\hotelimage\\μ—λ¨λ©ν†  κ΄‘μ•\\','3.webp','μ—λ¨λ©ν†  κ΄‘μ•',_binary '\0'),(41,'\\hotelimage\\ν•΄μ΄λ€ λ™λ°±νΈν…”\\','3.webp','ν•΄μ΄λ€ λ™λ°±νΈν…”',_binary '\0'),(42,'\\hotelimage\\μ„μΈμ‹ λΌνΈν…”\\','3.webp','μ„μΈμ‹ λΌνΈν…”',_binary '\0'),(43,'\\hotelimage\\λ…Έλ³΄ν…” μ•°λ°°μ„λ” μ„μΈ μ©μ‚°\\','3.webp','λ…Έλ³΄ν…” μ•°λ°°μ„λ” μ„μΈ μ©μ‚°',_binary '\0'),(44,'\\hotelimage\\μ‹ λΌμ¤ν…μ΄ κµ¬λ΅\\','3.webp','μ‹ λΌμ¤ν…μ΄ κµ¬λ΅',_binary '\0'),(46,'\\hotelimage\\λ„¤μ¤νΈνΈν…” μΈμ²\\','3.webp','λ„¤μ¤νΈνΈν…” μΈμ²',_binary '\0'),(47,'\\hotelimage\\κµ¬μ›” νΈν…” μ— ν”λ μ΄μ¤\\','3.webp','κµ¬μ›” νΈν…” μ— ν”λ μ΄μ¤',_binary '\0'),(48,'\\hotelimage\\μ†μ΄ μ•„μ΄νν¬μ¤μ„νΈ νΈν…”μ•¤λ μ§€λμ¤\\','3.webp','μ†μ΄ μ•„μ΄νν¬μ¤μ„νΈ νΈν…”μ•¤λ μ§€λμ¤',_binary '\0'),(49,'\\hotelimage\\κ°•λ¦‰ H9 μ¤ννμ…\\','3.webp','κ°•λ¦‰ H9 μ¤ννμ…',_binary '\0'),(51,'\\hotelimage\\κ°€ν‰ ν”„λΌλ„ μ¤ννμ…\\','3.webp','κ°€ν‰ ν”„λΌλ„ μ¤ννμ…',_binary '\0'),(52,'\\hotelimage\\λ™μ„±λ΅ νΈν…” λΌλ²¨λΌ\\','3.webp','λ™μ„±λ΅ νΈν…” λΌλ²¨λΌ',_binary '\0'),(72,'\\hotelimage\\κµ¬μ›” λ°μ›” μ•„μ‹μ•„λ“νΈν…”\\','4.webp','κµ¬μ›” λ°μ›” μ•„μ‹μ•„λ“νΈν…”',_binary '\0'),(73,'\\hotelimage\\κµ¬μ›” λ°μ›” μ•„μ‹μ•„λ“νΈν…”\\','5.webp','κµ¬μ›” λ°μ›” μ•„μ‹μ•„λ“νΈν…”',_binary '\0'),(74,'\\hotelimage\\κµ¬μ›” λ°μ›” μ•„μ‹μ•„λ“νΈν…”\\','3.webp','κµ¬μ›” λ°μ›” μ•„μ‹μ•„λ“νΈν…”',_binary ''),(84,'\\hotelimage\\κ·Έλλ“ μ΅°μ„  λ¶€μ‚°\\','5.webp','κ·Έλλ“ μ΅°μ„  λ¶€μ‚°',_binary '\0'),(85,'\\hotelimage\\κ·Έλλ“ μ΅°μ„  λ¶€μ‚°\\','6.webp','κ·Έλλ“ μ΅°μ„  λ¶€μ‚°',_binary '\0'),(86,'\\hotelimage\\κ·Έλλ“ μ΅°μ„  λ¶€μ‚°\\','4.webp','κ·Έλλ“ μ΅°μ„  λ¶€μ‚°',_binary ''),(106,'\\hotelimage\\κ°€ν‰ λ””ν”„λΌμ΄λΉ— μΊ ν•‘\\','8.webp','κ°€ν‰ λ””ν”„λΌμ΄λΉ— μΊ ν•‘',_binary '\0'),(107,'\\hotelimage\\κ°€ν‰ λ””ν”„λΌμ΄λΉ— μΊ ν•‘\\','1.webp','κ°€ν‰ λ””ν”„λΌμ΄λΉ— μΊ ν•‘',_binary '');
/*!40000 ALTER TABLE `hotel_file_info` ENABLE KEYS */;
UNLOCK TABLES;

--
-- Table structure for table `inquiry_board`
--

DROP TABLE IF EXISTS `inquiry_board`;
/*!40101 SET @saved_cs_client     = @@character_set_client */;
/*!50503 SET character_set_client = utf8mb4 */;
CREATE TABLE `inquiry_board` (
  `id` bigint NOT NULL AUTO_INCREMENT,
  `created_time` datetime(6) DEFAULT NULL,
  `updated_time` datetime(6) DEFAULT NULL,
  `content` varchar(500) NOT NULL,
  `hotelname` varchar(255) DEFAULT NULL,
  `relation` varchar(255) DEFAULT NULL,
  `title` varchar(250) NOT NULL,
  `user_id` varchar(255) NOT NULL,
  PRIMARY KEY (`id`),
  KEY `fk_inquiry_board_user_id` (`user_id`),
  CONSTRAINT `fk_inquiry_board_user_id` FOREIGN KEY (`user_id`) REFERENCES `user` (`userid`) ON DELETE CASCADE ON UPDATE CASCADE
) ENGINE=InnoDB AUTO_INCREMENT=64 DEFAULT CHARSET=utf8mb4 COLLATE=utf8mb4_0900_ai_ci;
/*!40101 SET character_set_client = @saved_cs_client */;

--
-- Dumping data for table `inquiry_board`
--

LOCK TABLES `inquiry_board` WRITE;
/*!40000 ALTER TABLE `inquiry_board` DISABLE KEYS */;
INSERT INTO `inquiry_board` VALUES (2,'2024-03-16 19:43:32.349832',NULL,'λ¬Έμ λ‚΄μ—­ λ‚΄μ©2','κµ¬μ›” νΈν…” μ— ν”λ μ΄μ¤','μμ•½ λ¬Έμ','λ¬Έμ λ‚΄μ—­ ν…μ¤νΈ2','woonho98'),(3,'2024-03-16 19:43:32.349832',NULL,'λ¬Έμ λ‚΄μ—­ λ‚΄μ©3','κµ¬μ›” νΈν…” μ— ν”λ μ΄μ¤','μμ•½ λ¬Έμ','λ¬Έμ λ‚΄μ—­ ν…μ¤νΈ3','woonho98'),(4,'2024-03-16 19:43:32.349832',NULL,'λ¬Έμ λ‚΄μ—­ λ‚΄μ©4','κµ¬μ›” νΈν…” μ— ν”λ μ΄μ¤','μμ•½ λ¬Έμ','λ¬Έμ λ‚΄μ—­ ν…μ¤νΈ4','woonho98'),(5,'2024-03-16 19:43:32.349832',NULL,'λ¬Έμ λ‚΄μ—­ λ‚΄μ©5','κµ¬μ›” νΈν…” μ— ν”λ μ΄μ¤','μμ•½ λ¬Έμ','λ¬Έμ λ‚΄μ—­ ν…μ¤νΈ5','woonho98'),(6,'2024-03-16 19:43:32.349832',NULL,'λ¬Έμ λ‚΄μ—­ λ‚΄μ©6','κµ¬μ›” νΈν…” μ— ν”λ μ΄μ¤','μμ•½ λ¬Έμ','λ¬Έμ λ‚΄μ—­ ν…μ¤νΈ6','woonho98'),(7,'2024-03-16 19:43:32.349832',NULL,'λ¬Έμ λ‚΄μ—­ λ‚΄μ©7','κµ¬μ›” νΈν…” μ— ν”λ μ΄μ¤','μμ•½ λ¬Έμ','λ¬Έμ λ‚΄μ—­ ν…μ¤νΈ7','woonho98'),(8,'2024-03-16 19:43:32.349832',NULL,'λ¬Έμ λ‚΄μ—­ λ‚΄μ©8','κµ¬μ›” νΈν…” μ— ν”λ μ΄μ¤','μμ•½ λ¬Έμ','λ¬Έμ λ‚΄μ—­ ν…μ¤νΈ8','woonho98'),(9,'2024-03-16 19:43:32.349832',NULL,'λ¬Έμ λ‚΄μ—­ λ‚΄μ©9','κµ¬μ›” νΈν…” μ— ν”λ μ΄μ¤','μμ•½ λ¬Έμ','λ¬Έμ λ‚΄μ—­ ν…μ¤νΈ9','woonho98'),(10,'2024-03-16 19:43:32.349832',NULL,'λ¬Έμ λ‚΄μ—­ λ‚΄μ©10','κµ¬μ›” νΈν…” μ— ν”λ μ΄μ¤','μμ•½ λ¬Έμ','λ¬Έμ λ‚΄μ—­ ν…μ¤νΈ10','woonho98'),(11,'2024-03-16 19:43:32.349832',NULL,'λ¬Έμ λ‚΄μ—­ λ‚΄μ©11','κµ¬μ›” νΈν…” μ— ν”λ μ΄μ¤','μμ•½ λ¬Έμ','λ¬Έμ λ‚΄μ—­ ν…μ¤νΈ11','woonho98'),(12,'2024-03-16 19:43:32.349832',NULL,'λ¬Έμ λ‚΄μ—­ λ‚΄μ©12','κµ¬μ›” νΈν…” μ— ν”λ μ΄μ¤','μμ•½ λ¬Έμ','λ¬Έμ λ‚΄μ—­ ν…μ¤νΈ12','woonho98'),(13,'2024-03-16 19:43:32.349832',NULL,'λ¬Έμ λ‚΄μ—­ λ‚΄μ©13','κµ¬μ›” νΈν…” μ— ν”λ μ΄μ¤','μμ•½ λ¬Έμ','λ¬Έμ λ‚΄μ—­ ν…μ¤νΈ13','woonho98'),(14,'2024-03-16 19:43:32.349832',NULL,'λ¬Έμ λ‚΄μ—­ λ‚΄μ©14','κµ¬μ›” νΈν…” μ— ν”λ μ΄μ¤','μμ•½ λ¬Έμ','λ¬Έμ λ‚΄μ—­ ν…μ¤νΈ14','woonho98'),(15,'2024-03-16 19:43:32.349832',NULL,'λ¬Έμ λ‚΄μ—­ λ‚΄μ©15','κµ¬μ›” νΈν…” μ— ν”λ μ΄μ¤','μμ•½ λ¬Έμ','λ¬Έμ λ‚΄μ—­ ν…μ¤νΈ15','woonho98'),(16,'2024-03-16 19:43:32.349832',NULL,'λ¬Έμ λ‚΄μ—­ λ‚΄μ©16','κµ¬μ›” νΈν…” μ— ν”λ μ΄μ¤','μμ•½ λ¬Έμ','λ¬Έμ λ‚΄μ—­ ν…μ¤νΈ16','woonho98'),(17,'2024-03-16 19:43:32.349832',NULL,'λ¬Έμ λ‚΄μ—­ λ‚΄μ©17','κµ¬μ›” νΈν…” μ— ν”λ μ΄μ¤','μμ•½ λ¬Έμ','λ¬Έμ λ‚΄μ—­ ν…μ¤νΈ17','woonho98'),(18,'2024-03-16 19:43:32.349832',NULL,'λ¬Έμ λ‚΄μ—­ λ‚΄μ©18','κµ¬μ›” νΈν…” μ— ν”λ μ΄μ¤','μμ•½ λ¬Έμ','λ¬Έμ λ‚΄μ—­ ν…μ¤νΈ18','woonho98'),(19,'2024-03-16 19:43:32.349832',NULL,'λ¬Έμ λ‚΄μ—­ λ‚΄μ©19','κµ¬μ›” νΈν…” μ— ν”λ μ΄μ¤','μμ•½ λ¬Έμ','λ¬Έμ λ‚΄μ—­ ν…μ¤νΈ19','woonho98'),(20,'2024-03-16 19:43:32.349832',NULL,'λ¬Έμ λ‚΄μ—­ λ‚΄μ©20','κµ¬μ›” νΈν…” μ— ν”λ μ΄μ¤','μμ•½ λ¬Έμ','λ¬Έμ λ‚΄μ—­ ν…μ¤νΈ20','woonho98'),(21,'2024-03-16 19:43:32.349832',NULL,'λ¬Έμ λ‚΄μ—­ λ‚΄μ©21','κµ¬μ›” νΈν…” μ— ν”λ μ΄μ¤','μμ•½ λ¬Έμ','λ¬Έμ λ‚΄μ—­ ν…μ¤νΈ21','woonho98'),(22,'2024-03-16 19:43:32.349832',NULL,'λ¬Έμ λ‚΄μ—­ λ‚΄μ©22','κµ¬μ›” νΈν…” μ— ν”λ μ΄μ¤','μμ•½ λ¬Έμ','λ¬Έμ λ‚΄μ—­ ν…μ¤νΈ22','woonho98'),(23,'2024-03-16 19:43:32.349832',NULL,'λ¬Έμ λ‚΄μ—­ λ‚΄μ©23','κµ¬μ›” νΈν…” μ— ν”λ μ΄μ¤','μμ•½ λ¬Έμ','λ¬Έμ λ‚΄μ—­ ν…μ¤νΈ23','woonho98'),(24,'2024-03-16 19:43:32.349832',NULL,'λ¬Έμ λ‚΄μ—­ λ‚΄μ©24','κµ¬μ›” νΈν…” μ— ν”λ μ΄μ¤','μμ•½ λ¬Έμ','λ¬Έμ λ‚΄μ—­ ν…μ¤νΈ24','woonho98'),(25,'2024-03-16 19:43:32.349832',NULL,'λ¬Έμ λ‚΄μ—­ λ‚΄μ©25','κµ¬μ›” νΈν…” μ— ν”λ μ΄μ¤','μμ•½ λ¬Έμ','λ¬Έμ λ‚΄μ—­ ν…μ¤νΈ25','woonho98'),(26,'2024-03-16 19:43:32.349832',NULL,'λ¬Έμ λ‚΄μ—­ λ‚΄μ©26','κµ¬μ›” νΈν…” μ— ν”λ μ΄μ¤','μμ•½ λ¬Έμ','λ¬Έμ λ‚΄μ—­ ν…μ¤νΈ26','woonho98'),(27,'2024-03-16 19:43:32.349832',NULL,'λ¬Έμ λ‚΄μ—­ λ‚΄μ©27','κµ¬μ›” νΈν…” μ— ν”λ μ΄μ¤','μμ•½ λ¬Έμ','λ¬Έμ λ‚΄μ—­ ν…μ¤νΈ27','woonho98'),(28,'2024-03-16 19:43:32.349832',NULL,'λ¬Έμ λ‚΄μ—­ λ‚΄μ©28','κµ¬μ›” νΈν…” μ— ν”λ μ΄μ¤','μμ•½ λ¬Έμ','λ¬Έμ λ‚΄μ—­ ν…μ¤νΈ28','woonho98'),(29,'2024-03-16 19:43:32.349832',NULL,'λ¬Έμ λ‚΄μ—­ λ‚΄μ©29','κµ¬μ›” νΈν…” μ— ν”λ μ΄μ¤','μμ•½ λ¬Έμ','λ¬Έμ λ‚΄μ—­ ν…μ¤νΈ29','woonho98'),(30,'2024-03-16 19:43:32.349832',NULL,'λ¬Έμ λ‚΄μ—­ λ‚΄μ©30','κµ¬μ›” νΈν…” μ— ν”λ μ΄μ¤','μμ•½ λ¬Έμ','λ¬Έμ λ‚΄μ—­ ν…μ¤νΈ30','woonho98'),(31,'2024-03-16 19:43:32.349832',NULL,'λ¬Έμ λ‚΄μ—­ λ‚΄μ©31','κµ¬μ›” νΈν…” μ— ν”λ μ΄μ¤','μμ•½ λ¬Έμ','λ¬Έμ λ‚΄μ—­ ν…μ¤νΈ31','woonho98'),(32,'2024-03-16 19:43:32.349832',NULL,'λ¬Έμ λ‚΄μ—­ λ‚΄μ©32','κµ¬μ›” νΈν…” μ— ν”λ μ΄μ¤','μμ•½ λ¬Έμ','λ¬Έμ λ‚΄μ—­ ν…μ¤νΈ32','woonho98'),(33,'2024-03-16 19:43:32.349832',NULL,'λ¬Έμ λ‚΄μ—­ λ‚΄μ©33','κµ¬μ›” νΈν…” μ— ν”λ μ΄μ¤','μμ•½ λ¬Έμ','λ¬Έμ λ‚΄μ—­ ν…μ¤νΈ33','woonho98'),(34,'2024-03-16 19:43:32.349832',NULL,'λ¬Έμ λ‚΄μ—­ λ‚΄μ©34','κµ¬μ›” νΈν…” μ— ν”λ μ΄μ¤','μμ•½ λ¬Έμ','λ¬Έμ λ‚΄μ—­ ν…μ¤νΈ34','woonho98'),(35,'2024-03-16 19:43:32.349832',NULL,'λ¬Έμ λ‚΄μ—­ λ‚΄μ©35','κµ¬μ›” νΈν…” μ— ν”λ μ΄μ¤','μμ•½ λ¬Έμ','λ¬Έμ λ‚΄μ—­ ν…μ¤νΈ35','woonho98'),(36,'2024-03-16 19:43:32.349832',NULL,'λ¬Έμ λ‚΄μ—­ λ‚΄μ©36','κµ¬μ›” νΈν…” μ— ν”λ μ΄μ¤','μμ•½ λ¬Έμ','λ¬Έμ λ‚΄μ—­ ν…μ¤νΈ36','woonho98'),(37,'2024-03-16 19:43:32.349832',NULL,'λ¬Έμ λ‚΄μ—­ λ‚΄μ©37','κµ¬μ›” νΈν…” μ— ν”λ μ΄μ¤','μμ•½ λ¬Έμ','λ¬Έμ λ‚΄μ—­ ν…μ¤νΈ37','woonho98'),(38,'2024-03-16 19:43:32.349832',NULL,'λ¬Έμ λ‚΄μ—­ λ‚΄μ©38','κµ¬μ›” νΈν…” μ— ν”λ μ΄μ¤','μμ•½ λ¬Έμ','λ¬Έμ λ‚΄μ—­ ν…μ¤νΈ38','woonho98'),(39,'2024-03-16 19:43:32.349832',NULL,'λ¬Έμ λ‚΄μ—­ λ‚΄μ©39','κµ¬μ›” νΈν…” μ— ν”λ μ΄μ¤','μμ•½ λ¬Έμ','λ¬Έμ λ‚΄μ—­ ν…μ¤νΈ39','woonho98'),(40,'2024-03-16 19:43:32.349832',NULL,'λ¬Έμ λ‚΄μ—­ λ‚΄μ©40','κµ¬μ›” νΈν…” μ— ν”λ μ΄μ¤','μμ•½ λ¬Έμ','λ¬Έμ λ‚΄μ—­ ν…μ¤νΈ40','woonho98'),(41,'2024-03-16 19:43:32.349832',NULL,'λ¬Έμ λ‚΄μ—­ λ‚΄μ©41','κµ¬μ›” νΈν…” μ— ν”λ μ΄μ¤','μμ•½ λ¬Έμ','λ¬Έμ λ‚΄μ—­ ν…μ¤νΈ41','woonho98'),(42,'2024-03-16 19:43:32.349832',NULL,'λ¬Έμ λ‚΄μ—­ λ‚΄μ©42','κµ¬μ›” νΈν…” μ— ν”λ μ΄μ¤','μμ•½ λ¬Έμ','λ¬Έμ λ‚΄μ—­ ν…μ¤νΈ42','woonho98'),(43,'2024-03-16 19:43:32.349832',NULL,'λ¬Έμ λ‚΄μ—­ λ‚΄μ©43','κµ¬μ›” νΈν…” μ— ν”λ μ΄μ¤','μμ•½ λ¬Έμ','λ¬Έμ λ‚΄μ—­ ν…μ¤νΈ43','woonho98'),(44,'2024-03-16 19:43:32.349832',NULL,'λ¬Έμ λ‚΄μ—­ λ‚΄μ©44','κµ¬μ›” νΈν…” μ— ν”λ μ΄μ¤','μμ•½ λ¬Έμ','λ¬Έμ λ‚΄μ—­ ν…μ¤νΈ44','woonho98'),(45,'2024-03-16 19:43:32.349832',NULL,'λ¬Έμ λ‚΄μ—­ λ‚΄μ©45','κµ¬μ›” νΈν…” μ— ν”λ μ΄μ¤','μμ•½ λ¬Έμ','λ¬Έμ λ‚΄μ—­ ν…μ¤νΈ45','woonho98'),(46,'2024-03-16 19:43:32.349832',NULL,'λ¬Έμ λ‚΄μ—­ λ‚΄μ©46','κµ¬μ›” νΈν…” μ— ν”λ μ΄μ¤','μμ•½ λ¬Έμ','λ¬Έμ λ‚΄μ—­ ν…μ¤νΈ46','woonho98'),(47,'2024-03-16 19:43:32.349832',NULL,'λ¬Έμ λ‚΄μ—­ λ‚΄μ©47','κµ¬μ›” νΈν…” μ— ν”λ μ΄μ¤','μμ•½ λ¬Έμ','λ¬Έμ λ‚΄μ—­ ν…μ¤νΈ47','woonho98'),(48,'2024-03-16 19:43:32.349832',NULL,'λ¬Έμ λ‚΄μ—­ λ‚΄μ©48','κµ¬μ›” νΈν…” μ— ν”λ μ΄μ¤','μμ•½ λ¬Έμ','λ¬Έμ λ‚΄μ—­ ν…μ¤νΈ48','woonho98'),(49,'2024-03-16 19:43:32.349832',NULL,'λ¬Έμ λ‚΄μ—­ λ‚΄μ©49','κµ¬μ›” νΈν…” μ— ν”λ μ΄μ¤','μμ•½ λ¬Έμ','λ¬Έμ λ‚΄μ—­ ν…μ¤νΈ49','woonho98'),(50,'2024-03-16 19:43:32.349832',NULL,'λ¬Έμ λ‚΄μ—­ λ‚΄μ©50','κµ¬μ›” νΈν…” μ— ν”λ μ΄μ¤','μμ•½ λ¬Έμ','λ¬Έμ λ‚΄μ—­ ν…μ¤νΈ50','woonho98'),(51,'2024-03-16 19:43:32.349832',NULL,'λ¬Έμ λ‚΄μ—­ λ‚΄μ©51','κµ¬μ›” νΈν…” μ— ν”λ μ΄μ¤','μμ•½ λ¬Έμ','λ¬Έμ λ‚΄μ—­ ν…μ¤νΈ51','woonho98'),(52,'2024-03-16 19:43:32.349832',NULL,'λ¬Έμ λ‚΄μ—­ λ‚΄μ©52','κµ¬μ›” νΈν…” μ— ν”λ μ΄μ¤','μμ•½ λ¬Έμ','λ¬Έμ λ‚΄μ—­ ν…μ¤νΈ52','woonho98'),(53,'2024-03-16 19:43:32.349832',NULL,'λ¬Έμ λ‚΄μ—­ λ‚΄μ©53','κµ¬μ›” νΈν…” μ— ν”λ μ΄μ¤','μμ•½ λ¬Έμ','λ¬Έμ λ‚΄μ—­ ν…μ¤νΈ53','woonho98'),(54,'2024-03-16 19:43:32.349832',NULL,'λ¬Έμ λ‚΄μ—­ λ‚΄μ©54','κµ¬μ›” νΈν…” μ— ν”λ μ΄μ¤','μμ•½ λ¬Έμ','λ¬Έμ λ‚΄μ—­ ν…μ¤νΈ54','woonho98'),(55,'2024-03-16 19:43:32.349832',NULL,'λ¬Έμ λ‚΄μ—­ λ‚΄μ©55','κµ¬μ›” νΈν…” μ— ν”λ μ΄μ¤','μμ•½ λ¬Έμ','λ¬Έμ λ‚΄μ—­ ν…μ¤νΈ55','woonho98'),(56,'2024-03-16 19:43:32.349832',NULL,'λ¬Έμ λ‚΄μ—­ λ‚΄μ©56','κµ¬μ›” νΈν…” μ— ν”λ μ΄μ¤','μμ•½ λ¬Έμ','λ¬Έμ λ‚΄μ—­ ν…μ¤νΈ56','woonho98'),(57,'2024-03-16 19:43:32.349832',NULL,'λ¬Έμ λ‚΄μ—­ λ‚΄μ©57','κµ¬μ›” νΈν…” μ— ν”λ μ΄μ¤','μμ•½ λ¬Έμ','λ¬Έμ λ‚΄μ—­ ν…μ¤νΈ57','woonho98'),(58,'2024-03-16 19:43:32.349832',NULL,'λ¬Έμ λ‚΄μ—­ λ‚΄μ©58','κµ¬μ›” νΈν…” μ— ν”λ μ΄μ¤','μμ•½ λ¬Έμ','λ¬Έμ λ‚΄μ—­ ν…μ¤νΈ58','woonho98'),(59,'2024-03-16 19:43:32.349832',NULL,'λ¬Έμ λ‚΄μ—­ λ‚΄μ©59','κµ¬μ›” νΈν…” μ— ν”λ μ΄μ¤','μμ•½ λ¬Έμ','λ¬Έμ λ‚΄μ—­ ν…μ¤νΈ59','woonho98'),(62,'2024-03-18 21:15:29.196126',NULL,'μ¤νƒ λ‹¤λ“ κ°μ‹¤μ— μ¤νƒ€μΌλ¬ μλ‚μ”?','μ‹ λΌμ¤ν…μ΄ κµ¬λ΅','κ°μ‹¤λ¬Έμ','μ¤νƒ λ‹¤λ“ κ°μ‹¤μ— μ¤νƒ€μΌλ¬ μλ‚μ”?','woonho98');
/*!40000 ALTER TABLE `inquiry_board` ENABLE KEYS */;
UNLOCK TABLES;

--
-- Table structure for table `notice_board`
--

DROP TABLE IF EXISTS `notice_board`;
/*!40101 SET @saved_cs_client     = @@character_set_client */;
/*!50503 SET character_set_client = utf8mb4 */;
CREATE TABLE `notice_board` (
  `id` bigint NOT NULL AUTO_INCREMENT,
  `created_time` datetime(6) DEFAULT NULL,
  `updated_time` datetime(6) DEFAULT NULL,
  `content` varchar(500) NOT NULL,
  `file_attached` int NOT NULL,
  `title` varchar(250) NOT NULL,
  `user_id` varchar(255) NOT NULL,
  PRIMARY KEY (`id`),
  KEY `fk_notice_board_user_id` (`user_id`),
  CONSTRAINT `fk_notice_board_user_id` FOREIGN KEY (`user_id`) REFERENCES `user` (`userid`) ON DELETE CASCADE ON UPDATE CASCADE
) ENGINE=InnoDB AUTO_INCREMENT=65 DEFAULT CHARSET=utf8mb4 COLLATE=utf8mb4_0900_ai_ci;
/*!40101 SET character_set_client = @saved_cs_client */;

--
-- Dumping data for table `notice_board`
--

LOCK TABLES `notice_board` WRITE;
/*!40000 ALTER TABLE `notice_board` DISABLE KEYS */;
INSERT INTO `notice_board` VALUES (1,'2024-03-16 19:43:32.349832',NULL,'<p>κ³µμ§€ ν…μ¤νΈ</p>1',0,'ν…μ¤νΈ1','admin'),(2,'2024-03-16 19:43:32.349832',NULL,'<p>κ³µμ§€ ν…μ¤νΈ</p>2',0,'ν…μ¤νΈ2','admin'),(3,'2024-03-16 19:43:32.349832',NULL,'<p>κ³µμ§€ ν…μ¤νΈ</p>3',0,'ν…μ¤νΈ3','admin'),(4,'2024-03-16 19:43:32.349832',NULL,'<p>κ³µμ§€ ν…μ¤νΈ</p>4',0,'ν…μ¤νΈ4','admin'),(5,'2024-03-16 19:43:32.349832',NULL,'<p>κ³µμ§€ ν…μ¤νΈ</p>5',0,'ν…μ¤νΈ5','admin'),(6,'2024-03-16 19:43:32.349832',NULL,'<p>κ³µμ§€ ν…μ¤νΈ</p>6',0,'ν…μ¤νΈ6','admin'),(7,'2024-03-16 19:43:32.349832',NULL,'<p>κ³µμ§€ ν…μ¤νΈ</p>7',0,'ν…μ¤νΈ7','admin'),(8,'2024-03-16 19:43:32.349832',NULL,'<p>κ³µμ§€ ν…μ¤νΈ</p>8',0,'ν…μ¤νΈ8','admin'),(9,'2024-03-16 19:43:32.349832',NULL,'<p>κ³µμ§€ ν…μ¤νΈ</p>9',0,'ν…μ¤νΈ9','admin'),(10,'2024-03-16 19:43:32.349832',NULL,'<p>κ³µμ§€ ν…μ¤νΈ</p>10',0,'ν…μ¤νΈ10','admin'),(11,'2024-03-16 19:43:32.349832',NULL,'<p>κ³µμ§€ ν…μ¤νΈ</p>11',0,'ν…μ¤νΈ11','admin'),(12,'2024-03-16 19:43:32.349832',NULL,'<p>κ³µμ§€ ν…μ¤νΈ</p>12',0,'ν…μ¤νΈ12','admin'),(13,'2024-03-16 19:43:32.349832',NULL,'<p>κ³µμ§€ ν…μ¤νΈ</p>13',0,'ν…μ¤νΈ13','admin'),(14,'2024-03-16 19:43:32.349832',NULL,'<p>κ³µμ§€ ν…μ¤νΈ</p>14',0,'ν…μ¤νΈ14','admin'),(15,'2024-03-16 19:43:32.349832',NULL,'<p>κ³µμ§€ ν…μ¤νΈ</p>15',0,'ν…μ¤νΈ15','admin'),(16,'2024-03-16 19:43:32.349832',NULL,'<p>κ³µμ§€ ν…μ¤νΈ</p>16',0,'ν…μ¤νΈ16','admin'),(17,'2024-03-16 19:43:32.349832',NULL,'<p>κ³µμ§€ ν…μ¤νΈ</p>17',0,'ν…μ¤νΈ17','admin'),(18,'2024-03-16 19:43:32.349832',NULL,'<p>κ³µμ§€ ν…μ¤νΈ</p>18',0,'ν…μ¤νΈ18','admin'),(19,'2024-03-16 19:43:32.349832',NULL,'<p>κ³µμ§€ ν…μ¤νΈ</p>19',0,'ν…μ¤νΈ19','admin'),(20,'2024-03-16 19:43:32.349832',NULL,'<p>κ³µμ§€ ν…μ¤νΈ</p>20',0,'ν…μ¤νΈ20','admin'),(21,'2024-03-16 19:43:32.349832',NULL,'<p>κ³µμ§€ ν…μ¤νΈ</p>21',0,'ν…μ¤νΈ21','admin'),(22,'2024-03-16 19:43:32.349832',NULL,'<p>κ³µμ§€ ν…μ¤νΈ</p>22',0,'ν…μ¤νΈ22','admin'),(23,'2024-03-16 19:43:32.349832',NULL,'<p>κ³µμ§€ ν…μ¤νΈ</p>23',0,'ν…μ¤νΈ23','admin'),(24,'2024-03-16 19:43:32.349832',NULL,'<p>κ³µμ§€ ν…μ¤νΈ</p>24',0,'ν…μ¤νΈ24','admin'),(25,'2024-03-16 19:43:32.349832',NULL,'<p>κ³µμ§€ ν…μ¤νΈ</p>25',0,'ν…μ¤νΈ25','admin'),(26,'2024-03-16 19:43:32.349832',NULL,'<p>κ³µμ§€ ν…μ¤νΈ</p>26',0,'ν…μ¤νΈ26','admin'),(27,'2024-03-16 19:43:32.349832',NULL,'<p>κ³µμ§€ ν…μ¤νΈ</p>27',0,'ν…μ¤νΈ27','admin'),(28,'2024-03-16 19:43:32.349832',NULL,'<p>κ³µμ§€ ν…μ¤νΈ</p>28',0,'ν…μ¤νΈ28','admin'),(29,'2024-03-16 19:43:32.349832',NULL,'<p>κ³µμ§€ ν…μ¤νΈ</p>29',0,'ν…μ¤νΈ29','admin'),(30,'2024-03-16 19:43:32.349832',NULL,'<p>κ³µμ§€ ν…μ¤νΈ</p>30',0,'ν…μ¤νΈ30','admin'),(31,'2024-03-16 19:43:32.349832',NULL,'<p>κ³µμ§€ ν…μ¤νΈ</p>31',0,'ν…μ¤νΈ31','admin'),(32,'2024-03-16 19:43:32.349832',NULL,'<p>κ³µμ§€ ν…μ¤νΈ</p>32',0,'ν…μ¤νΈ32','admin'),(33,'2024-03-16 19:43:32.349832',NULL,'<p>κ³µμ§€ ν…μ¤νΈ</p>33',0,'ν…μ¤νΈ33','admin'),(34,'2024-03-16 19:43:32.349832',NULL,'<p>κ³µμ§€ ν…μ¤νΈ</p>34',0,'ν…μ¤νΈ34','admin'),(35,'2024-03-16 19:43:32.349832',NULL,'<p>κ³µμ§€ ν…μ¤νΈ</p>35',0,'ν…μ¤νΈ35','admin'),(36,'2024-03-16 19:43:32.349832',NULL,'<p>κ³µμ§€ ν…μ¤νΈ</p>36',0,'ν…μ¤νΈ36','admin'),(37,'2024-03-16 19:43:32.349832',NULL,'<p>κ³µμ§€ ν…μ¤νΈ</p>37',0,'ν…μ¤νΈ37','admin'),(38,'2024-03-16 19:43:32.349832',NULL,'<p>κ³µμ§€ ν…μ¤νΈ</p>38',0,'ν…μ¤νΈ38','admin'),(39,'2024-03-16 19:43:32.349832',NULL,'<p>κ³µμ§€ ν…μ¤νΈ</p>39',0,'ν…μ¤νΈ39','admin'),(40,'2024-03-16 19:43:32.349832',NULL,'<p>κ³µμ§€ ν…μ¤νΈ</p>40',0,'ν…μ¤νΈ40','admin'),(41,'2024-03-16 19:43:32.349832',NULL,'<p>κ³µμ§€ ν…μ¤νΈ</p>41',0,'ν…μ¤νΈ41','admin'),(42,'2024-03-16 19:43:32.349832',NULL,'<p>κ³µμ§€ ν…μ¤νΈ</p>42',0,'ν…μ¤νΈ42','admin'),(43,'2024-03-16 19:43:32.349832',NULL,'<p>κ³µμ§€ ν…μ¤νΈ</p>43',0,'ν…μ¤νΈ43','admin'),(44,'2024-03-16 19:43:32.349832',NULL,'<p>κ³µμ§€ ν…μ¤νΈ</p>44',0,'ν…μ¤νΈ44','admin'),(45,'2024-03-16 19:43:32.349832',NULL,'<p>κ³µμ§€ ν…μ¤νΈ</p>45',0,'ν…μ¤νΈ45','admin'),(46,'2024-03-16 19:43:32.349832',NULL,'<p>κ³µμ§€ ν…μ¤νΈ</p>46',0,'ν…μ¤νΈ46','admin'),(47,'2024-03-16 19:43:32.349832',NULL,'<p>κ³µμ§€ ν…μ¤νΈ</p>47',0,'ν…μ¤νΈ47','admin'),(48,'2024-03-16 19:43:32.349832',NULL,'<p>κ³µμ§€ ν…μ¤νΈ</p>48',0,'ν…μ¤νΈ48','admin'),(49,'2024-03-16 19:43:32.349832',NULL,'<p>κ³µμ§€ ν…μ¤νΈ</p>49',0,'ν…μ¤νΈ49','admin'),(50,'2024-03-16 19:43:32.349832',NULL,'<p>κ³µμ§€ ν…μ¤νΈ</p>50',0,'ν…μ¤νΈ50','admin'),(51,'2024-03-16 19:43:32.349832',NULL,'<p>κ³µμ§€ ν…μ¤νΈ</p>51',0,'ν…μ¤νΈ51','admin'),(52,'2024-03-16 19:43:32.349832',NULL,'<p>κ³µμ§€ ν…μ¤νΈ</p>52',0,'ν…μ¤νΈ52','admin'),(53,'2024-03-16 19:43:32.349832',NULL,'<p>κ³µμ§€ ν…μ¤νΈ</p>53',0,'ν…μ¤νΈ53','admin'),(54,'2024-03-16 19:43:32.349832',NULL,'<p>κ³µμ§€ ν…μ¤νΈ</p>54',0,'ν…μ¤νΈ54','admin'),(55,'2024-03-16 19:43:32.349832',NULL,'<p>κ³µμ§€ ν…μ¤νΈ</p>55',0,'ν…μ¤νΈ55','admin'),(56,'2024-03-16 19:43:32.349832',NULL,'<p>κ³µμ§€ ν…μ¤νΈ</p>56',0,'ν…μ¤νΈ56','admin'),(57,'2024-03-16 19:43:32.349832',NULL,'<p>κ³µμ§€ ν…μ¤νΈ</p>57',0,'ν…μ¤νΈ57','admin'),(58,'2024-03-16 19:43:32.349832',NULL,'<p>κ³µμ§€ ν…μ¤νΈ</p>58',0,'ν…μ¤νΈ58','admin'),(59,'2024-03-16 19:43:32.349832',NULL,'<p>κ³µμ§€ ν…μ¤νΈ</p>59',0,'ν…μ¤νΈ59','admin'),(60,'2024-03-16 19:43:32.349832',NULL,'<p>κ³µμ§€ ν…μ¤νΈ</p>60',0,'ν…μ¤νΈ60','admin'),(61,'2024-03-16 20:56:49.224925',NULL,'<p>ν…μ¤νΈ</p>',1,'κ³µμ§€ μ²¨λ¶€νμΌ ν…μ¤νΈ','admin'),(62,'2024-03-18 21:03:14.387259',NULL,'<p>,</p>',0,',','admin');
/*!40000 ALTER TABLE `notice_board` ENABLE KEYS */;
UNLOCK TABLES;

--
-- Table structure for table `notice_board_file`
--

DROP TABLE IF EXISTS `notice_board_file`;
/*!40101 SET @saved_cs_client     = @@character_set_client */;
/*!50503 SET character_set_client = utf8mb4 */;
CREATE TABLE `notice_board_file` (
  `id` bigint NOT NULL AUTO_INCREMENT,
  `created_time` datetime(6) DEFAULT NULL,
  `updated_time` datetime(6) DEFAULT NULL,
  `original_file_name` varchar(255) DEFAULT NULL,
  `stored_file_name` varchar(255) DEFAULT NULL,
  `notice_board_id` bigint DEFAULT NULL,
  PRIMARY KEY (`id`),
  KEY `fk_notice_board_file_info_notice_board_id` (`notice_board_id`),
  CONSTRAINT `fk_notice_board_file_info_notice_board_id` FOREIGN KEY (`notice_board_id`) REFERENCES `notice_board` (`id`) ON DELETE CASCADE ON UPDATE CASCADE
) ENGINE=InnoDB AUTO_INCREMENT=4 DEFAULT CHARSET=utf8mb4 COLLATE=utf8mb4_0900_ai_ci;
/*!40101 SET character_set_client = @saved_cs_client */;

--
-- Dumping data for table `notice_board_file`
--

LOCK TABLES `notice_board_file` WRITE;
/*!40000 ALTER TABLE `notice_board_file` DISABLE KEYS */;
INSERT INTO `notice_board_file` VALUES (1,'2024-03-16 20:56:49.264570',NULL,'μ΄μ΄νΈ2.jpg','1710590209198_μ΄μ΄νΈ2.jpg',61);
/*!40000 ALTER TABLE `notice_board_file` ENABLE KEYS */;
UNLOCK TABLES;

--
-- Table structure for table `notice_board_image`
--

DROP TABLE IF EXISTS `notice_board_image`;
/*!40101 SET @saved_cs_client     = @@character_set_client */;
/*!50503 SET character_set_client = utf8mb4 */;
CREATE TABLE `notice_board_image` (
  `id` bigint NOT NULL AUTO_INCREMENT,
  `created_time` datetime(6) DEFAULT NULL,
  `updated_time` datetime(6) DEFAULT NULL,
  `data` longblob,
  `name` varchar(255) DEFAULT NULL,
  `size` int NOT NULL,
  `type` varchar(255) DEFAULT NULL,
  `notice_board_id` bigint DEFAULT NULL,
  PRIMARY KEY (`id`),
  KEY `fk_notice_board_image_notice_board_id` (`notice_board_id`),
  CONSTRAINT `fk_notice_board_image_notice_board_id` FOREIGN KEY (`notice_board_id`) REFERENCES `notice_board` (`id`) ON DELETE CASCADE ON UPDATE CASCADE
) ENGINE=InnoDB AUTO_INCREMENT=2 DEFAULT CHARSET=utf8mb4 COLLATE=utf8mb4_0900_ai_ci;
/*!40101 SET character_set_client = @saved_cs_client */;

--
-- Dumping data for table `notice_board_image`
--

LOCK TABLES `notice_board_image` WRITE;
/*!40000 ALTER TABLE `notice_board_image` DISABLE KEYS */;
INSERT INTO `notice_board_image` VALUES (1,'2024-03-19 01:40:27.918399',NULL,_binary ' \  \ bExif\0\0MM\0*\0\0\0\0\0\0\0\0\0b\0\0\0\0\0\0\ \0\0\0\0\0\0\0\0\0 \0\0\0\0\0\0\0\0\0\0\0\0\0\0\0\0\0\0\0\0\0\Z\0\0\0\0\0\0\0 \0\0\0\0\0\0\0 (\0\0\0\0\0\0\01\0\0\0\0\0\0\0 2\0\0\0\0\0\0\0Σ‡i\0\0\0\0\0\0\0\ \0\0 \0\0\0\0\'0\0\0\'\0\'0\0\0\'Adobe Photoshop 23.5 (Windows)\02023:02:06 16:56:54\0\0\0 \0\0 \0\0\00221 \0\0\0\0  \0\0 \0\0\0\0\0\0  \0\0\0\0\0\0\0\0\0\0\0\0\0\0\0\0\0\0\0\0\Z\0\0\0\0\0\0n\0\0\0\0\0\0v(\0\0\0\0\0\0\0\0\0\0\0\0\0~\0\0\0\0\0\0\ \0\0\0\0\0\0\0H\0\0\0\0\0\0H\0\0\0 \  \ \0Adobe_CM\0 \ \0Adobe\0d \0\0\0 \ \0 \0			
\n
\r

\r\r  \0\0 \0v\"\0 \ \0\0 \ ?\0\0\0\0\0\0\0\0\0\0 	\n
\0\0\0\0\0\0\0\0\0 	\n
\0 3\0!1AQa\"q 2   B#$R b34r \ C % S \  cs5   &D TdEΒ£t6\ U\ e \ \ u\  F\'     \ \ \   \ \ \  Vfv    \ \ \  7GWgw    \ \ \  \0  5\0!1AQaq\"2    B# R\  3$b\ r  CScs4 %    &5\ \ D T dEU6te\  \ \ u\  F     \ \ \   \ \ \  Vfv    \ \ \  \'7GWgw    \  \ \0\0\0?\0\ \rR\rR\rS\rZΔΉ\00\rR\rS\rR\rM Τj}     i [SlOnF-$ \ \ \ R   Q9 <m j w\  #L\ \ 1\ \' ] ΨΎ\ Ε¨ , n  \  i Θ‘j6 \ KTKQ\ T
Qm -Q-G-P-N!ΫH uI[O \ \ \rS\rN j\ %\  j j j k$ \ k Ac\ S\r Φ\  , Ξ±Se \ :{y  R\ > }f ;2\ b 1*s Di    \  Χµ \ ?\ \ 0ΝΌ\ \\N   aTΛ\ \ \ ?     \"\  \0Eκ²®\ \   KΕ―\ \ 4{ks  Χ§ \ Χµ    \ \  \0	 \0 .j    \ H  \0z5}U\  \Z  \0g\  \0        \    \Z\ N    = Wq  V\ 2 \  \ \ .h SΒ· \0\\e\ H 1 { \ <h\ n\ ]\ \ 9\ ] \ >=\ \ \ \ M- #!R  \  5\ !\ xc\ d Z\ \ &-\\\ \ Ξ°ls ]\ C  \ >{\   o\   UuE \ < q \ hd\  # \ j j9j j 2m\ $M      \ \ Z\ @Τ\ F h\ \0 j \ \ ~?GΟ½ N k\\\  \ Z %t5  a;7 fa \ \ Qel  i  \0 M  :% \Z \   Ζ‘ \ >\ K 1 0   w  ; Ψ΄ζ®f%\ 6Ϊ¥ \r3\       U ; \ \Z\"^+d  \ \ k\\ \ _Θµ\ \ ` Y k==\ s c] \  \ O b ΔΉ\ QA  \   \ t4  v   lM \  WΩ¬\ 4%!Hi ΚµcsX\ \ Ε΄0   \ \0K \ \ \  OT    Z]\ \\? pc\"  +(\ g\ \  ΥΈ\ 1 
     Y^\ 9  \ \Z\ \  ljΔ»\"\ \ > \ w XΖΉ\ \ \ =\ \ ?z Λ  Μc\ Z   Γ \ \0  A\Z  \Z  ki \ \ Z\ @Τ\ F ]%  TΗ·\ ;v\ >  kT3 xg\ \ c   \0E2r N - \ cu\ @ 7 \ \ u gΟΊ vSmUί\ k ^   ? ?^ v!nf\ uc  m`k*>  : m  Y[\ utl \0
 _ 6&\  +\ Η² \ eF !\ \ =\ \  |Zl\0   ΜGWc\ β°/Oή¦ \rΩ¶\ \ \ \ Μ&\ I  i\ vU[\ \\\ Y\  ~ έ”  \  \nΥ‹rΖ΄     {\ x N 5  $& J\ 4E\ 2 \ K\ j Wl \ \r{  Ω¶\ v\  \ m \' ^\ W  K * \rΟ\ \ ΝΎ *q\ \\ }F \ \ \  =[?\ E    \0 x   \ \    \ | 9\ z    $h   w XΜ†\ h\ j~\ \ r  ί  \Z\ leu      \ k\\\ \  nq\ W \\  \ \ \Z \ \ \ p\ 1\ 1    \ \ Bζ΅Ή Γ \ \ !  T #T  S \ \ \ZZ\  V l  
 \"4&hDkS	^ \ :{ u  
 0q-\  j  g O  |4pD    \ +v-\ b   4  \ [ \ Ty b5(  6 \0+ \ \ #dUu6I\ ^\ $ \'  7 C-{  \ \ {`\   \ ;v\ \ f\ z^^}Fi  +? ^\ \  cX\   [\  D ~  qsv   ]7#E \ \ \ m 0\ @ \ _yt  \ZoΚµ }  \ \ \ Z\ 3j \ 1 Σ›[\"X\ \ Y V\  \0M X bL \ X\ xA\' u  \ K  ί€\ \ w $W5ΓΉCpZ  b*\"    \ \ \ F    \ \   \ IJ=\ \'_δ¶Ώ7 \ \ ZZ4VIj Ι΅\  	   X_XZα™X%ή“ w ; \02[\ Ψ7\n  \  X\ \ /  C [ \ {    \ M 8 }[\" I  
\  I v7 \ w ~ \       j \ 5\ \ \ \ 5\Z\ Q  Ϋ‘\ $\\\ 9\  =  Τ¬  \ wA{- \ \   c_  IΠµ pΧΏ
G\ \ ?kΘ\"    \ \  +> r]   4Js,\ \ \ - έ [k   \'5\ Wfu    qZ\  \0 5&\ \"Γ\\r ~oP\ \ M d\ ^N5    U \ \ ?   hζ 	 XpApR j x    \ \  \0 \ \ X \ )ml6X\ ]c     \ CVVo\   - \ Ν΄i\ \  \ o  \ U  A/@\ 0  n \ :-[  !   Φ»  Ο³ 2\ N \  O  c- e/ ?  ;\ \   \0 Χ¤ \ \ -\ !\ \   \'\ Ϋ”d   m l \ \ >   4S Pq\ \ i$ Z-  \0\ \  \  u  \0 O\n\ : %9C  q\  \  e\ n\ \ ΨΌN\ \'\ g\ z  \ ?j\ ?ey :u  >  \0X\  \07Τ¶  \ sn K0     c\ \ l ~  \0OOΡ»  \0  \0   L\ \  ]F~y Ζ›	i:  ,x 67 }\  \Z\ \ \ \ \" hs ?EΝD  #\  \0_\ \ w\  \0\  ί£T \ 1:
 nc\ $55!  aM6e\\1q\ \ 8K u`\ ΦΏ \0E\  \  \ \ Κ«     E  \ ,\  [   n\    Z   _O\  \ w\ a   /w  Κ« \0_   Φ›} }N\ 6\ \  \ \ \ ` \0>Ζ«1p
?1k\ \ \ h|  [ }P Χ•\ \ {    s Ι‚\ \ \ \ { : \  \0  `u    EΥ8{\ \ Y 1x   a \ \ \ ~\r \  	 \  \  aJ
 o  	Λ\ ^2\ L em\ k   \ \ ^\  R\ m }  \  ^X  /? t7\ Z \0\ )\"X :6 \08$ \ ; O\ v \0;θ¤  \ ΗΏ2  \r 7>  Ν.  οΆ€]?\ \ 
 \ Βσ―’’Π« bD|Κ¤\ Y;I3 oo \ #\  \0a ~>EBC p\ $  n
  \0\ \  t3 Q\ 6\ Y  \0 -\  \01ro  Υ  0:\ O\ q \ \ \ \ \ 9ή•\   IO }i\   X6 zOd   iΗ­ \ K1\  C\ u\  \0  u\ yg\ EΘ¥   a! \ -  έ°zή£=\ - / j \0 ή½]  Ω‘\ \ km6 ΦΧ¶\ \ \ ^= } ?2Ο« Zά® } \0b F \ \ = c\ \ \ w    Ϋ« \0M\ dΦ k Eu _O  \ m\ \ 33\'\ \ \  e a ί“  \ \ 9\ w\  - ~ c \0 \  ~  \ a  z  \0\ \ Ω·   \  mtT\ WPn-Σ«  C00zulw \Z\ \ _\ *Μ    N.-5 \ n~  4 \0 T \ <\ 7S]ΡΎ@i  I?\ o\ ! Ϊ‚ U 4h t 4v\    Θ{ \0M\ Ν“ (\    A  \r  \ +x\ \ 0C  %Ju 0 V  \ δƒΉ μµ\ X\   +^O\ \ \ \ Π \ ` v\ )q\ \ C     ?\" c7 \ \ <   \ b  a\ o\    \ #\ Z? \ ,u\  \0Ψmj ,Q\ :+:\ W 3-   T\ \ \r g   \ cr K \0, \ \ \ ~ \ \  \0  G  \ Ue   \ W C O\ 73# \ \\ W\ =[ 4a v;1:m \ \ \rΡ·\ w\ ίΏ      F    t<ί· n 5vN5V  \ w \   i\ Yz  \ ~\ \ | \  \0\ +\ > z?\ α¥¶  Km\ \ p\ YYvu\ \ 7c[  e\ \  {  Z | X \0 \ \ o \  N     & EQJ\ ? #     Ok \ c  %/ d \ K\ #\ >    Z\0 dv:KR\nK O\ %\ 	\ $P \0 \ \ wh? #  \0f  δ“ \ \'Q\  I%; &\"8OΫ…  J{n  \ :W\ LRHfGN ? ] \  \0 \ \ V4t! c \ Μ¶  \ \ ?e \ \ ^  U{~  \0   ?n \ $G_  H\ O    \ \ > f>     \ \ u  N & (w \ M  \0  \0Τ‹  p  I#   \' \ W8 αΊ\ @ RIOB\  =    qi yGs%sI$  6~ h \ \ IO \  \ JPhotoshop 3.0\08BIM\0\0\0\0\0Z\0%G\0\0G`\08BIM%\0\0\0\0\0\  Ϊ @N\ 0 : \ 8BIM:\0\0\0\0 \0\0\0\0\0\0\0\0\0\0\0
printOutput\0\0\0\0\0\0\0PstSbool\0\0\0\0Inteenum\0\0\0\0Inte\0\0\0\0Img \0\0\0printSixteenBitbool\0\0\0\0
printerNameTEXT\0\0\0\0E\0P\0S\0O\0N\0 \0L\08\00\00\0 \0S\0e\0r\0i\0e\0s\0\0\0\0\0printProofSetupObjc\0\0\0\0P\0r\0o\0o\0f\0 \0S\0e\0t\0u\0p\0\0\0\0\0\nproofSetup\0\0\0\0\0\0\0Bltnenum\0\0\0builtinProof\0\0\0	proofCMYK\08BIM;\0\0\0\0-\0\0\0\0\0\0\0\0\0\0\0printOutputOptions\0\0\0\0\0\0\0Cptnbool\0\0\0\0\0Clbrbool\0\0\0\0\0RgsMbool\0\0\0\0\0CrnCbool\0\0\0\0\0CntCbool\0\0\0\0\0Lblsbool\0\0\0\0\0Ngtvbool\0\0\0\0\0EmlDbool\0\0\0\0\0Intrbool\0\0\0\0\0BckgObjc\0\0\0\0\0\0\0\0\0RGBC\0\0\0\0\0\0\0Rd  doub@o\ \0\0\0\0\0\0\0\0\0Grn doub@o\ \0\0\0\0\0\0\0\0\0Bl  doub@o\ \0\0\0\0\0\0\0\0\0BrdTUntF#Rlt\0\0\0\0\0\0\0\0\0\0\0\0Bld UntF#Rlt\0\0\0\0\0\0\0\0\0\0\0\0RsltUntF#Pxl@p\r& \0\0\0\0\0\0\nvectorDatabool\0\0\0\0PgPsenum\0\0\0\0PgPs\0\0\0\0PgPC\0\0\0\0LeftUntF#Rlt\0\0\0\0\0\0\0\0\0\0\0\0Top UntF#Rlt\0\0\0\0\0\0\0\0\0\0\0\0Scl UntF#Prc@Y\0\0\0\0\0\0\0\0\0cropWhenPrintingbool\0\0\0\0cropRectBottomlong\0\0\0\0\0\0\0cropRectLeftlong\0\0\0\0\0\0\0\rcropRectRightlong\0\0\0\0\0\0\0
cropRectToplong\0\0\0\0\08BIM\ \0\0\0\0\0\0\ o\0\0\0\ o\0\08BIM&\0\0\0\0\0\0\0\0\0\0\0\0\0\0\0? \0\08BIM \0\0\0\0\0\n\0\0      \0\08BIM\r\0\0\0\0\0\0\0\08BIM\0\0\0\0\0\0\0\08BIM \0\0\0\0\0	\0\0\0\0\0\0\0\0\08BIM\n\0\0\0\0\0\0\08BIM\'\0\0\0\0\0\n\0\0\0\0\0\0\0\08BIM \0\0\0\0\0H\0/ff\0\0lff\0\0\0\0\0\0\0/ff\0\0   \0\0\0\0\0\0\02\0\0\0\0Z\0\0\0\0\0\0\0\0\05\0\0\0\0-\0\0\0\0\0\0\0\08BIM \0\0\0\0\0p\0\0                      \ \0\0\0\0                      \ \0\0\0\0                      \ \0\0\0\0                      \ \0\08BIM\0\0\0\0\0\0\0\0\0\0@\0\0@\0\0\0\08BIMD\0\0\0\0\0\0\0\0\0\0@\0\0@\0\0\0\08BIM\0\0\0\0\0\0\0\0\08BIM\Z\0\0\0\07\0\0\0\0\0\0\0\0\0\0\0\0\0\0\0 \0\0\0\02\0\0\0\0\0\0\0\0\0\0\0\0\0\0\0\0\0\0\0\0\0\0\0\0\0\0\0\0\0\0\0\0 \0\0\0\0\0\0\0\0\0\0\0\0\0\0\0\0\0\0\0\0\0\0\0\0\0\0\0\0\0\0\0\0\0\0\0\0\0\0\0\0\0\0\0\0\0\0null\0\0\0\0\0\0boundsObjc\0\0\0\0\0\0\0\0\0Rct1\0\0\0\0\0\0\0Top long\0\0\0\0\0\0\0\0Leftlong\0\0\0\0\0\0\0\0Btomlong\0\0\0\0\0\0Rghtlong\0\0 \0\0\0slicesVlLs\0\0\0Objc\0\0\0\0\0\0\0\0slice\0\0\0\0\0\0 sliceIDlong\0\0\0\0\0\0\0 groupIDlong\0\0\0\0\0\0\0originenum\0\0\0ESliceOrigin\0\0\0\rautoGenerated\0\0\0\0Typeenum\0\0\0\nESliceType\0\0\0\0Img \0\0\0boundsObjc\0\0\0\0\0\0\0\0\0Rct1\0\0\0\0\0\0\0Top long\0\0\0\0\0\0\0\0Leftlong\0\0\0\0\0\0\0\0Btomlong\0\0\0\0\0\0Rghtlong\0\0 \0\0\0urlTEXT\0\0\0\0\0\0\0\0\0nullTEXT\0\0\0\0\0\0\0\0\0MsgeTEXT\0\0\0\0\0\0\0\0altTagTEXT\0\0\0\0\0\0\0\0cellTextIsHTMLbool\0\0\0cellTextTEXT\0\0\0\0\0\0\0\0	horzAlignenum\0\0\0ESliceHorzAlign\0\0\0 default\0\0\0	vertAlignenum\0\0\0ESliceVertAlign\0\0\0 default\0\0\0
bgColorTypeenum\0\0\0ESliceBGColorType\0\0\0\0None\0\0\0	topOutsetlong\0\0\0\0\0\0\0\nleftOutsetlong\0\0\0\0\0\0\0bottomOutsetlong\0\0\0\0\0\0\0
rightOutsetlong\0\0\0\0\08BIM(\0\0\0\0\0\0\0\0? \0\0\0\0\0\08BIM\0\0\0\0\0\08BIM\0\0\0\0\0\0\0\08BIM\0\0\0\0 \0\0\0\0\0\0v\0\0\0 \0\0d\0\0\ `\0\0\ \0\0 \  \ \0Adobe_CM\0 \ \0Adobe\0d \0\0\0 \ \0 \0			
\n
\r

\r\r  \0\0 \0v\"\0 \ \0\0 \ ?\0\0\0\0\0\0\0\0\0\0 	\n
\0\0\0\0\0\0\0\0\0 	\n
\0 3\0!1AQa\"q 2   B#$R b34r \ C % S \  cs5   &D TdEΒ£t6\ U\ e \ \ u\  F\'     \ \ \   \ \ \  Vfv    \ \ \  7GWgw    \ \ \  \0  5\0!1AQaq\"2    B# R\  3$b\ r  CScs4 %    &5\ \ D T dEU6te\  \ \ u\  F     \ \ \   \ \ \  Vfv    \ \ \  \'7GWgw    \  \ \0\0\0?\0\ \rR\rR\rS\rZΔΉ\00\rR\rS\rR\rM Τj}     i [SlOnF-$ \ \ \ R   Q9 <m j w\  #L\ \ 1\ \' ] ΨΎ\ Ε¨ , n  \  i Θ‘j6 \ KTKQ\ T
Qm -Q-G-P-N!ΫH uI[O \ \ \rS\rN j\ %\  j j j k$ \ k Ac\ S\r Φ\  , Ξ±Se \ :{y  R\ > }f ;2\ b 1*s Di    \  Χµ \ ?\ \ 0ΝΌ\ \\N   aTΛ\ \ \ ?     \"\  \0Eκ²®\ \   KΕ―\ \ 4{ks  Χ§ \ Χµ    \ \  \0	 \0 .j    \ H  \0z5}U\  \Z  \0g\  \0        \    \Z\ N    = Wq  V\ 2 \  \ \ .h SΒ· \0\\e\ H 1 { \ <h\ n\ ]\ \ 9\ ] \ >=\ \ \ \ M- #!R  \  5\ !\ xc\ d Z\ \ &-\\\ \ Ξ°ls ]\ C  \ >{\   o\   UuE \ < q \ hd\  # \ j j9j j 2m\ $M      \ \ Z\ @Τ\ F h\ \0 j \ \ ~?GΟ½ N k\\\  \ Z %t5  a;7 fa \ \ Qel  i  \0 M  :% \Z \   Ζ‘ \ >\ K 1 0   w  ; Ψ΄ζ®f%\ 6Ϊ¥ \r3\       U ; \ \Z\"^+d  \ \ k\\ \ _Θµ\ \ ` Y k==\ s c] \  \ O b ΔΉ\ QA  \   \ t4  v   lM \  WΩ¬\ 4%!Hi ΚµcsX\ \ Ε΄0   \ \0K \ \ \  OT    Z]\ \\? pc\"  +(\ g\ \  ΥΈ\ 1 
     Y^\ 9  \ \Z\ \  ljΔ»\"\ \ > \ w XΖΉ\ \ \ =\ \ ?z Λ  Μc\ Z   Γ \ \0  A\Z  \Z  ki \ \ Z\ @Τ\ F ]%  TΗ·\ ;v\ >  kT3 xg\ \ c   \0E2r N - \ cu\ @ 7 \ \ u gΟΊ vSmUί\ k ^   ? ?^ v!nf\ uc  m`k*>  : m  Y[\ utl \0
 _ 6&\  +\ Η² \ eF !\ \ =\ \  |Zl\0   ΜGWc\ β°/Oή¦ \rΩ¶\ \ \ \ Μ&\ I  i\ vU[\ \\\ Y\  ~ έ”  \  \nΥ‹rΖ΄     {\ x N 5  $& J\ 4E\ 2 \ K\ j Wl \ \r{  Ω¶\ v\  \ m \' ^\ W  K * \rΟ\ \ ΝΎ *q\ \\ }F \ \ \  =[?\ E    \0 x   \ \    \ | 9\ z    $h   w XΜ†\ h\ j~\ \ r  ί  \Z\ leu      \ k\\\ \  nq\ W \\  \ \ \Z \ \ \ p\ 1\ 1    \ \ Bζ΅Ή Γ \ \ !  T #T  S \ \ \ZZ\  V l  
 \"4&hDkS	^ \ :{ u  
 0q-\  j  g O  |4pD    \ +v-\ b   4  \ [ \ Ty b5(  6 \0+ \ \ #dUu6I\ ^\ $ \'  7 C-{  \ \ {`\   \ ;v\ \ f\ z^^}Fi  +? ^\ \  cX\   [\  D ~  qsv   ]7#E \ \ \ m 0\ @ \ _yt  \ZoΚµ }  \ \ \ Z\ 3j \ 1 Σ›[\"X\ \ Y V\  \0M X bL \ X\ xA\' u  \ K  ί€\ \ w $W5ΓΉCpZ  b*\"    \ \ \ F    \ \   \ IJ=\ \'_δ¶Ώ7 \ \ ZZ4VIj Ι΅\  	   X_XZα™X%ή“ w ; \02[\ Ψ7\n  \  X\ \ /  C [ \ {    \ M 8 }[\" I  
\  I v7 \ w ~ \       j \ 5\ \ \ \ 5\Z\ Q  Ϋ‘\ $\\\ 9\  =  Τ¬  \ wA{- \ \   c_  IΠµ pΧΏ
G\ \ ?kΘ\"    \ \  +> r]   4Js,\ \ \ - έ [k   \'5\ Wfu    qZ\  \0 5&\ \"Γ\\r ~oP\ \ M d\ ^N5    U \ \ ?   hζ 	 XpApR j x    \ \  \0 \ \ X \ )ml6X\ ]c     \ CVVo\   - \ Ν΄i\ \  \ o  \ U  A/@\ 0  n \ :-[  !   Φ»  Ο³ 2\ N \  O  c- e/ ?  ;\ \   \0 Χ¤ \ \ -\ !\ \   \'\ Ϋ”d   m l \ \ >   4S Pq\ \ i$ Z-  \0\ \  \  u  \0 O\n\ : %9C  q\  \  e\ n\ \ ΨΌN\ \'\ g\ z  \ ?j\ ?ey :u  >  \0X\  \07Τ¶  \ sn K0     c\ \ l ~  \0OOΡ»  \0  \0   L\ \  ]F~y Ζ›	i:  ,x 67 }\  \Z\ \ \ \ \" hs ?EΝD  #\  \0_\ \ w\  \0\  ί£T \ 1:
 nc\ $55!  aM6e\\1q\ \ 8K u`\ ΦΏ \0E\  \  \ \ Κ«     E  \ ,\  [   n\    Z   _O\  \ w\ a   /w  Κ« \0_   Φ›} }N\ 6\ \  \ \ \ ` \0>Ζ«1p
?1k\ \ \ h|  [ }P Χ•\ \ {    s Ι‚\ \ \ \ { : \  \0  `u    EΥ8{\ \ Y 1x   a \ \ \ ~\r \  	 \  \  aJ
 o  	Λ\ ^2\ L em\ k   \ \ ^\  R\ m }  \  ^X  /? t7\ Z \0\ )\"X :6 \08$ \ ; O\ v \0;θ¤  \ ΗΏ2  \r 7>  Ν.  οΆ€]?\ \ 
 \ Βσ―’’Π« bD|Κ¤\ Y;I3 oo \ #\  \0a ~>EBC p\ $  n
  \0\ \  t3 Q\ 6\ Y  \0 -\  \01ro  Υ  0:\ O\ q \ \ \ \ \ 9ή•\   IO }i\   X6 zOd   iΗ­ \ K1\  C\ u\  \0  u\ yg\ EΘ¥   a! \ -  έ°zή£=\ - / j \0 ή½]  Ω‘\ \ km6 ΦΧ¶\ \ \ ^= } ?2Ο« Zά® } \0b F \ \ = c\ \ \ w    Ϋ« \0M\ dΦ k Eu _O  \ m\ \ 33\'\ \ \  e a ί“  \ \ 9\ w\  - ~ c \0 \  ~  \ a  z  \0\ \ Ω·   \  mtT\ WPn-Σ«  C00zulw \Z\ \ _\ *Μ    N.-5 \ n~  4 \0 T \ <\ 7S]ΡΎ@i  I?\ o\ ! Ϊ‚ U 4h t 4v\    Θ{ \0M\ Ν“ (\    A  \r  \ +x\ \ 0C  %Ju 0 V  \ δƒΉ μµ\ X\   +^O\ \ \ \ Π \ ` v\ )q\ \ C     ?\" c7 \ \ <   \ b  a\ o\    \ #\ Z? \ ,u\  \0Ψmj ,Q\ :+:\ W 3-   T\ \ \r g   \ cr K \0, \ \ \ ~ \ \  \0  G  \ Ue   \ W C O\ 73# \ \\ W\ =[ 4a v;1:m \ \ \rΡ·\ w\ ίΏ      F    t<ί· n 5vN5V  \ w \   i\ Yz  \ ~\ \ | \  \0\ +\ > z?\ α¥¶  Km\ \ p\ YYvu\ \ 7c[  e\ \  {  Z | X \0 \ \ o \  N     & EQJ\ ? #     Ok \ c  %/ d \ K\ #\ >    Z\0 dv:KR\nK O\ %\ 	\ $P \0 \ \ wh? #  \0f  δ“ \ \'Q\  I%; &\"8OΫ…  J{n  \ :W\ LRHfGN ? ] \  \0 \ \ V4t! c \ Μ¶  \ \ ?e \ \ ^  U{~  \0   ?n \ $G_  H\ O    \ \ > f>     \ \ u  N & (w \ M  \0  \0Τ‹  p  I#   \' \ W8 αΊ\ @ RIOB\  =    qi yGs%sI$  6~ h \ \ IO \ 8BIM!\0\0\0\0\0W\0\0\0\0\0\0\0A\0d\0o\0b\0e\0 \0P\0h\0o\0t\0o\0s\0h\0o\0p\0\0\0\0A\0d\0o\0b\0e\0 \0P\0h\0o\0t\0o\0s\0h\0o\0p\0 \02\00\02\02\0\0\0\08BIM\0\0\0\0\0 \0\0\0\0\0 \ Xhttp://ns.adobe.com/xap/1.0/\0<?xpacket begin=\"ο»Ώ\" id=\"W5M0MpCehiHzreSzNTczkc9d\"?> <x:xmpmeta xmlns:x=\"adobe:ns:meta/\" x:xmptk=\"Adobe XMP Core 7.2-c000 79.1b65a79, 2022/06/13-17:46:14        \"> <rdf:RDF xmlns:rdf=\"http://www.w3.org/1999/02/22-rdf-syntax-ns#\"> <rdf:Description rdf:about=\"\" xmlns:xmpMM=\"http://ns.adobe.com/xap/1.0/mm/\" xmlns:stRef=\"http://ns.adobe.com/xap/1.0/sType/ResourceRef#\" xmlns:stEvt=\"http://ns.adobe.com/xap/1.0/sType/ResourceEvent#\" xmlns:xmp=\"http://ns.adobe.com/xap/1.0/\" xmlns:dc=\"http://purl.org/dc/elements/1.1/\" xmlns:photoshop=\"http://ns.adobe.com/photoshop/1.0/\" xmlns:xmpRights=\"http://ns.adobe.com/xap/1.0/rights/\" xmpMM:DocumentID=\"uuid:EF5273E89630E71187E1D2129C737196\" xmpMM:InstanceID=\"xmp.iid:1e6199c2-debb-d14e-9758-0ab4fae7bcbc\" xmpMM:OriginalDocumentID=\"uuid:EF5273E89630E71187E1D2129C737196\" xmp:CreateDate=\"2017-05-04T15:57:16+09:00\" xmp:ModifyDate=\"2023-02-06T16:56:54+09:00\" xmp:MetadataDate=\"2023-02-06T16:56:54+09:00\" xmp:CreatorTool=\"Adobe Photoshop CS2 Windows\" dc:format=\"image/jpeg\" photoshop:LegacyIPTCDigest=\"E011ACDA8A07401F4EE230953A93E8AC\" photoshop:ColorMode=\"3\" xmpRights:Marked=\"False\"> <xmpMM:DerivedFrom stRef:instanceID=\"uuid:F03BEAD69030E71187E1D2129C737196\" stRef:documentID=\"uuid:F03BEAD69030E71187E1D2129C737196\"/> <xmpMM:History> <rdf:Seq> <rdf:li stEvt:action=\"saved\" stEvt:instanceID=\"xmp.iid:C520DC6F6F50E911AF76AF8A10176CA4\" stEvt:when=\"2019-03-27T18:13:08+09:00\" stEvt:softwareAgent=\"Adobe Photoshop CS5 Windows\" stEvt:changed=\"/\"/> <rdf:li stEvt:action=\"saved\" stEvt:instanceID=\"xmp.iid:1e6199c2-debb-d14e-9758-0ab4fae7bcbc\" stEvt:when=\"2023-02-06T16:56:54+09:00\" stEvt:softwareAgent=\"Adobe Photoshop 23.5 (Windows)\" stEvt:changed=\"/\"/> </rdf:Seq> </xmpMM:History> <photoshop:DocumentAncestors> <rdf:Bag> <rdf:li>adobe:docid:photoshop:58013633-c64b-ed49-8da6-a83f78053fe9</rdf:li> <rdf:li>uuid:F25273E89630E71187E1D2129C737196</rdf:li> <rdf:li>uuid:F55273E89630E71187E1D2129C737196</rdf:li> <rdf:li>xmp.did:3d6c942a-8094-cb49-8cb5-2336f5220704</rdf:li> </rdf:Bag> </photoshop:DocumentAncestors> </rdf:Description> </rdf:RDF> </x:xmpmeta>                                                                                                                                                                                                                                                                                                                                                                                                                                                                                                                                                                                                                                                                                                                                                                                                                                                                                                                                                                                                                                                                                                                                                                                                                                                                                                                                                                                                                                                                                                                                                                                                                                                                                                                                                                                                                                                                                                                                                                                                                                                                                                                                 <?xpacket end=\"w\"?> \ \0Adobe\0d@\0\0\0 \ \0 \0  \0 \0 \ \0\05 \  \0\0\0\0\0\0\0\0\0\0\0\0\0 	\n\0
\0\0\0\0\0\0\0\0\0\0\0 	\0\n
\0	u! \"\01A2#	QBa$3Rq b %C   &4r\n \ 5\'\ S6  DTsEF7Gc(UVW\Z \ \ \  d t  e  \ \ \ )8f u*9:HIJXYZghijvwxyz                           \ \ \ \ \ \ \ \ \ \ \ \ \ \ \ \ \ \ \ \ \        \0m!1\0\"AQ 2aqB # R b3	 $ \ Cr \ 4% ScD &5T6Ed\'\ns  Ft\ \ \  UeuV7    \ \ \  )\Z   \ \ \    \ \ \  (GWf8v    \ \ \  gw    \ \ \  HXhx    \ \ \  9IYiy    \ \ \  *:JZjz    \ \ \   \ \0\0\0?\04f1rl.E  \0?   \ D.\  k0Dz\"Τ¤]*X  4 \ \    \ \ \ \ ’  \ \ R0 \  Σ® 7k #    w KHΨm\  \0.~  ξ¥€Η^T $ ,?
  \ \ \ > 9A\ Τ7\ \ \ M \ ί‹\ z   \\ wG    m \ [  \ b@\ \' 8#   =Ρ¥aR	 N,c fX\ qkp9\    >\ 3 jΣ§\n!β£®n 9\ \0Τ \  \0  x\  \0 : Δ† OY\ & ^ \ ?\ __lK,  Y\ \ MΣ¬\ # \ \  \   \0a\  \0  \ #Σ¬\ [ \ < c\ \ # \0\ \ G YD,@7 \     \  \0  \ #Σ©
UΫ\ O \ \ \ \ ^, O      qλ’ $\  \ \ \ \ \ ^) #­#\ u F?  \ [ ?O  O 7V\ <\ u ( \   \  \ ίΌS    \ k :\ 5  \  oέΌ_\ \ Φ΄A\ A Μ 	   [\ FG Σ­ c\ u\ G @ \0m \0\Z \ O\ =oB \0λ\  \0  _u\ \'    	 r\n?\  \0a \0  _ \ \ E\ z\ @6 G\ \   ou/! _    G]\ ?\  \ \ } Sz  \ \   &+ i6 \0_\  \     O^ \  \ M ? s  \ Ϊ›      : \ \ \  k  \   S^ \   ^Π£     \  Ο» [: Σ­\ O\ \ \ G  \ Q\ \ 9  \0> Q?  e@6Qaaq \    }OUΠΎ  %/ @o 
\ \ /\   #\ u \ $\0I?C    \ ^ \ \  a s b  \ \  \  wΕ“ \ M}6+ u  }\ \'   \0   Χ‰\'   \0.    b0pn9 \0\  Ϋ\ \ $ \ \   \ \  #\ : \ n? \ \  ~  \ $ NGZ0\ Ju\ZH  @    \0 \ I\ \n=5\ \  #   \ }8\ \ \ ^\  $ #Φ$<   U _\ { 9 \ +\ ,i\ f5 z\  \ \ \0<\ \  \ \ \ \ @\ =WB uZ}$ \ Y Χ€o 6 \0n,   ι· \ P\ FCv Ξ® ?Φ· 	$`\ \ %R* `X  s{~\'\ ~ \  p;Rz T  Su*	 \0  6 \0~\ \ \ zl 8   ?_O  m\  \   o G p\ ;F ,R\ -Ν‡6 \0^   O M  ! : :(`o\ \' ?\ \   \ \ \ \ [RMjz T \0?\ /  z  Uuv\0 \ >Tά‹ \0    O  sΓ¤ o\ =C /  \  \0,- \ t    =Z\ W\ \Z \  p  @ \ _\ \ }\  e.l )\ \ N  (H Xt \ s  \0E  \ \ odu  O  d  z  u \ 6k \  \ A  \0   \    S _]  \n:\ \Z\0  \0 A  EΔGU M YDH\ \  \ O   [:C\ e[Y/\       \ \" \' 4 Ez !k 8  \ 8  l\     : !V	\ - \0Η¶ \ q8\ Π8   
i} 
qo   L`\ \ _N   qoO\  
 H\ \ d \  \ \ x vb? 6  Q 7<  e \  \ O\ \ f \0  \0  \0\ \ }_ Ur;: \ \n\   \  {\  \ ~\  \ E Xg iNG\  ~ ^}\ Z  o\r}:\ \" \  Wίµ  ^ \ Σ¬ 6 \ o     \ k\ ΧΌ%   OQ ί \    e\ t     fXV\  \   \0\ } Q\  H \  {\ Z :\ \ <s{   \0\\  ^λ\  \0  \  o > Φ¨:\ ~@ΕΎ   \ u \ : Rxu\  \0  { ^\ ήyQ\r\  \  \  SO.   :\ ΖΏ\  \ ί±\ Χ΄  ]x   ? _{  \ \ Σ® I \  \0\  ^   :\ Δ€}\ 	 \0  \  \ \r\ \ ? \0}o   W\ \  7 ]    \0} \ ί« \ \ Σ®^     ί½  \ w\  \0i\  Χ¨:\ $\\ H  ?\ \ \ { >     ί½T   A\ \   Xs   \0  Ψ¨ \ \ \ &$ \ ?\ \ V κ½c l\r  <qo 6 \ \ =l8u  ?K      κ·©\ z  XLDpE   \ \   \ sQV\ Z$  λ¦„\" ά   \0  nk_^  .\Z\ \ n,\0[  \ \ }x\ Ϋ΅ΪzmΥ’    M \ `8 
 : \ Ϋ\ ; z \0     ZΗ   M \0\ Ϋ 0q\ 4    M \    G \ o^ #>}pxQ   [    n9 dj` \ -qL  Κ)o\ p\ \ 7 {R %\r:d JuE \ [n) i\ :\ P   \0 _έ+  )\ 8   SrΞ΅r?Η‚\ \ (}: ,Z \  > \ _\ \ <{  c \0)Jc \ F <  :lG\   \ \ \ ) x\ uT#\ >  o 7\ ίΊhF I#=G1 y\ Φµ rm  =   >  Τ• \ \r  \ \ \ \ o   Ν¤# {\ \ T  qO>   \ q U  \0 \  }}  \0 ~]7\  \ _ \ 7 \ \Z  \ }G< \  \ TΩ―\\Η~ \ YbMz \ \   }\' t$+Χ* # q@IR \ _R\0{Ρ”\ \0W Df \ Τ΄  \ Ε Σ\ \   \ IR\ Σ\05J
 O \  m  m\ b\r)ΣI \ \0qqΝΈ  \ \ ZΟ \ \ 
\ Τ  \n \0Nl-\ \  olH\ M\ ^*=:   <^άƒo \ o~=\ \ `; Υ¨Β€/RB#G\    l   \ \ \  \ \ \ M   n\  \0 {k[> Q \r# ( E on \0   VbH  3S\ u Inmn> O > _ [  \ 0 G\ -   \0  \0_~ Ο―Pzu\ G\   \ _    > A\ \ ` O\ g ?\  Z \ [ \ ]* K\ <    u$j\ \ Χ©\Z\Z \0  A?O G ~  \0^Ύ t #O\ \ \\s <Ϋ~ ^\ =z\ \"*y ok \0 ^}\ R \0^ΠΎ vbrn\ \ X  jO6\  \0(:  *\ \      ~ΤΏ\ Υ8 \ S \ 6   ? = R \0Z\ \'  \0\  \0 }   c u\ Ϋ³q    \ { S \ ^λ―· \0  \0\ # +\ Z   U  \ Χ+ί€\      \  C u\ Ϊ· o % \ \ zΤΏ\ : O  \0>  V ΡµN?\ }= R \0\ }\ J   !\ z \0\   \ _\ \ ET  \ #`-      \0l= R \0ZΠΎ p \\ n \ sp9\  {  \ :   \ [pT \0  \0\ }\ P .  }z  \'  \  \ u> U  8u \ [
X    $  OUΣ\     \  ~\ [  \ \ m    T \ N 4b  6 X \ \ ίz  X c\ b?ήΏή½Ϊ£ u \ o\  \0  ~\  \ [  2 \ \  > \  n?\  u\\S\'=7\ .s\ v F \ \ \   \0x {ud4\ \ -@*: %8V\ U  X  Ο»_\ GU! \  O  ?_ 6  \ \ \ z -@ U\0V \ X\n\ \ U \ \ Ϋ  +Φ™k Η¬\   l\ \  \ Ϋ«3 \  L4 y   : m7:y _ \  \ I C  PP \r <  \ \  ~    wi\ *:\ \ ? \   \  \  \ }4V  \   \ ./a ? _{RA\ U  \ D \0 B@  ?\ s\ Ξ― 3  4U   H   \  n   ΥΈ\   \ \n\ r?\  { of26   t\ Β q\ \ -# [  8 \     C    {  \  \ 8 \0o  \ 6\    \     \ )\ \ QΡ R   nAo    \ {e \": &  ) \ C
p7 \0aΟ¶K\ t xΧ®CS\0m  \0m\ & 8 $ \ \ \   ?\ \ \ O(R4 Υ¨O^  6\"\ 7\ \  }E \ JH =\  9b\ \ /  \ j  ^ GΟ©	Σ   on l   \ \ \ \0u S \  _ \ U\ \ ~}gH \ s \  9 \0_\ dΧ«  F [ n=\   zΚx  7 Z  { V\  \ ?  \0  \ \   \ ί©Φ΄ \     \0^\ \   {A\ 8 \ a  }- 7 \   \Z  !S{ \ \ \ ^   \ u rG\    \ \ {   \  T
Q  9 \0o\ \ {  d\  ?\ \   { zί‚    %  \  \ D \  β®• b\"\ ΠΎ Q\ : \\ J\0   ΕΉ so\  \ \ \r \ ?\  ΧΊ   ?\  O~\ \ {@ \0     uξ½   \  SίΊ ^\ ?\  \  )\ \ { h\    \0 \ \   `l\  ?  \ & X q\  _\ \'   \0x \ \    \0   \ \ \ \ k  c0 \0 ?\ y\   }  o OS\ \ /k\\ \0 >\ G*i\ \ n45 X\ 5 ?O  \09 \0Z  \ 0:\ z\ Τ«rO#  {Χήƒ W f(\  x  \0  \   ^ XL\0\\\ \   \0O <\   %$ AΦ‰ \ E \"\  -ont\ XLD -   \ Χ―u \ ?\  \  q  ovh      _ \ \ \ ~ο©€ \ Φ¨) =`h   Φ° }\ _ίµ \ \ YA\ / \0  o ?\ rx emMRh:o @*	\ $  8?_Ξ“ ?      \ \ 9\ZIEh  \ \ aa  \ I \  \     _ /kp?\ ίo/N \ \0\' RE\ qΕ€  > O\ \ \ \ S   bA\ O\  ~=   @GM ρƒΆ E > \ ot\ QέΏ   ?OΟ½S  g\ \ 	b$6&\    \  M  Υ¶/\rzot   lx \ \ \ \  \0\ <  R 4  A  f \ \  }  >  \ T z Σ― \ ;K\ }l=M   8
 }  \ \n \ S sP| \ 
  \ Ω \0z6?\ έ¤\ \ \' ^X\ \0\ d \ZM ~?_  \ \ v!EO \ Τ¤ \ A\ x#Q7? .} fN3Χ…I \ ΣCΕ€ }n> \ \ \   H\ Li 0?Y GH-a < \0^~ \ q\ z \\\ ,\n \ s\ \ \ o >\ ΧΊ  s     \ /\ \ XΣ©\Zx  M \0Ψ‚=Ρ V eT    I \0 \0   `*i\ P  \0 \ ί?\  \ N   YV\ \ \ }M\   \ ί™ δ·Τ„  \ E \ZG o\ <Q =8  \\u i \  ~> \ \ \ |8\ ~ \ !
b	$~,- \0\" Cr#G[Πƒ   W\ \ O  G |O NS \ 	 \0   \ \ \'Λ―S    \  oίΌO ^ YDB\ \    \ z v) r\ /\ l Υ€\ \\\ ; n=\ oOΟ®B  $\\\ \ \ \ \ ~}r  \0  \  oί«Χ΄     \0\  ?_  \ \ \ \ ~}{\ \   \ \ \ ZO^ q    z  \ f
  G \    oOΟ®0 Q   > Z  {OΟ®\ _\ `O\   \0c    \ \\i\ \ >}a1r}?   \0  \ \ \ \  u >         \ ήΌ_  \   \ \  ?\ \ \ | Φ“\ F2. 7\     _~ >]6 \  \ MG 8rn\ ~ξ­ \       \ \   \ \ \ lD|Ϋ¬2\ G  ? o \'\ - >    4\ KP  26 \ \ 7   \0^\ \ X k\ \   \   \  \0#\ \ \ \   \  \  B \0[\      Σh   \ \  \0 \     8  x E	`xI7  n Η® ?\  WίΊ\  X/W\ \  \ =\ P \ t F 3e    \0 \ >\ F \ U3  4w \0c\ ή ) \ Q     \  {   2P # \ P  \ + l\0  \  \   _Λ¦ ? Q \\0< ?\ \ \ \ k%$uF^+^  9 onH \0z }}  2:c\ >      \   \ ίΌU \ \ z  <v qn\ \ 3KW&  M  \ \ M:ozw  \' as  \0f \ \ \ t \ 0.\  x P C  \ \ \ ?G_\ u  ^>] \ <\  \  \0
\  H   \ \  l	8\ S\ \  RR6  r9 \0a \ Ϊ™  T   LH \ G\  ~   \     I \ Τ• sv \  ~?Χ± W Z  H XΤ„A   ~  \  ?\ LΕ©^      \  \   _  Χ«\n   @\r   \\     ^ \ 0 O7  > \   RkΧ€ Y !m?  \   \ ί€\'  \'\ \ 2@M 8\ y   \ \ o  Τ°^=X\r9=H q $     >  Gp\ S L ^  \\\\s   \0   \ N$ZM[ Y<|\ \ \  x\ \ ξ¤…=:  \ D\ \ r- ?\ \   {d  z u%b   9 \0 \ \ z \\ \ZO \  ?_ \ [\ \ }h\ Ο¬\ \0 [  ? K}}  \ _\ z\ !\ b\r\    N}  Qk\ =eX nO  \0\ ?  un i\ \  \0S   =ΠΉ uu  \rz  \ Y 9 \ xpλ–\  p~ 6  c\ \  ]{\ \  \  -  \ = _Λ―}<  {\ ? \0  \0`} _Λ―}<  {\  ?\ \ ~\  \ \ O\' ]   }\ _ z\ \ \  \ Q  \0y  r8  .   zu  V <    {Φ³ \ \ O\' \\  ί•   \0}  \ 5ιƒ‚G \\?  o{\ \ ch\  \r   \  {  \ :Φ΅\ \ ? \0  {\ \ y g\  \ \  )\ \ j \ \ NIΏP    _ \ \ \ \ zu G  nm s     \ h \ L   γ‹ Γnu 	  Q\  Z \ \ \  \0\      OMXP \ \   $ yQ   \0  u   i\ +S9\    Pq\  \0p(zm ^# \     7\  x \ \  Π> 4j\ g , # [   \  \ \ ^\ z\ \"`O 9     >]P \Zu \ {Ψ      V Χ―uH SΝΉ  \  k }\ X!\ Φ\'Ο¨\ \ q   \  {qd\  zk  B\ M   \ \ \  G\ \ :H\' 2 \   n\  ZΦ½\ ?\ \ \ # t\ )SC\ I#   Ϊ‡?Π‚\ {s  \ X< \      \0_{RW  \ D+}n    ?On+j : P  so\ .~  9 \0} -I<+\ -  M\ f[_     {(  
\ \ 7t  )\ mF [N  \ Σ§\ \ \ tΗ†\ Q *u \ >  rF 
p- \ \ \ \ B \ \0Υ¥:\  \ @	 \ d(M\  9 E  >ά” \ \ OO\0a\\u)b`G\Z y \0 O\ {O  O     )\"7   \    ? u-\ t\ <\   KpM     \ j}z\ Y\ \"\ \ q  \0_ \ ί³\  N   
a\ Nl?  L  T .  ά“\     ?S\  _>=ID@\ \   ά   } \ P\ N:p#\ 1ΤµP Z\ \   \0 {d\ $\ R3 kΤ„ P   \0\ \ }x    }zp( b3~\0 ^ί   }    ujN    \0G ?\ O \ V5R:r4\ J  c y  \ \  Bζ‚z  \'  }s /Χ› ?\ \ o  q\ ΥS g \ 5\ 7\   Ζ½\ ;\ \ \ pZ \0A~?\  > S G   s
\ \ ~ qo \ \ ίΊ   8 ]d\n \ ( \0x  m\ \ ^\Zzu\  $s  \ I 9\ \ @ \ \ 
_K[ z\ =z wΟ®^  mssk\ Ι½  ί‹  \  Σ 3\\ 8  ]=    oc 7\ 3NR%2 \ \ \ \ iε«¥\ Sΰ¶­k0  T Ζ\0YE   \nn \  d   4\ >\ \ Uk $SΟ΅ \ \ \ 8\  \  K$~)J\ )\ \ r=S_* \  \ \ | H ;{u\   \0	6\ \ ΓΈ\ \  \ l    Q` [Β†m\ 4 ~ x  &#X`\ \ \ \ \ 0\ \ bvv5    s \n  <z\  3 9 \0\ - W:u  U:\r  \ \ k\ \r  \   :l#nJ  1  z<6\nΧ¥ \ \ | J qx\\\naX\' *\ p  q    wl   D . \  \ q R  S~ \  \r \0At ΩΏ\  \ .\ \ \ \  \ \ cf\'\\lM  Y8 \ er8)w,X\ =\ IIS  D Y ~\ 9\ \ \" 5  S .K  \ JW+ jT\   \ \ >\ \  4\ ) \ {{    xz-?\ \ \ \ JΟ\ I\rJ \0 Ϊ£.r1\ av\ ;e\ \ nLsWK   \ &   \ \ xi   \r}}   ]Q {      \ (8 (   ?Λ¥)\ \ 0Ρ¥\ m\ Κ‚Gq  $/Q\ c  e U \ c  Φ½ GMU  UU  gm D+\ 4 Ρ™ \ 3\ ] OE\ 8t ]W\ 9}\ \ T \ 3 * } o  e7 \ \  * 1 \Z e  γ΅¦O ;! (j( Ο» U8 ν¦ eβ°‹  \ I:AK  yξ©&a  \ \ O\ \    7 \  Η· x 4  8o    G\ \ \  2ιy |STL    \0\ \ O\  : xTΓ \  \  \ \r no,.khg$ h  \ %>n   \ \\ *Θ³b    v\ s V ~ \ \ \ \ \"  \ gp   , = W1z\ \  i?  
Τ•4Υ΄\ YA<5  Ζ³EWG,ut\ \ \ J\  < <N\   \ } m7+  [θ¦\ 0  	\ Λ@
έp\ d \r X$ \r8Tj \ 0z\ o\  j I\ /\  u\  \  \0  \  \   ΧHkU X\ Y~ \   q  { \ \ F  Q)N        g  ,  N 4j\   \0l}  1\0 ι’Ώ.    V     >\ Ϋ=k<< \ \  :o\   \0\ \ Χ―S\ \  K \  \ X pH Ο­ \ \ Xd YG\ Ϋ€\r \ ?\ \ \ 50\ \ \ H\ <  \0  \0Z\ q CΟ·D AZΧilc RB   ${   OM  5\ \ IΕ―  <[   {R*:   \ 	# ί   \0Ψ{5\ \ J\Z\ c ,      \0  h ~z cΟ¬rD?H  \  }\ 3	5\ D_^  Lo\ 7  A } \ * ~. d   <\ O \   \0_   &$  6 {F: \   i7    \  G H  \ |2xΣ¨RFQ $ 9[ m  \ ΡΊ\Z\ η¦΄ \ / \ \ \   λ« <Z\ Σ± :   f )\ yc\0 \  \0  \  kT\ %Ϊu&1\ 
~\ \ oo\ \ \ {Z    }.  W   _ _ Φ°  D        \0}\0   \ \\\ t \ z \Z $\ \ }\   \ \ I  T \"8\  y \0c \ ΣR H\ Η¤ Z\ \  \  \  C\ \ X bE\ \  o \ = Ο‘  z\0A8GL \ C 7 \  \  {   \0\ Υ¨ \0 z  κ΅€? 8 \0 }=  BkΧ΄    d (\ _ \  7  e  \ \ R% ,3Τ”     Ν?_\ ?\ ,N	\ O   u!i \0\"\ [}O\    u \  }z  \  ?  y\   \\P\ \ *1  Y\ YlV    \    {j \  ( |A  ,$ n~ 7\ > Σ©D\ :  5 \  \ \  \'\ 5\Z ~9#=gXXZ\ [\    \  \ $  N  \ y    X  O ^  \ B\ \0\ ~ ]W  ? S\ Χ¨=:\ \ % A\ {q{\  8   O ^  \ \0?\  O \ > {  \ %    PS\ -EMD \ ι©ΆMSTT\ !X  $  \n \\ =      \ nR+u\ \ @    2NzYea{ \ \ iak$\ - QK \0\ I $ \  \ x<:U\ Χ  f |\ \ xy \ p  9  3\ \ \ K  je \ ]_*ABj\ %}\     v $;\r  \  #   \ p\    z M \ ΛΉ|; c  \       \ \ ]u n  \ \ 9 VC$Ϋ \ +    \ R\nMίΌ\ α© \  0Υ½Frz  qW  pJ!   _\ Ζ΅\  \ \\ΡΏ\ ` \ pc  /j\ Λµh?oR \ \ |     l & 5 \  \0zj  : { fnz-Ρ†Ω°ΗΉ [ 
 2[  3\ \ \ da\ \ g 8}    \ C\ \    	r \n\"&\ \ Μ‘S\ \" T  A \Z\   #\'VI \0W z}\ .   6\   7Y  \ =O\n\  ά°\ o Χ l \ O   ;]    \      1    tC /\ !IN5?\  \0VOT\ {8 \0   \ 5y]\ \ {w \ g &\ \ I  Μ–: 
  i JNΞ¦  \ M  R   RP\ -66 ^F Q} Π  X  \ oM   ;Ξ»?E w\ h 7eo\ \ 9\   ) 6 kv\ v  4\ x\Z\ fΟ¦   \ ^g  I!%\n ή½.u} \  ub4 #Λ‡\ \ \ ΧΊ6 G\0 \ o4 [ nn\ \ 6:z m\ J  \ X }FR( α’³n\ |u{ $ UQ\ \"1  /   \ G\ Σ \   | *< N\ \ \ w.r\ r[_	   \ \ sUEU   \ \ \ +6\ kF\ x \   \ Qg    / X #=l   q\ ~ \ \  sΓ‰\ { +\   w \ ΡΈ \ wp   27\\l   \ \ \ \  (J\Z\Zz ee[D\ C9 Z\"Ϊ’\ j     \   \ \ \ \ \ \ Ϋ» L \ %\ \\ \ \ \ &;1 \   \  Ο     / +iΡ¤  U\ E .6\   r?  :r7e\ 5TWΟ΅?ko Ρƒ\ Ud(k \ \   b 5   \ \ GΤ•  3 U     \0o=U>    *%  I5   \ \ \ 47VS WQ\Z RA \  s\ Φ®`       %  Q        r2:6\ \ λ”Ά \ ΙC \ ΚfK \ Pm\ f; 2    ML  \\    \Z9     U\n D\  \0twέ¶GMΡΎ \ \ N  }t  B\ 3XΧ  \ \ \ } > \  @ 7 u9 \ H& V \n_ : \0vC!\ \ U *1      \   \ [MW_ r W\ \ i       #    \ ΫΉH   rM4\ EΟ¦ Ο¨[{ Ο Uy  \ Ϊ]QwcΤ―\   B+ ~  < GΣƒ     \ \ y A\   \ \ .}\ uR\ \n \ H o ί  T  =4bB1Η®-A\ Tpm{ ?  \ 9 T\ 45i  F3  7 \   \ - \' o	\ZE \   \   \ ΫΊ duR |C=ah ^=V\ \  \0On4 \ T S X\Z26\ γ© \0  β°¦Nz :\ Q~   \  \\_έµ( \ \Z i  \ \Z A\Z  \0\'   \ \ !  \  (\ : 4$ ) \ \ 8 \0y  H\ i\ ^ i\     Χ  \ ?\ \ Υ” N=SJ uA  O  \0|>  ~|z\ (p 1        =\ PιΎ£4_[p          Z =Cx p,~  \ \ Υj kH Λ¨rFA\ ^Ν― >\ Z \ ι°‰Rxu	\ \ W    ?& \0 ~R  k  \ . I zJ 9   \0\ Ο³\   B1\ ; \ \ \ \ m\"\ \ ί―M\ m}7    ΥΎ  Ζ® T}O.  Χ±8    Σ      \ X O\\\ $Η© j\'OO\  H[{ 8 : A  Z   ?\  \    =z\ \ Ο©Q\ /\ \    A7\ ouv\" N=XΧ€9 *\07 \0O$~x \ ?VH\ dΧ¬\  \ 
  J }:\ D\ m\  \0  {gΔ§ :  \\ _\ \ rJέ­  =Φµ\ ^\  c\ ,,?\ \' \ \ n\ \ Η« \'  \ UK #     l       OY c o  /~  \  k \ u #\r\ \   \0Q  {\ O5q  \n    c   G 1 \ @W h \ \ \  M  N   \ 8A  -\     d \ ,B\ \n \     C\ : Y b\ IK }?\  oz\ ήoI =s\0 \ \ oso    :  \ zC\ =\ \ Qd%  JLk  5H lf>V   \    # \ z #\ \ ?\ 9 O+ΣΆ =Η\ \  Ο\ n	q d\Z 3 \"># S 2:  K\ \r\ z \ w v a G\ H  A\ Fa A\0 ^ \  έµR\ \ &_q\ \ i  uy  ig Qb#\ Q\ \rNBM\ \ P\ \ ήQ  Z 0G<To\r*% 	έ·}\ | 7 \ K\'\ \ @ \n  \0s Ζ¤\ dFΡ²\  \ \ Vk\r JΥ‰ fbY <\ 4\0\0: t\ Y]\ m\ YKG8\ d \ a\ \ r\ \Z]     +  \ e  \ ;#/W    ! \ k   \ \r-et^\ 5 |    H u: \0   nL6\ \ #{Vm*\ 65>_z\ \ \ \  e$ \ fSb\ \  Μ¦   rb\ ;  s u^  	[    J  \ 
  FG Ο­ )\ jo   Λ¤ jfz\ -E q8\ 3 o \ \  gz\ Μ­6\ =\  Ku\ &\ \ [ q»H \ b o\ \ W9Q  q }\ A   \0  / e4zi $ \0  \ Z k    \0g [\ vl\\f\ \ dk\  \r\ \n Ο™j\ mu s\   Z\ \ \   \ 1\ =\ F\ \ 3    \ Vdg `\   0   <: c\  C \ Q\ Etw\Z    z:`l  \  \0 C/MPp}!\ {   z {Qvv   ?   #   :\ kEU :\  ; M<_q B   z% F  *~x \  \ `C\ Q     F v Q\ M\ K \ br} -\n$ _M \ I 7 Kpt   #x^ Y(7~Φ¬R\Zw \ X\rM!\ s\rG     \ UΥ¤\ A *z\ \ qUn  \ < Φ­\ m Υ΄:\ \ \ j  \ γ³‘\  W_Uu ~f Ζµ [ %WM,\ 1\ \ \ A  \n	
   \  N. h\ S? Χ¤6iΰ±   T\ \ . \ \ \rMeh 3\ NΧiQ\ 7\ gh\ d0Η \ \ \ \ Q\ U Χ\ \ MP\Z\ % \  /\  \ \ \ E\nW t \ _ \ I6\ \ q\ \ m\r\ \ \ \ \ GW[ \ n~   \ Yi .Ξ΅ + \ m ]     \0oL rTSG\ X\ JZ  yP \0     \0W  X\   {\'u\ \ ΝΫ› p\     %_QW  j  \ \\6\\Ε\ >B    \ #   L  J *$ C\  # \ n QmU \0VzW\  v\ \ 4] \ 2RU\ m,>\'  N3) \ \ U9\\ V -\rfΗ¦   Η‡ά<   #Τ‘1	~/$ q4l \  up\ UNj:WC\ [s  \ ;\ jc  \ {  qY] %\ \ | z 6S
\' v;!\ {d\ Υ³mz \ jΨ°\ 1K@\ \Zi \ \ P\  z o\   \ =] \ \ m z \ \ e \ \  t1VWG   3M   B\ \ \ leD &\ \ ci \ \ Z V\n L \ \ N\ !4  ? }   \ 2P\ Z9wPΟ J*  B)   \  S \ UΨSN 6+!OO$ / *@  y\ >\ n   [] \\m  jΚΏ\ cΒ\ q\     \   f  
k \Z   + \ Q     Ν© v  \ Γ›\ y L %Dq\ \  +    rT\ZΪ§S ΗΆ@>  y sΥΏ[ \ \ tS _ /   9_xε«§ \ \ \n h *Q j\ ?#C\ :Q\Zq  \ \ ^H  gΪ‡ A\ 0\ z\ a  x 6   N-\ u h\ u  Tp \  O I \ <W\  a1    \  ΕΈ   pw    \ ~ \   ~  \0n%(=zH\ A GX\Z#{  \0?  \ \  ~ \ I`\ \  \0^mo    G Q^  \0[   avV\  u^      \  M  \ k  \ qk1\ \  \ \ }\ [I H\  ‡ 2  <
,O \ )\ \'=X   \ so \  \0  \ ίΊl  z\ T  ?\ \  ~-\ `  N   q     \0    \ \ A =\\Ψ    ~   sSR \ \ Pe  \ T y< \0 \ Σ\ ξ΅ \ 5\ \ P\ u|  \ \  \ ά~ }> Ϋg J?w2\ V \" \0\ 2 \ yu\ + \r\r~E\    {& \0  I<)> \ <=: Π²_Y  . 7\ \ xoΗΌ  \ !N \ r( R  \  \ \   M\ d G  \0 \   \ ήΊ\  H 
i  	 DΟ½;\ 2ΣO GR\ A ~8\ \   ^\   \ a \ _     \ \  p =<M:p 
 \ _ G  νµΤ¥ o \0   Σtf\ @: k  q\ 5  _ \\q  } O \ `\Z\'Y  \' o\  {  V\nj+Γ¬\ Η«\  [ b\r ~\r \0\ \ I    \ ή¤ b< {py  ΤµE)Χ‰ RL6 \ \'\ \ Θ·    k 
Ν®  \  \0O  \ !zy:ζ±\ \0 \0F x \0\ \ =  \  Θ” o    _  \ { \"    U \  P\ {\ o ^\ \ ή  \ V\ h\  5 \ NΣ¨  \ \ a\ r  # Q5G[mX\ \Z\n  Ι‚D $\n& i \ \ 9\    \ N\ 2\ K_\\Jzy  α™Ο  VXw a    & \ Η\ N  \'\nU \   \ { \' \ P>Ϊ‹ }wlmJ  ?y \ QΙ€\ Ψ  VKZ Η    %Φ(\ H Bu.2  \0  Ξ”   \  _ A\ \ \ ]  \ 9\ uI \ =p  z 9c\ Nί©H*r\ \Z \ xκΊ   C+ \ θ©‡pΚ‹  (\ \n?hU  \0Q\ @>??! \ E\ .Ο’  ) \ ΥΉ]ί·\    w B 6R +   1\ o  + \ t \ [ Ey  0\ AC    \    \0?ZuG]8 S :   G \ ;1sU J  M \ >l erM  $\ \ \ \ . >!J\ omΡΉ   %\n$  &9\ \rH >   *//\  W  UG I\ `S\ b n  <9-\ &\ RmZ  Ed ?  g \ M >\n1 2   \ ]Ω§\ Zt - Τ \ \ | :Ω¥Qi \ 
\  \ \ 9=  \ m,$ \'  ; #\ IEwa V\ \  M\ ά–zS<{\ qv\ M  \ @ \ U\ κ§ \n
E \ZT   B  ^ Y Z\ Σ§*^Ν® \  V>  \ X\ \ NΣ“3     \ y\ \ \ \r|\   + q \ \ \ 2\ :    v.5 (\ C | a\ : k  Υ  \  \0 U !,M    7 \ T\ \ %9 ]Σ¶7%7E \   M[8 \ KMP7 H\n2HEG\n \  _\ \ u  z4_  l  Σ‚\ \ -  \0E c\  8\   \ SWf   j\ s  
] \ \ \ \ .)y   c}Ch\ G$\ Z\ _? Σ¦Ϊ45  \07\\  tu8 \ ΥΆQ \ 9-Ο³  \ \ :w\ YU; m\ \ \ \ \ Kr [\ :\\fNX!4\ H j6m$hW\ 8 \01\'Λ z\ % 1 \  !  m}\ ?1Z  R V\ \ {\ 9  I)I  \ t4έƒ \\ $Y Σ‹ S ΕΌE \n6  2  J\ \ O    \ \ \ F)E\  t\ jqΫΊ  !<  	  }\ \ \ y  \ \  5>ZC  ;\ =   \ v ot\ fL U&)   i    w \  \0g |\ \ :k\ n \ P\ nlΝ»\ ve  bh\ \ \ Γ• \ \ LeήA  \ 5    zT \   | \ 
Ε¶Σ¦6 \0W _[  =>\ \ 9 \ a \ + 3\ st\ , 9l\ \ \ e)  zz\  \rW \ lΜ¥d \ ;  6J  mw   \ Τ¬ ά +  ~X\'   z\ uE1™7&\"X   f  \ \ άί\ \ ~_Od\ δ <O v\ A&\ n\ \ Μ­\\ n,|  L@ YV    Pi  $  ?\ \ \ \n    | \ G #\  5V\" ~3|b  \r.I \ f`     \ \ E< \ J Ι d Η• \ \ ΚL V\ Zi%{<     MUOL{
 w Γ© xmq,nF    4Υ›  K\rng \ \ 2>ZJL\ W5\r\ j\ )ζ¤¬  \ \ 9}k}} ]G{ap\ Ξ¦  ?o  #\ c 76;n g5 \ j ZΘ΄! G\ \    \ Υ³ X     )6 _!   e	cK \\ 8 \ 8 hE\\  i `  qLj\ !i \ i\  	 \ $   2(  U yU\ l qd # _L @!qo\ ?ln SV\ 3O\ \ \ ? \ Y=U   \ h F+ \    \  \   Or0z S   \ \0<\ H_    Χ°  CSΛ―N  ΩΠ­ \ qo  \ ^*=tΡ• \  \0@ ΟΏp5\ ) \ @o\  <  Qon d\ Z-LN u   ?\ 77  < =\  L Q  #  \ t m \ZG    ^  o\ \ ?   Tn\ \ Φ¨ \r\ G\    \ \ ιΎ΅\  \n    \0  O  x \ U \ q\ )) 8? y\ \   \0co    P +>  \0c     \ }c .9  G   \0\ έ \ \ @ {\  ^\  ? Χ{uR\rk\ r  r?\ ~~ _t<O^cA^ :\rEB \Z\ \ ^> \ {3 ;{\Z 3]\ q\ \r? {  l    \ \ 5O\ |^}\ }M) u Ρ²Π—  9 S\  G   c \\  ]d:     _ \ Σ  o !I\ S\ Σ”q  .	\ \   \ ?W  g I\0Η  \0a     )D \ \ Dq ^H\  \0O   \ I zyG SRm6\ \ O\   ^  s c  \"l    \  >\ g :R\0+   Θ·\     \0z\  jp;z %  -\ \   \ \ UΟ«\ sΤΈ P}@: q  K_ tf \ Χ‰ RB\ \  <  { ^\0 dK\r   \0 \ \  \ FA\ zΣ®a@  OΧ€  ΗΏZc N \0S  	oW\ M\ q\  \0\ O Y\ \  \ ?\ Y\ $ \  \0\ \  \"\ \ e Ο«\ 	\ Τ‘ \0ίΝ®y \ \  \ \ ~ \ ;\ \ f\ \ \ \ gm~  Ϋ›/    \    Ι–j!V +\ YJe  n, U 6Z       0Κ“Ξ§\ /\ < eΧ΄lΣ\"I  \r4   nL \   B\r } \ hbl\     T <M
_  \  J\  \  ^\ Ω”T2\ 1qd G \  NΤ\ \ Τ±    q  7*! \ \ v6   h   \Z >u \0S\r)\ j\   Bo> \ ν‡l\  z\ Ο  #   \ Ι°kr\ c+ ;b ];M&\ \ \ \ \ \ -@  .@  1} \ \0 y  u C  \0β»§ u \ 2g\ v 2hh\ <\r\\2Sd $y<\ \ \ e :  BWKIm I3%@\ . \ \ Φ¨rO ytn Δ΅   JΪΌ \ \ b  ?1 \ V e5 \ xh\ xZ~Z(1f  CQYY\0 z  _ \ ,\ \ /   W\   )\ ίΏm \ \ g \rX {z q\  }$ \ \     \ Ι…   I \ 5Ul4QIι–Q5  \r3T\n & ?\ Γ 	 \ )\ >\ \ bi\  1Ι—    \ \ D  	!\  \ U>:U=
? =E \ Z \ \ o[ Σ¤\  =5UT\ CQW-Vέ£\  K6> G     c4u <\ u\  g   	Ψ©\n} \\ ? ]_A   K  \ N XrU5 9  ά \\2MS \ \ \ \ c\ h\ m0 V   !& G   1>\ \ I`iNx  c   =O\ 5\'\'Ωµ[  +!}  w\ C  	P\ Q\ \ Κh\ `:j=44Ρ­ $1 Ψ“a\ D 9\ Φ†(E~\ N  f\ \ ut  V  h \ u1 Ek\ ^   z \r\ \ ! W\   ,qzh\ KFJ  \ v   ?\  uWM1  ~  Ξ¦\ \ \ \\ *d +vdRt X (\ $\ T g 6\ \ -L \"   X\ \  hdWI]  \r 	E\  ?/ } 7MT\ZEx  IG9 \ 1i]IE {/v V\ V )   #  =v\ \ X\ \ 3J\ GZ \  Y \ 7\ <\ zCm 5KUj0??  \Z #Jt\ r G pΖΏ) 8   wW\\e   \ \ d  uf3[o-Y]KD  8  WR  h 6 \0 \   A8\'Ύ}o  _uΕ΄2T \ \ 1{ N \ UΓ€ Sa{

 r\   Τ¨\ S \rv\ * \ \ %<y V%o\ \ \r \  _ . A \ > /2u\ , Ϊ΄9j   S \ m=  \ I] - E ;Λ΅  \ I Y 7\"Πµt\ \ 1M eΦ©L \ g* I\  \0  ή―C   \ $\ \ 6[\r  l ~8  /\0   \ *zYΪ›o1EEOE-\ vz, 9   2\ \ \Z   <  H8  N s   \0   U\ f  \ V m ]\ \ \ \ \ ( \"\ \ 6V4 ALV\ x7.
u  -  K iή\ c   > #ΥµV I ? Iz^\ J  Σ“   \ <\ \ \ g\  T \ ΓΟ¶  \ \  Y(\ \ 4Fj \ V F  w  \' }\ ΚWH  \  ΤƒR \0\  Ϋ›  ji  j   U4\ Ξ  ά†\n I  tm\ ) 3\ `  <\ <\ xY 6i  I gI\  \   ΤA  #Ρ…c )  %{wB  VVe*pT j[+ , W  ΧΈ\ M  \ \'om\ \\1o|f>3GK h\ zx &\Z _\ I  b  \Z\nJ l i   \\ \ ^n  v \ E T\rC\ |   <1\ \"{ Θ―\ Ϋ›\\\ F\ b \ 3R|2rcc\    \ I    H  \ { \   *=GQ C\ \ # \    \'\   Q\ % ^9  \ \ έƒPS _> H \\\ \ ΧΉ\ \   \ V    \  \ l~   }?\ { U >C    \ \ r/   }\ X-kΓ¦e  \ <: \ \ 
  \0  \  \  M \ x=F 0I  \0X   =\ 6Σ—κΈ―Ο¨\  ~nA<\   \ Ϋ«\"  9\  n \ Υ­\  ?\    A @\  C  6 $ \  8\ \ \  
\     \ <z oΗ¨dT\ \ \  w Z\ z  ?R8  ~O   T\ 9   \   \   Π¶h2z\ ]]@ \ N O?B,?\ \ \Z  O  =     }z\ \ k\ ί‹ 8  O >\ \ ub \  \0 S  ΄RΡ±\ . \ \ _ \ \ > \ Υ)\ :\ \ \ 1u+\ \ R<_\ \r % \  \0    q \ R    Ζ„\ \ O \ \ \ mU \ z E Tu9T q  \   \0Ou. \ t\ 4\0g \ `GΣ \  = I9=+ \"  -RR\ \ i\' o  \0    \  (sΓ¬  !kέ¬O< \0  \0[\ ] η¬iJu5!o\ 
  \  \ 7  o     M  s \ 9< ~ }\\#u 0~ \  \   9 ή³Σ΄\ \\q  \ \r\ $\\ \  ] \ u @kN=gA* s}\' \ \ \ 2    α·¨\ @K\ \ 4\   ?\ ^\ .jN    )  $D\ J\ N\0\ \   h\ 8z  \ 1\ U  >      S\" @\ aMsΓΆ \ eΕ’\ ν—›   3xd ά©V  m    O[ %   q\  \ D$ Ε³W\ c\rI\ 9ί\ Ϊ­f\ \ d \ \"\ \  +y BGΖ† )Τ­\ \ &O \\\ \ \ i\ crR θ®§\ \ U  \Z ^   \ \ Ο”Ω\ 4]g \  ν‘‡     h\ T\  \ 4 * ΓΊ2  \ Ufrk\ 4Λ¦ \n  ]   =\ ^9?o Y\rL\ Y \0c       Z +  \ PjXie \0r[ΧΊ  \ 6g\' #   6\ J      E4!Υ™ S\ 
L\ V & \  \ KΩΉ \ \ / \ 4\ E  9 \ I\\\ ‰j   \   OI+   \ +12H\\5 z ^  \0V$\ \ Τ \ \   \ \ \ IL cv\ ** Z \ 8 v\ \     \ 9\ ΧΎ]  j †\"\ !} `ΤS   \ ~  ] ryz-Δ΄ MG Κ¶k\nj Ζ•   + \ W a? =    #U) 2h> 
\ \ \ZΆ l J \nM l \  \ f J \     6
  6  %j\ * y\ 	 1x J  jP\ =j \ {\ |Uf_+KgHV - ? \ i \ b % K 8 $Y,ίµΒpO 3b  N\  >dt \ // Hru\   \ L\ H  \0kT6\ .l v\ZB\ Η£Ζ΅\ +$ 4FnO \ \ q \ \ \ b \ \  c \ vt\ T q\ n\rΕ΄z  8\'Π²bg MΟΈq2 #a44\ (Tp\ ,	\ \ 8SQ N 1 \\ \03\ ‹u>\  S\ Kε†Ά =? \ 9 \Z m C  λ `*    j   F z \0\r \ -\ Χ>Δ¨\ ? CvB \Z\  \ d  \ Pf6^ Ω΄ Φ >4RwΓ   \ c\ 5E},P\ i| Q+ [ΪZ(\ E?  L 	\ \   \ \ \ \ ECK<9W\ ε«©D Υ«M&\ \ V+49%_      ^4 \ ! \n krJp$ΦΏ> :H\ rz \ \ Vn \ H \ Pw.Ν£  hVr\ \ \ \   \  O x     \ ΛΆI M\ / - #\ \ \ Φ49\ MPo)%\ jLMekΕ‡\ \ \ [
    8Z * v_n\ ^      /%F 3S 38T |K& \0 ?\ ?.    \ \ +\ Y} M  9\ =T\ Sr _y  \ K \   ?#   %|ΤΊ)dά΄Ι‘w P|\ K 	 z I  ήΌ	\ \ ~m\ 3\ 3 sSAP  _a;V<  ua\ 1A%4 \ p\ \ ]  iλ¥ j\nI,gG\ e ^#Λ―P Τ  \0\ 5|\  \'    \ \ , J  \Z%\ b \'+E5%,O%5{ k\ e\ D \ DI.X{X A\ V\ 4 \  \ \ s ά®U3  q  \0  qdγ†¥\ /-OOH mY 6\ %&F5D X$  r@- j y q \ \ `\ |\\;   UN\ j - \ \ \ %lo>\ \ 9(Ϊ»\' ) +N\ ,  j \\\ bf.Ξ _m   WPP1a\ \ D\ ;  M  zH   \ \ k\ &
EW   \0$ 2   L D d  E \ \Z   \ Lr \ \  \0W F f\ \ \ \ Ϊ½  \ \ E    \ VZ\ x7\nzi \0Θj\ pfg  \ .u³ \ U F\ { \ 6    f    j}A5\ \ k \ vΫ½  -V -\ \ zr u /U .\ \  \ ]  kb  \ JS&    74 e\\.  \ γ«Ά  : \ \ si\ -7m \ r \ R ?a  \ \rA\ 	7   c\ \ 6 Ε¤ΠΉh ,>L(G\ \ \ _$| \   \0 \0 /ofz\ \ E  /:I<I+ & \0  >έΣzm   \ Q   Ι· I  \   B\ \ &  4  \0     { O Z\ $ \ [ \ H   \     \  ^ IK \ O k  \   \ 5`}: \   [  \ \  \0[έ  Uh  : \ X/$  # nO {p8 :K$G-\ \ )#~}\' m  [    5S\ \ZO P \\ Ν‡  _   \ ^ uB C\ 	\ 
  G<    \ o  =\' _= A ! / x   \  \ l  @FOPe@\r      \0 9 RjI\ O!\ \'_ C   ~~   f  \ $ zC  c\  Υ\ Ω·\  \0\ μ–­ _\ Z ^  \0Δ   Σ΄ΨΆ	lA }- S \  =\ \\/ u \ \"   \ jD?h   so    άµH\ &  Y\ >onI \ ?CΟ¶K7 W  \ p     8 }/ΟΊ =( T 4\ S\" \ q    \0\ \ oξ¥½:|?> $H,\r   [ Η½jo^ *xu V  \   8?\ o  β΄―[k   m  @6 l?\   tf   \   f J \"\ 6 Ν‡\  8 BE	c    \ \ \  \  a >Σ™\rpq\ \ Σ©
	\0\ G  O?\ \ >   z\ \0pdX \  9  \  u\ }f uP}<\09  \ } \ \0 9\ \ -0:  \\p\0 \0
/\    jNO \  {+it Y\ \ \ 5ΛΪ»
m\  &f`   u;J T  M=~F %=<` iQG\'\ -\  \r \ \  α€4$ \0 } \ - k \ 7= \ k$ \ \  \0 \ HJ  \ \ \ \ \   \ %[ wFOyoM\ QKQ5vF   #&
o :ifl \ 1\ yD( Ε‰    \ d        rί΄\ ~]fM  6VV } 4  5D] o >g= w;E_ \ [ D \ \  =D\ ~ X  4  ^ =Ω• W Jj\Z \Zel]H  „]% #5  : \rU\Z \ \ ].J   e+ M~Aδ©   \ 5nJ R\' ρµ– \' Π  B.\0 \ Φ™ \0\ \\  GFZ\     Wn    \" @  43 $!,T\ ίΌ\ \ \ \r0 >  \ Ut) 4LK\ \ X+j iΡΎ\  W\ LBTRΥ°\ # $*\0P\ \ cRx   \  \0U:w\ W kL  ^ WQ \ \ XH1\n)Z%Y ! Γ–>\ Z  \\  \ f7uV>R  #R\ \ \  	N  \ \ u3M\  CR1B-\ Z\  t\ N  , @\ +k     }& ! ]m(T	 \  Ks δ¥’M, b \ \    \0   C=5 f \Z*( [n !W]ZHp\ \  \ xS  ( \ Y]KK\ IM   e\r \ J)#  q  cum tE \ \ \ s\r \ UΔ‘@  E  w \ \ \ UUKS,\ L F  \ \ G\ Y\\ \ * tS\ \"\ GdF,  \n	   f   \ \ \ %6#u \0 ,
 \ :z8Y 	%\ Dk \ Q\" ~\ ZΒ‰c\ 39 {  t :e _  \ xt+ \  	 
qE\ e    \ i J\ P*2 u   \\ r 0\ \ 4i\"  κΊ2 oj
ejj  \ *` 2 L   \  \ M;\ KEM,4  k -~\ Μ¥DY Ε…%58 \ b\   \ & .   \' \ Γ­R     q\ \ yn| Enί Μ¤ \ m     \rl9J^\ ^v  <\  +TUN  r xέ½(C[έƒ6)  GT G [c  ?\ \n<\ Λ\ 6n  \ b)\ \ \ \ hERΛΆ \\s\ \  Yi U y\ \   \ \ | (=z\ SAJt\n\ }ρ®© i2 zd   mζ¥    ofd  zM\ Ncx\ Ydjik\    X\ ef   G P	<qN \ η§ld  GC vo\ \ 0  \\ Ka\ dΫ¬   v  \ Tb\ \ \ dd Dc\  \ P4\ OT\ 0*:m /S$Υ΄ \  \ Ρ³`L\ $\ \ { lT  P
   qQ\ F \ \ \ \ f#\ \ +QΗ―&   \ r    !  z  \ U\     \ c e |I  & FuT* ,UΪ© WG         l [\ $ b &N \'%u\"4+ \ <N v{ \ \ y\ Λ« \ y  h \0!  ! \ A  \rF. \ jyB U    \n\ :JΚ«:  B+ y \0  (W i =	 s2 2I\ UEAU Ji/Fq   JJ\ N \ \r5, \ \0\ \ / \\ O\   >}] \0  /\'^ mWL\ \ +  f  \ !ycπ½΄\ E  \ I$ ((; ΌK    ( δ΄ \ 2 \ lwR \0 \\\Z\ _\ \'  \0n? D \  \ r\   V \ RJqh Λ \ \ \'\ \ \  Γ®\   \0X  \ s\     X\ @<GP   \ `  
\0   =   g=2\ C\ Bt!    Ε­\ Σnk>    X\    7<
 O\ \  p  UΠΎ G\ \ \ n\n     \0aqΗΏ.@=U  GX t\ \ \ \ N=\ 8uN  _ s γ―  }\ 7 U\ : \ Ν€\Z \ ~  z\ uI	\Z uD77\ \ \ \ \ \     o M  \   \   }  : q\ 6O  \  \0} = 	: Q$ Q   \ \ \ _n\ _^   zo - \ \   \0 = 2ΧOIXP  \  \ j\ o     h\ \ \ 3 N %F\  ^3kί \  7μ£»\  \0?\ \ \  I \0k\  Τµ TpΨ… \ \  \  \ (\\\    P>}L \    \0  \0|= X \ \ 9 =I 5Χ~ \    x	\ \ \ \ \ E  \ 9 \ oΟ½AΣUV \ zD/{ ?O   \ = ΧΊ # XQ \ \    ά *3N \"7 7> a  \0^   e I\  \r#  @ αµ\  ΦΏ\   =Φ½:z \"\n P  a\  \0  \ Ο¶Y  Γ§\0  \\\ ίΕ‡\  \  ot N  =J &r- Δ \ \ Γm\ \ h    \nP>  Χ·>\ \ 7 \ x gJu67  \"\ \ }y B|  q *;z  
 < y ~\ \ 5N  S  Z\ ;o s=e\'\ =  uX [b2[ \n\ ! k\ θ³Έ\n	\"          \ H\  \ jk\Z\ \ \ )\ n  \\Ε°  \0 %<\ \ T  ?i\  = \ Ψ­,%\ 
   RR*  4b>lj+\ 1Η­n \ .  =B \r  Ζ®  i) ESZ*r\  \0r)T Ξ“M$2 < PdΣ» aέ	4A t\ZVP 
\ \ T 	\  OK\ \'JXJHΩ©\ Zb        \ W   4  6  E  \n G\Z3xh\ \  37s}\076   0\ Γ®41\ :\ V\    I C\ H\Z P   -mY	\ \ :uJ   \  m>\ ΤYY\'  C 4 (f AK %> # jy\0 \\ < ul\n   \ZS\ H4S jG\ \ = \ x) @  8P@\ ) \ c   KJ \ F \   PF p  \ g  @H)Q YlΪ‹  \ \ \ CW\ ι¥I*i\'Q\ >C \\:  \ * ?\ g K\ \ %\ Ο£ h\  ?\ **ΜO\ \  hf=\ 7   \ ^ -\ \ZV F \0\0\ z\ \ A μ \ O  C\  ) hΡ–=   Μ’1D  9L -  \rk{F
  \ 5 x\ \ \  jF\0\ \ *z\0 SlΪ Y*\ v ( s+bhj\  Ο¥V  Ϊ‰g\ qk{3c   k /! }: t2\\623_\\ \ Υ½T8\ <p\ \ k GO\ < Ld  Y H  \ ,M  Z\ Ϊ…]5    =\ |J1\ G\  ~\ \ >=UMW Ι¬ w   z   \ \ @ p\ @C\ Π€9[T\ [\  r:j  QMzb    |\ ]$ ( \ Q1 ez c  m3^RUl\\    `   ά΄\ \ \ £3 s5U  9L -t8   #      4 \ K
G,} \ ]hΕΈ { l S g  jr+\ \ ~j^   l \ \ \ 3  g   ? 7\ \ P MsR ?\ Q\ O\ b S   Η¤ Y\ \ j r  \ :=L   Z  \ F4\ \nae  ;*
^ W \\\ C \ | \0\   a  (%Jx  \ \ 1d\ β©•β    \ vBf]B $ \ I  ,\ U\ \  )Γ2\ z\ SWU    NS \ \ t \r1l2   \ q   R  7 `}    \0 \  T\n \ M \ /]H\ LDusF cb z?O\ LQ  \nD\ 	b\ZAR X\0  ½z   u\Z\ CGR>ΦΆ T !\ ,\ – \ H  
#p   {   \ Λ\ \   \ ΄I  \ z    D. U ] 7\ZB   \ \ \ \   W\ Γ΅=**\  O\ d)j!   D`Ι\ Γ¥#    \0\    `l} T?\ \ αJ   7qTLh\r2 7\'βΆ† Q \"U \ e E Δdv rΚ±Τ© O  d\ $r\ ,2e  8\ d   \  \ *\ E=  n[πΏ»ΏΩ… \ \   [^   \ d\ ;\ ]1C#o\r ;\ U SB<T  zT\ $IeX M    \ M\ \ - τ†²²Q N o\ J }a 8l   γ·R\0Ϊ“ #dΚ¥. 
(`T  }x?\ }  \ xtu#Λ¨ S\  o _\  \ ~#| o\ ^ <*\n  \0
  \ [ \ \ . \ l\04B 29\ k   \ \ \ ${\ p>  \0.8 \0[\  {yj@\ ZuHM\ _Q ~\ \ O{\ B p}\\ ~ \ \ q\ \ | \ \r-Γ¨rs\ \  o\ > \ w M4MGP y ^  ~?\ ~=\ \Zp\ \ j:\  )\ \ Δ9 \0c\ \ J|]\"aL \ $v   T_ Η·  Q\Z%:  \    \0 > >$ z F 	?\ \ =\\ < GΣ– \0
 = \ \ :F   C  \ \ \ qk_ { \ \  e\Z \  \0 \ \ J g\ O_ Υ¶q  ~\0#\ \   0   C 9\"$\ p,b NG?\  \   u  Q Z .:  \Z \   ~} _\ 8\r8t\ !-nM  6>  RI : N| \ )^ \0  \0H \0u$\nW *\  :Μ±    \0-   @ Fj\ p\ \ 8\0:  \ I Ϋ€\      P\ \  Ο©J \ c~,x\ \ G ~mξ¥‰\0u}\r\ \ O    ^>  =Χ«*   E\0 \   \ \ \    ; 4 Χ©qΒ±  \r\ G6\ = Ο« \ ]K\ \ \  \ \ }Πt\ \  \"8\ c~  \ ^}\ `S Si    D   )*\' VU (aF Y]Ν‚\"F  x  ΫΊ     SΥ’6wTQV& |\ _?O   \ \ \ \  \ \ \ f έ™]ΗΎ    i^  u\ ΜΌ *z3+  \ b!   !jx -     \ \ ;    V? q  \ e\ ZG m r0\ (    O\ jO\ \ V     9 e  a  \ a\ 3U\ HDa<   \r >\ yuzp A82WP  \ d\'Χ¤\ \ δ»»=D\  m5JQi_ ` \ \  Η€κ¦‡ u   t d\ 1UU 8\ ^*(\ \ \ jzh\ \ ( h \ #--$ S\ \ -\n $v\ =w ]x\0E OX \nj Z*z)  \ d6  \ \ \ \ *Ξ	3 b8ΦΏsg,g m)wu %X\ ίΈ \ P8u\ \n Ee\rG\  I#*i   B\  \ \ O {\ P)c\ \ \ \ \")< \ Ζ»\ \" \ u q} , \Z!B   \ y|1PM [\ \n}8 .  \nUx v\     TC-@ MMUu` F:   $rm`/ } ;\0 \       \ (@ >Y \ C\ .Wq\ B 5 xΜ¦Qn$ (krΨ΅WS<\ |A 0Π±, \n   7  rI b   u\ \ \   i\ \ \ \ :G   jg Ά\ _ hw\ \ \ i Π®Gtf \ \ \ g j\ ?\ (   1:   P x E\ ?\ N UR
  PKb\ \ \ /%T ;lb) g \ IR UF XVZ \ 1S\ t 54  \ F B\ -Οµ \ y\n  \   θ΅Gcl  v$| \ \  \ 54 TΓ‹ \ α¥§\ n\ %         Z$  9`2 +    ^\ T5-\ I \   \  \0W IP)  , $jά:g`| X f $z*j&cq\ \n \  I	`O  \ #   Dm\n4Q\ O\ ` 4 <\ E   X pI \ \ \ }k\ y  _28t\ D Ρ¤ \  \ D\  f 0L   [* d $)\ n z \0V U[ ? S0  \ \   M\\2 <z \ qNK$xX4  \ \ }H \ \ WΚQQ  PT z| n} d   )a\n  w Z z | N  GUN\Z .  M \ N\ Β¨  h=sO^ ]3 iP  \ Ϊ_!\'\ (   P\ \ dv7Q  \ b=    \ I
L  E    ZG \ F  =I\ F>  Tq\ X \ \ bkPKTΛ¥ \   z Φ \ :k^a   Zr S\ F F\   3\ c6k  q \ U  \   \0Υ \ R \ 1 L *  	[n @c \0U$@, \  \ gίΌ G[ 0:  _  UΥΚ„\ d)\ \ !qv    \ $Pyji  H\0 ΟΏu ΖΎg\  \\zWm\ \ WZjΦYh WW\"L \ V\ \ a J \ZΪΎ  \  ]   \ \ 04\ \ 4a\ «UQ  —  \n\ \ 114  \ Ρx\ Vtg Ω™X 
\ N    $\ z\ S . h\ vGp|y\ U\  ;v\ ;o !  h [!\ v>\'$   \ ck!  T /Ζr \0 ;  \0g O  |\ Κ‡ =B^ \ \ \ a 	 o  (O\ Q_ \ a # \  mo  s 5px i\  \ \ \ Y 6 \ z <p}ά<  4F   \0\ b-\    ]#\ M2j5 Pe  \ _\ 9  [ }  \ 4n (V \ \ 
\     \ \ \    \ G\0uR \  >   ?S~? \  \ <Mx> 4z    oo\  \ [ίΊ 4\ h V\ ί›^\   >\   ^ I     ?\   $ Φ j=Ft\ \  r\   \ I^\" 3\ \' W\0 <  \  \0  \ {zL\ Ο¨  - ! % \      @\  \ \ ί  n\r   V\ J t <^   \ |    O  ΦΏ \    ί£/   Χ― Φ·q _\ \ \  uQ =\ Ω―X&\ ]9 !k_L`ZΓ“    \ κ”«S Hά\ \ \  
s \ \ 59[GΟ© 
TΨ\0?O \    3S    ~qv  \0 ΧΏ\  {N\ 3\   \ \\P $_ m  \ \ <J ue@Ο©* \ /`-   \0 o >\ c WΟ§Β…ΟS   \0V`  ~o\ \ \ = % \ \ !=LH   \      } \ S Ο«A\ \ HH  &\ _\   \0x M]: \ J rE \0  \0    kΥ« J\ZO\ Ϋ \0ξ…€\ \  X[J q @ ?\ \ & Ju   \ |\ \  u Δ― \ \ \n KW \ \  -Z f \ \ `+1\ \ cK yV  =\0rZ {$\ \ ~ d\ .+   i\ \ A\ 6  ~\  \" ΞΈ \0Ju    \ Pgi  \ W \  \ & H M]< \ \0P Z   \nά’X\ \ .\n 1\ \ Z =hi\ J ZJR \ \ ΪΎ  c,N  | 02Gt \ \" [\ c    \ p	\0 z\ \" \ W  (c 3\ \   \"	\'  (\n #\ \ \ \ \\Ϋ’  H\ \ kΦΈΤ’u S \ \ %+d \ \ U=X c\rFB7 \ \ w40K { Υ€    W\ Lo     #\  3\ 
L\ J  j  |  j*^F\ \0%<w y  ^3  ήΉ\ ($ cY 
3’, \Z `^ D  \ m\ F  t  |@| U\ A\Z \ YV6 F\06 jMUV \ x\ o{[\ X\ VG  F   \ G I g  Dj\ j2j \ \ N z,9 J\ \ \0,n \ ]   \  _ t lbx3W W 	Bi =\ Y  = U 1\  no!K 1\ \ B\ &ά€>\ HεΆ±S\ P \0?F\ \ \ \\\ B \ 8\ 7  Q \ D  \\\ E> !Z_\ 4 \ Y\ qc{\ Ϊ  \ \ \  \0  7nw \ QG\ =7η n- iT\  V /,i ik \ Ϊ‘  ,Z  \ >   \ q \ _\   Gr I \   \ \ /\r4 Q Ξ­rb \ ?n  MK\ D >  x *g   tFN l} M#   zJE^ U\0  \0VzJ\ ΣƒC\"HB\ S\  \ %T 	^IK   \ : { {jG U\ 9 E\ \Z  \ h^F   	| a\ T( <   λ‹‰# \ : έΊm A@rG\  WΘ Ρ±Z& + \ \ P  3\  D.J    G\   \  uX    \ G =p  \ \ jK$\ u4 R\ f \n   a4D \ T\ \ ί a \ Q H\ u\  \0  3 \ ,\ tB \ ]QYD\ iK  \"WTH\ .     ξ‘¶  ;x  %G G\ \  \ \ \ \  qU\ T&5 VΣ‚J |    \ZF  _\ 7# \  \ D\  \ O  UPU\ gl 2SUI4 I,k  # }     h 7 \ VH     y N  U_\  N W\  zz\ i  \Z γ¥»	\Z    \ 8  \  hΛƒ0Τƒ }   T\ \ \0\ \  h \ S3E \   \ j r 6bZ  {\ `SΟ¬\ -rKD\ 2CJ\ ,\ -   I   ) 2\ I    \ ή«N M?\ t \0\Z i \ % q  B\ 8² Κ“\ \ \ tIm! { \ ΚXEA,h\ z   1\ Κ° Uw   m$Q*  ,  \0 c \0 mΦN(?. #I\0Χ£\  [uΛ³ W|s\   ) ea0nD  \ Ro)dΩ™<h $ ~Κ >ξΆΆ x\ H B \n$\   \ M `h O\   \ \ 7\ 6 \0W\  \ kH \ \  G[ 4D\\   [  \ }\   X \ \ bk   v~l  9#  v:N + \ZX  <   _   \ ^ V 7\ \0\ \  \  o   u]zΦ Pδ V\0\   \0 {y i\ l  z  \ \   \ W9 \0\ Τ”\ \ =5α—PZ\r% \ 
 a \ \ q\ \ \ \\ F$u   M     \ @ \ T48\ +G  7?A \  z\ ~}4E\r: a{H  7 ou\ \ 4  \0O\   \0o\    t \ _S\ M \0&\ \ {q    r()\ \ Q(8uT,\ \ \ \ 
~  \ >Μ¤Εƒ ΗΆ    y O\Z    so  μ§\ +η«£=γ΄¦t   ΧΈ8 :f Qe\ G\ ί‘\ 8` \ ~Ξ°jeq\ j@[F \\   \ \ ·o\ \ j 8\ Τ”  rQ   O i Q \ Dd|]8,Ay^   /  Y\ 8\ Σ@\ :   #   q  έ΄R =\\-Ek\ Υ y \  \0\    O =\\\0>ή¥ @ 7 \ \ k  \ - Η¥)V :   #   o  >\ O V\0 \ Σ’.. 7 \  O\ ^ \ : \ ?\ k ?\ {\  q=[ \ K  G\  -\ mX \ \  fXob?\ ?\ o\  } \ T  +Γ¬ [ ?  \ \ s\ %V  8\0 :  \ %  \ ?;.  g  {n-  h\ ] \ wEz \"  J\r 0  Z <\ \ w\\    i  :{ok <\ n\ ο \0   Ϋ­, r\ 3\r  \ \ \ \ \ [\   \\L  \ KF9[ w  0\n   FBA  :N` jI \rq4k u\ \ j j   B #:]  ~   \" 4p   \ \Zy+  d \ η® $d- A \ B qa$j   
rnG \ O\ZuU4 \ ΤΌ \n \ C  1  \ \ $ @? < \0     [ \ \ Κ\ZΚ΄ 1 qτ…¦«:G\ C@ 	,   \" A\ \ \  :  @>]e \ ^ %EC, \ T\ \ C \n   ZP R  8 Y ,H\ \ \ ά±Ι. X {  +  t [ Ω  G+    FRL  @J  BG  [ }@  \"R&s H i ΕΈH  A=\n\ n8  AMOCAE Ht4u>#    S:Ι¤ \' \   L Oe  v \ & \  \0/G e t  \0O3 z\ \r< \ ά¥~ ! ! \ e \ ^W  i *  \ /_4ΥΉ& -\ +kX wF\"Bj@3\ )k   \ _/  T\ @\ .  \ l}      # \ u\ 5: \ N<$   Κ©Q g  \ eC2Fb 6\0{n\ \ \ f\rΪ¬s \nS _oJ k!\ i  
_A\ k    gc\ \ M\ \ Υ°R3\ ν\ \ uAK<UtT i\ KB Df 	  \ @Ss( - \    / } \\Ox\   p Ξ\ %    C4   x RXzκ¦™X \0]9 \ \ {]#5QF\0\ D  t s \Z\n \ \  
 $   \'   } \n\ xi 	 GI  or  \ έ„ \ @G  m  	 \ Kpm G\ 5; E\Z β‘£+atK [ \ D.\n nZ\ \ F\rR= IYi  Σ®#j M<&\0f   5C   \ & e $ : OTΔ€@ )  m 4 # \"-Yc a    2;&z|-T \ U _4 $ \ %MI \n  }?l CS~ή£%@ w \ZH\ \ \ Zu    \ \ U  %  Q\Z)O : j\ :@  K ksuU \ {e e\'$ \0  N+HiA zy 6 %K \ \ \ γ§¤\ a\ \ I \ \ i\rUU\ d5K*\ \ * >\ O IJ \  \ Dx UE4\  R \ \ L tKYΔµtr\ \ \ \ 0 Κ\ hj`Q,k%\ \  )Η \  / c    \r\r\r \ rKNd   x\ Q   j /  >ts R\ x :\ (B\ \  9AP SGTO9 TrΪ­,~m\\\ \"  *\' \ ά‹{ Z\   ή“ Zc@   30 2J  #Y   	 \ / !H\ c\ \ \ iCΦ Ni\ PKL\ j 3  \  #/HF  RE‹KR \ rG \ p=  \ j:\ Ά Ο J\ TM4f bρ΄΄°\ \  j <j `diΒ©k\ j\  \ G xq O\ @# W 
n\ j  \ \ \ &  %  6\ \   \ Ρ¥E8\ N\ KC5  XH\ }< \ \ i  8 Ρƒ \Z \0.   n    \ #\ E_@=  q]   f  \  \ zm]   9!\ Γ‰ \ \ L\" h   jt  [Ψ‹ \ KK     O DV   8  {;Λ«I>8\ e?j :P\ \r Γ\     @ \ V\ ;B\ \       \0 \ {\  ι—„    \ ?K\  y  8  \ s\ L  z $<[ \r\  \0a     \ xuQ@kN J _ \ ?C ξ―¨\ uB*IBxΕΏ6 \0} \ \ \ HaN  C\ Yb\ \  {    \'=h*Πq\  \ \ \\ ~ \ ά¦+\ i 9 \ 3\ _  $ \0 sov MAι―‡ Pδƒ  \0   \0{4  74AI\0 y<s  {\ 4m ` \nH\ \0q <}  Γf36 \' \ T.\ 9 Q 
[    ?\  }} \ M: ^ h>    z ΠΉ    \ .?\'   \0\ 6\ ζ¨Z u Sb \ t  \Zy\ \ \  \0\ έ§$G_ [  z \' G\  \0^y>Π“A^ \ h  k \ \  \ \\Sz  W  \ oΚ›\ [ q  \ Nu>8  K bM  \0a\ \  {  !t H [  k\     \ \ \ \ u:8 \ c q Γz\'Ο­\ \ Z- \ \   \ ΟΊg u\ G~M\  ~/ Γ›{k-S\  \' S\"  \0X ~ _\   \ xΧ§#BΖ½I\  ί  \0  d <ONxM      \    Pi^ \ Λ  uPO gr P\ A bΚ«o\ QVVKS Ψ… f  `  G\      z`\ |D \  \05z    Χa`<Υ#O Σ­,7  \ \ \  \ b\ 5\ Y\Z \n Jg]d  ε‰‡ \ \ \ 	\ ?> `qΔ.  sA\rVfj \ x \ \n  \ d:42O!] \ \ \0 f\ 	<\0}\ ) \ Λ \   \ :9$ S\  ;H\ L\ tQJ\  jX  X~ }? M@ :n \ R**\ 4x *X\' -5( Y\ bqH 5\  \ \ TΘ†h J   e$n S=[)J Ν¨ *\ Θµ \   5I&9< \ P  EVK\  Kh [\ \ \ \  M Y  K   Y)\ \  Ι† f   7\ CWT+  Υ£ h hkΡ  ! \ x \0  t\'a6 4 \ V y[#Pq\ σ΄¨¬ A   Vf\r8    \ \ 
9 b \ \ \ \ *\Z\ ]\rU \  t.\ ,BSb t       U70@a  \    VDm< \"\ \ M\ t\  \  \0W  $ i&t\ Β* ‡ v \ ;     \ VR  g  \ IFhu    \ \ P\ P
 U  (\ .\r  \ B/ WT\ m \  UΞ®\  \ Γ΅7  U{  O\ \ Q\ \\5U\r V& i RS +P Ϊ -(ή¦R      \ I \ \  ^ s  \r\ 1 \ Q } \ \ I^ \ AEΤ!*% K_ \ t!)g 8*\ | \Z,\ $ h   (\Z\ _\ n  Ρƒ\ \  !C ~}%\ \ e\  k \ G\ O  `  Ϋ™\n R Η™ J\  5Ur4 MO 2J t   7  9\ / A\ (|K9 8  \ \ \ 7   ?  2\ IY  sq [A  _ EH Rl\rΨ―\ [ί£c\ \ jd  54_\  lΦ 3 :Ne(1    Β’ r C \ #  6 953y+5\ Η«\ \ \ w WL4\ \r\ \  yγ¨΄   e(x  \ \ \"   x\ \ c^ x\     +wI,=\ z\ \ }9f \ _R6?? \ \ SP\ K      E  LKQS 
e\  x\"  i<  Y5\ 6\ 	+\ \ Y 6+  \ Τ±   r \0\ \ ht 	-\rM1  wgR$ \ e \\e    [\ \nΝ©$ <~\ \ !   #\ M-^* e  \ , \ # i!   *\ i C\"   \Zzf \ \ % <{V  \ \ \      \ \  %`  \ \ \"  g      14Β E3\ `η•\ZV?/\ \ \ {\  κ†C    q,\ S\ ΟAQ \ ,M] 4W  έ…B:  \ ) ΟΏ~}n )\" \ i\ dH*\ZS\rL   Ty\\  x\' \ T/b$b. / >\0   -  zh \ ED\ WE\ ?TG\ D \ \n < mDXj rI\ ?\ ^ zby|5 \ \ \"\ Υ±\ RL\ 1 x\ Q/\ \ n?y_z#I:O^   K< ]>SH\ f *fT  L WBhg 71F]\ +6 \r   \ 8\ \ p \  \0%S4YJ  \' J e \ I#     G#\ V A?\ \ \ ή…<\ \ ΣV    J Ο‡[\ |A 7\ ? \ 7y:3 \"YX dXvV \ \n N?\ \ Qr v=  \  \  \0\ GX \ h\ \ \r\  \' x a C) \ \     \ \ \ j\0ODL\r8u #\ Ε­  \ \ \ r: \  H\ 6 \0
\0O\ \  \0\  \ U* \rGP\  8 ?\0 ?\ }\  p\Z   8\ P%  ?\ \ \    o~κ”―P$ \ \ \   / }  \ @\'=i W\ \ wO  O \ \ \ \  \0   \ X ,@\ R \0Ks _jcp\ \rs\    }KR\ \  y \ n .  A     \  \0\   _. ΗMr\ C  D  \0c \ \ \ \ q =Z  \ $ 0&Γ\r\ \ S   \ 3 bηΆ΅ ΰ¦OQ<gV \'\ \ ?\  \0   K  5\ \ \   t  ΡΉ b7 \ 
`?  ΗΌΞ¶Μ‹N n\ j\0   Sso  \r   \ G \ x||  
 ) u9#6~y \  \0    qB\ H =# <~G# \  = Σ½JH \ \ $ G\ \  \ {\ \ \ \ 4 : v \ \ \ mo\ \ \ ΗΊt Bb  JtF[ .- kO\ {\ #9\ \  u % \rm7 \0 o ?\ \ ,\  \ \    \ \  9?\ \ pH \  TΣ©1\ [\ .y?\ Z\ [ y I]  >]8)\ ΤΈT  w\ \    n= Hz OR  ~?< ?ήΏ  3    Ζ¤ /   \ \ < \  U =U? \ u{ \ VW!\ .\ \ ήΈά™(Q }\ 6 -6\ zb\ z  t\ *j\ _Ο°W?B\ l2:  9  \ \ @ \ t  \'\0 au \  \nz\ B \ \' q \ 4   Ρ†  I u\ S (`Or \0 Φµ  O$ 3 t \ U |t Z W/U8*\ L>.L~&}!   ]\ h\ \ L\ \ 6 e#R # n  p\ z    YF  ( Q\ 24    F\"  I   \ H κ”®  NR\ e    )%9\nΨ©γ£© IZz8    Yl\ u \n \ \ Ζ‘ Τ I   V?  \ \ f \ A]%l R \  ]\"\ -Et  \ y P ]\ :  E Δ±\'Χ«(\" \ _ ~ή1T\ 5 \ \ 4 \n$   CQMs \ \Z   )\ Β•,\ b\ \\-N:: 5 W i\ \ v\ [GS]LRT  \'q\n  \  $
,\ \ ,5sLe?S_ Ο²Ϋ   Y\ \ \ Ed  G\ N q 1  \ \ \ Tb    i *q5>7o#%G\ Κ± Δ…:\ f   A\ I   \0> Χ… \0 :~$m ){ f \ QCME w6ι’F `\ \ 6 \ \ E1I  z Κ’-)]\'M\ \ \ wΦ­   Mi\ \ ,D\" O\"Σ· > >  Ϋ \ n9\ \"4Nw-#\ Gid Fp H\ \ W\ \ \" \nrZ ά™\ J T\Z $    dk ά®K\nZ  S +o\ \    37 .KΩ›hRΕ¦I *}\ Eh ep\ hb  \ b2E   \ 
\ ;n{(I\ ] \ .nh  p \ \ \   zS K\ \ *\  I\ ( c ;# WN\ D B\ \ \ S+\ N] !J} \ tO   Q  -_@=}:L\ R  O$j& D \"Τ΅\ 	\ \ +  \0:4   16ΰ―µ1 2\   2i !E;  \ \ Ue$/Y   )&  M f Iκ¤†    `c EXG*F Ν”k\   \   . T|\" O    t  J  	    zq, \ W \" >E  & t   6}2. pΓΒ Τ«)\ \ \ \ v-Ι‚  y)  H\ ` \ *A_=`j,uT\ o\r2 \ bz H  \ ^&   n & 
 \ [\ Χ¨ CUNd      1rC4r} \ G\ (iέ€ TO \ 
- \'s = E; 4\ #LU\  0\ \ \ +\ C@r\  R\ γ­¥ >B ah)30rTPd \ #\Zi\"Τ―}AJ\ \ w \0 t v AH # N  \'   1I]N Y jt C, \nS  tuq& Y T[J-\ #ή\ \ U @\  & d   C.Iρ­„\ yEG    \r  0  x [\ - H\ \ 1   n` \Z  N Γ®yi! )Dn\ P    wa \\  8 *&i  IIc     QV\ +Χ¨h\ \ \ \ : \ b , T \ U\ #\ \ \ 4  \n]\ +)\ \ \ %  ΥΎ \"6 { \ ` $Wj  =\ q J \Z (k| H k<*ja \ 6 \' y!   hDw  $ oΙ· T\ M2z | Y\ aΥ 3:G$ Χ©`\"Tj   r. <UD5quq\  ή©@A \  $Π 	Ti^   ~\ i\ #   Z   L  f  \ 7[\ \ Ei\ \ j`Ω¥?\ \ \ \ O  G\ |d  zYie \ .    }K53Η²0bJyU\ \ $-u`~ [\ Rl5 i\ #$Qm\  \ \"\ \ 7\ \ Bpn  \0  CD : Φ°  o     \  tThFxuΤ’>   \  # n .  t    X3 7  c\ \  }\ PΦ‡ p\ : ,w\   \  =\ | \ * \ | }<\ \ \  \ \ \ έ   X\ z $M ^\  \0K\      vR\n \ \r)L \nH \0\  \ Χ Σn\ _^   \ ho~/    \  {U	) 5\ RI>]B10E  \0[\    P4\ zL\ Q\ \ X \0   \ P\ .[    \ \     W \ ^  b\ q~>  y    z}\ Χ¤) \0%\  O [z ?   \    |} \ tm       Ί\ ,   H\  k \0S\ 2ν£\  \   Z* \ Τc ?ΤG  E Ϊ› 4Pp V t   \ \ 5\ _  \ \  o  ==Σ‚F8 \   \0_\  <{ \ Σ©e$ 28\ O q\  \0x\ \ d\         \\\   ~~ {\ V>]f \"   7\ \  >Ψ¨% Σ  :   o \0Ψ‚	  Ο¶K H [\n=zr 0 \  8 ?\ [ m s\  +\ g \n  \  \0_ Χ¶ J\Z:v4V\Z Y\Z\'kn   W\  \  @ O\\ 6$)   c\ <\ \ Z \ t\ Q\\ 5) \' \\ ?\   Ol \Z \ Χ«\ \\ \ \ \   \  \0 {\"    ΥO  \ rVi u\ ll  i \ZA<{ 
JR\ : \  = o \ _ \ V\ d\ \  @  `t#ε‹a mwnΤ¤\ \ \ I G  \ \ 1 F\ \ \ WW\ \n  Κ\\  J F  x D\ J 5  \ \ <u    HJ   )s   jY\ Ω–( x\ v]^ b Z\ \ k   Ο¦\ q\ Γ¦\ 5i <.\   f PB   +9  U, z  ?_z \ \ }N  0 \ G @ PF\nO   Mr ή¨& \ ΦΏ\ ή± V \ \ ΣG3Q]Y S]6F  J  ,eBI  “5%=9B9n/~}\ 	\ \ \ Bi  - WK]~TI,\ x\  \ 2Mw *y   \ %  ]\ 4   \ \ i _\ G6  A \    ^ \ 4*Z t)EU\n A O ! bz    y,A   A$  \ )*  K-    
 oKc  %p >\ \     \ \  KM \ f   \Z\ θ’/)D    1\ V\ U9v! v7\0 zh    t  \ S,  ΒΉ \0W :8     \ \ \   -O   2x\r      k1Κ« \ mx   \ 9 X\ *Κ®Σ‰5  \ r  \ \nF \ \ Π‹gά—ΗΈw K Z Es\ r\ m\ 3      kp \ $\ VΤ +  T \ \ zD )ήΆ  KN @|b \0a\ \ o -\ \Z  A\ #ΟΆ\r\   .Y \ ng  C \ \ a2}\ k)=n7+ \ rGL   O 2p\    BI? Y RA }M \'\  WO π³² ~}\ *&\ 0  > .%: l\ s >\ \ Γ”  |\'_ GR\Zz 7\ \ jJJ<1  c8h\ 4O
\ 8   P   ,\ ] H\ N \ \ M D \ i9+A AV/Y s ecq { i1 9 t   * \ \   l 1 F ,^>rG TRl  b`   @\ ~]<2e l Φ\     =IRiD\ ΕΉ  i\ZY(3  \ @   cX  \ s d p\n  Ac    \ e  nR%l`L   Kl\ : t\ L%Z\ Pf\ \ _  fQSη¦$ΨΊ\ \Z;\ \ \ M \ \ U
\ \0,    [ c \\ S\  W \ \ [+    \0yq\r\   \\s  T \ \ \ B    B   \"f Y  j  e    \ K Ub *i\   \0   `c f \ $4\ G  Ξ²IΨ• c*\  y \ \ `    C f1\ :UΔ„ 5y cKw IRF\ α“ƒ  =A\ o\ #1\ \ w  Jj V ζ‚  >\ %H\ *H   p\ έ£G\  *	 $} \ \   	 \  \ &wrS T  \ \ IM&: 9 Κu\ I54u\ \ \ 
H )WMz }jX\   iQ   L  M< \   \ > \ k \' \  AV  I 2   \ #VJ 		* sκµ½\ |  a  $v u  \'%M<2  V  Mehu [. \n \0 \ J\ \ \ \\ { mD  n N US/ #\n \ L! \ \ DR\ ] 
[M 7    @  \0^\ \" jf  %Z\Z  \ by gi\ 47W 4 a \  \0\  R  ^\ \nt(\ \ 3\ =R\ J   H `  ]t\n  \r$ m$   \  \ O \ +  -   έµXm  J  \ \ 04 % \  z \ &\"h \n Xa \Z~  = M4\ B    \ nk  \ Y+1 Pz $\ T\ .#D ( ~\" 5 Xι±΄ \ ΣΆ $ Ha\0rx  pR8  M  \ .
O, \  ;  ^ <\\0 }o{ o A {z |\ I  3N TD  \ ΝΏ \ \  A  t
 \ , L G\nu\r\ [ 	 ~> \ ~\ V+Γ  Hξ·²  \ &\  nG U V P  P\   \ \ H \     \0n      d\ \0  \ \0\ 9\ [ί\ Λ¦$ABΓP$   I ί \ v  \ -B\ \ Pd  \  \   \ G5\  a\ |\ \ }(nA\ \  Ϊ¨\ \ {  \ \ Jdp\    /   \   Η\ J\Z I\ #\ vN.\ \  x ?\ \   \ \ \ \ \ Tu\nE[-`\ pG\ \ \ d\  \ ( E  \0%% : \  \  \   \  
d ?AJ\ _F       Σ»Ε‹BL *\  7      q   D\0 . \"\ \\\ \  _ sΟµ  W  NDM@< Λ§\ A   Χ¶I \ Ejr 9$      }9 \ \ D\ Χ­KTPE  \  \0  _ \ \ o + 7 \  \ 7\ \ \ .  SN \ *  9  \    G | u    \   \   \ \ \ oΗ¶   \ \ S]]sh   \0  \0 \ \ I \' \ sΤ\ R 9 \ \ Θ·<\ m,Β•X(s\  \ \ \ \ \ \ \  l  ^  5    Eb.  \ \ [  \r Τt .  u.(I7    \     \ :p  \ 9  ^)#h V\0 \ \ UΤ‚EΤ©>\ EA  \ \ \ ! \ \ \ \ GC\ t\ .\ \ W-\ \  ` Ρ<\ N	 + e Xe d\ f A,=\ \  dl7K\ _Β²\Z} # =d ΟΈ.\ \ \  &A_ \n\ \ @ @s \ >    Κ« Θ―;Q<q\  \0 1  9\ A [J^  \0>T\  CGOWK+xd }n   q!ΤA [\ \r  \  =\ \ i> N y\ \ZK\ |  \ ,P\ fh\ XA\r4\ 5 Q\ : \ V\ vK[ί³\  \ \\ GΛ¨\ \ U	\   \ pQ\ ;\ KY]N   P ^^u) \ x:ΤΉ\ >  `b	 \ =   7 un\ \ \ YX  p 6 \ 2 \ b  j % 0\ f2 L F  1Ch\ \ H/  \ 4 hM8   {e \  \ f s\" r \n| C \ \ \ ΩΟ»\ \ \ \ \ o   )Z L ?\ \ \ Ε‰Y\ \ G*Qn\n ) dI$  lw- 	
I\ \    [ \ /  XE Χ‰\ 4  ~Ξ\  \0 \  =a\ AE  Ϋ»>$ l\ mάΌU\ /   \ W\ \ $\ \ O^ΘΎe.tZ\ \ W\ <[\ r   \  :M\ Q((	UJ O? ~ή \ 98  <   \ f;\"   Z Uu%,g \  ΣU i2Ujc \ \ T\n, auR_D\  e\ J x Σ‡H e   \ \ S  >|?gJ,>\ \ _ή:\ :  \ u TC 5\  X: Ζ΄#YF\  \ \ C: _	r\  \ -\ Z$ (\ eιµ\ G|b7  #  \ ^\ \ \  {\r 2   \ Y #,r\ Ub ! )Ml \ M4  rΔ›  dI\      Ξ΄ s$+h\ \  c \ \ ta \  0[crb9h\ \ \ - Q  
\rTR\  \ Z  8 \ \ J|~F  WC  Π \ n\ m\  \ + CΠ«gΩ―  \ 	    I(6 \  | \    \   \ [ 3 ] 4 OM ί»\'!O \ \ `|3e  \ \ ™  pC\ { \ \ \ <@?\ \  t }  n/? X
\0~\   D gbr :N\ \ \ c Γ· $\ \ K-_   ( Hb@ M4\ QQ \ H   o-\ -D Y=G A  \ \ M6  \ + \ y f [g \r\ E  \ \ Z\nΫ†\ \\sA F \ r2\ * J q Q\ \ \ :x\ J! Q V \\{ r\ \ b\ \ 5 \0g3I 9 C c  W  62H 4 A )\ \ [oή\ \ *ο΄«\ 9 \ >*  zD TΣ¬\ Ya \ OL!\  \ $rL  I\ i4\   7 T p  G @
\ Wέ’\\Y  \ 8Σ¦	z  \ 6u^ vA \ e \ \ 3  Φ›   ή‘ \ryβ΅®   T aI 2\  \ ; ά² &\ 57  >}!<  w   \ \  ? H\ M  \ \ \ [W  s]  \ $    \ / \ R δ¥© UjwU Κ H \ 4K \ \ xtZ s>V>\ H#\ \ ~}0  U$Y NJ *G5\ u%l8\ m)R \"&F   4U7#\  \\\ 	  ,y:\ =z \ \   >]4yj\ \ η§­i\ x ή―]T\0T![  q=-t2zΚ’Ap\ E qB5\ \r+\ oL\ 1  \ \ e H   M  + x\ G D\ \ y  \ gU*A \n    W \n  X|.\ _  V)\ 7\0 Ε¤ \ n=Ϊ‡Ξ½x)\ Q^   \ Ξ®c\n * \ 4q Q \ 4 \ M8   \ {s\ \  \01Φ΄   C\  \r STJ \ V 5e-$ )P u\ g*> \ Z  Us\ Υ± \0)  ξΏ;\'] LX  \ ` }0& Y )U&  qQ  d 4Q5 \ }  :Ε―w F)X` C \ \  \0  W  =n   \ Φ   \0M \ k Zu  \' \  \   ?\   MF \  pGQ$bn M\ \ 6 _w\0\n :ΠTwu P= bJ \  son \Z+\\t z,  : 5 \ \  b\ >   \ ] 7   N UO5\ \ \  _n\   : Z     G\   \0?\ {    \ | LlM  \ O   j S  \ Χ¨ !\ \ \ ?\    s  # 2 : $pE  \ v n  \ +η›\ F\ \   \0  \0a\ \ pqJt\ \ \ _ &\  G    p ^3  Ο†  C ;+\   \ _{S =y   M\ \'η›― j6 _ }  κ²”  E  \0%\0i\ Ju C}l\ so\ oeuEO=]\Z \0Δ   ΤΌ \ \ AbE  6   \ \ [Ϋ \0 X]/ >ή\ [[ _\  ?\  y  \ # N  S : _]@Ϋ‚8? \ \ \ \  MX\ \  ?  aΝ\  \0 { ^\ 8\0 \ \   \ }\ \ O WE\ Q\ \ \ [Δ± 5    ?\  k 2)AΤµ  }T

[\ ?\  {.j\ <zX(\0\0u1  ~x _ 6   5 \ R\ @Γ‘~9  \   \ ; g  	}M 5N./ Γ> \ ΥΊ (\ \ SΝΎ \  \ \ zS 7\ Τ¤  X \ Z\    \0s\    \ Tq*  \    i ΥΊ\ \ \ }67X\0\ >\ cS \ }jo  \0><Wm \ \ \ $qX v  \ P\ 6Mb   f\  \ \ \ \ \ % \' t}   sK2 ιΉ‹y\   \ \r\ Gc , 8~\   ow Wc \ FΕ– \ \ a \0Z\ n α¦  T * V\ T =<\ EΤ± \ \nt A \0 \0g\' \ \0 Χ‡B \  \ w\ \  \ \nL  W#[Z l 1\'  v\ \ 2\ B\ \ $  T ]%   @ d \ \ \ 6\  \ G lo L\ \ r}i \ : \   :\ /_    9C  7M \ VRΥ2\ \ J\ c   c*  X.  M \    \ \nUJ\ } Hqr Φ’ H S S \     \ \ \  \ \ \ nΞ¬ \ Ββ³;~   \ LsΪ²U*(j\"Y   NA6  u    \\   hH\ o\ QGF q .\ Pή  rW\ d3;_S&Fj\ \ \ S \ 5cep V<\ \ VG 2u h$bj$eW X{-}   Wj\ M+  tf a j|     A G\ RC Ϋ»  am  {_6 \ Ρ‰\ EOG  \0  Ϋ’\'  8)dt  \ + -0Π­ .[{  JNΘΈ 8?\  \07OCi\0Φ®IBs\ }<  n/ [S    \ \ I .   \0 4S
T\ m\ E \ ΛΊ \ O \ QxjlKML\ =(M\ Y/\"\'E  \Z\  k Σ,b*tQ \ 8R  η\  g\ =Υ \ m\  \ \ {O 3C\ I  ) #\ S\ v\  SΜ΄\ . : ig B   SγΊ–\ s Y \ \   <z\ \ f\ @\ P Q  \0\ \ \     \ Ε±  | ~  \ n&\ \ Ψ›   {c \ A  ]    VI(1
 Zh d}s <  L\ =     \ \    k 4 \0Q t (-\ 3%$T \'#\ g  \\ q \  3wf  Sbq[ qv \ z  $  u\ \Z  \ \ Sh\rH\ dv\ ,:(\ \ \ \ \ {  τ‡™·  L \ _@=?\ \  \ v q\ \ \ \Zf Ι§z8 k\ F\ ap{[% 0 c \ \ e\ K<N\ b \ 	  ]  %4Ψ°\ 1\ Κ―,(Ϊ”  R[\ 0w  x\  \0 t   \r θΏ\ ? p\  ^ m  \ 8\ r _=ΡΉ<d D\ 5f/   \ \ t | u\ J: Bb \ \ @β©†GIC$ I\ n \ \ \ Pi\0W\ Νƒ\ z[;\  ΞΆ| t\  <:
 _  \ ,\ y\ p;Om\ 5\ Ϋl\ Μ½~   RV\ \ kq  x \ \ 6  /Nh \ cUΛd\ ~\ 5  \0 F  ΫΆ+- \ η“\ O   [ \ \ \ ]   vSM/ S@ U5 RW  s\ 3   h Φ¬ S  \  O(\ \ vXasF$ ?\ Η¦V\ B\ 2)LR  \ h\ |R\  \ ή»  ,\ \ \ 5 \ a a  -  \  \ \ \ Κ–H\ 1  Rw T  $θ·µ05Ε¤,ec   \\yW\ 9\ AqX\ @\" \ZΦ« \ 1K \ < Ζ\r    \   u   g  8\ V(<qx#zxn  ZMCX:}\ \\\ \ \ B) \ :U,V ΖR  ) \Z ~  \  wU6\  \ 3\ \  * \ I   z<    \ .DU\ \ \ Nir 5 \ UUuΖ¤* ,}&   2έ\0y\ntR v\  Ku\ NΖ¤ S_Q\ =8t\  [\  ?;  \ WFC-H ~ }S\ M<\   \ k SIMSFU\ \ \  \r 1\ ~E j”ιΉ¶ F%Ν5 A\ + \ \ \ \ ?\   {
j\ \ Y\ \ \ \ OW \ + \ Ο· \  , d *Hδ \' \ \"bx\ c\ >oά  R #   \ ySj \r Rx0\ ?\    _Ι‡  i\ Vo\ ΩΊ zΚ+ ]T	KE  q \ eh p\ K \ b+  \ \ \ \nuPB f  \ xH  9\ \ v\ κ–
Ζ΄& gΛΆ}\ _\ s \ \ \ } \ O  4+6F  	>\ xO\r; \  \ \ \ R\ Ω£   opci\  	v> 6\ iOJ [?&\ Vf+Rb ^ \ κ–Ά\ \ \ \   Q  J  |  \  \  t  	 \Z {\ ά‰ 4I4f Β£  \ 	m\' \ \ H 3F z\Zv| \rzF R!\ EM4  SqΦ_ h\ < \ \  SH\r \ \ (k  5 Χ­ΘΏ \ J^    \ j\ X \ wVY\0e\ \ 4=s   \ a \ /me \ Φ±  Z Ω*i  n6 Y  i-   A    \ # K\ =\ ]\ \ a 6Β† \ rί°P~ή®U\   &  \\   \  \ Γ¨rAu X[ G\   \ \ Υ a\ ?\ 8 \0  \ V\ . \0\  \ .n> {|6  \ Χ¥\ Ζ¥z 0\' s  G  \  β¶ :M$fB=\ Ejk\  oM\ .\ Ϋ \ Tt  \  \ M   / \' vV*j\ OUΣ Q ?\  ?\  = j\ @Q]  7\    o\ \ 5 9\ @ 1\ \ \  ?^G \ ΫΆ  \   t\ \ 4 - \   \ \ > :r9\ Γ \ [\ \ H\ :g n QM\     Η“   |# t\ ,c l.E n  G   \0 2 \0 ΛΆ\ ) \ 5 Q 6 [ o 6 \0oμ®Ώ\ \ \ \ \  N     Υ½ @ (U# @  ?6\ \ /`\05i   dJ(\ ^   Jqc M\  Γjά©   AN .   ry   7  NMz\ RQo  so  \  ?\   Σ±*H ^   L 1 \ \ x   {I  =) O S?Τ#  \0  \0[\ Lε©“\ \ ε³   \ \  8?O \ \ }o ρ£›¨\ \ n\ [\ p=\ O  NP\ @\ y \0g ίΟ΄\   # \ \'Nz   # kX ?\  \ OB  : J \    \  \0{ G \ zU@\0u0FE [  \  q\ \ r\ Au r \ Lj~]8 \ z\ \ [ cpM  \0H \ ή\0 =9@< >N o\  \0* 7} ga‰0[\   %z v\ δ •2gt\ , _ st \ *\ 	: C 1H\ \ 7Kk}\ \ k9 c\ |  :3\ /\ \ ο Ώ #R &S\ O\ ?aΟ—_;>\ \ \  Ro\r\ Φ»Κ‰ w&\ \ \ }  q\ kh \ b2U4  \ @x$  \ d N S\ \ \" \ \ {iV F\ O F?  \Z\ \ \ 
 \Z H    \ \ \   \0 wZaq=  T t Rd \ s0\ Μ’TΪ C)\ u\ Lu0Smg   9 V  \ [T) \ \ kε–\r \ P`     j[\rO6f #	\ZIf\ ΞE\ \r \ 
 $ \0O`Ϋ·D  3N  /6Wx\  _.  U {{u\ B\"+. ( 5\n  ( 5   6  % `r\ | \ Δ†IU28tU G vF\ \ = \ έ©  3 ! Z\'ί›\ 5&y\ 1 = E\ \ gst\ Χ¦     P   = 
\\\ ΞX \ H| u1 4\ \0 4. x\ ]5 \ < c ?: \ x\ ?\ 3\ /TtΤ½\  _  \   >\ \ E i .3l\ o α«›  \ TvgSW&VZ) $    \Zty   , \  fάTG^g[\  Z\  \0  ^\ \ juz   -O  \ \ \ l? O\ ;  &   \ j \ \  Ρ»  \   \0 r    v\ \ ήΈ K     ΨΝ¥ \ B  L|+\ $\ Y V<< \ )U \ \ |   \  _ A  Ψ¥ \ =\ \ \ UI  \   y\ q\ \ \  {  \ VάέΏ;\Z vQb\ \ \ \ 6\ \ \   ί, 4\ \ \ \ m \ \ a   95\ OR 	\r `^\ \ .7;& Y\  [„c Σ©g\ v \ 8ε³½IA   ` F > \ Γ£  7E\r~- -GSJ Γ•P h %  r\  \0   \   O   Ξ\' \ \ J\ : Z h 0  \ \ U$q R \ {7 \ (   } \ Ug \  i \ { Γ®T5 I\ r\ Β΅)\Z\ \  2 <  \ \ F*k 8   \ :    ά³\ E  az\ vR\ h\ \ VZ u  \ \ e  \ Ω΄   54 4  tY\n  *Z ? @ K*$Δ’    n	0  }r3 \"rlXp~ \ B 2:6 SE  `~\  οµ¦ Y    QNK ,\ v  0   \ \ 6      ΕM< :C 1\ Z\  y \ \  E    \' Φ°x      76f  
 \ \ M\ i#Y\   /  a8 \0W o \ \ \ \ \ \ \    mg2  ,R\ \ . \  n\ έΏΒµM=~[, \ 6>Ω§   O \   lt\ y8\ yg}\ Z; + \  :P  { \ :o\\Λ³\ ~ p \\  .\  \ PH \ \    \    ;W\'\ έµ 3\ \ \ \   Ψ™ΜΆ\ s w ,;k  v\ ί»37)\ }  \ \ \ Vl\ \ E]WGOV tδ‚¦4  H\ Ms\  1\ \  \ \ S~\ \ c\ \ W\ \ \ 4 G4    8 \ _! +\ n    \  ί  \ [f\ \ {iv\ \ \ Λ” 	h!\ \ Hj+v \ WES\ \'   !   \  o\ f	]E )\ @ \  \"m \ \    \ \0@      xtdz \0  ##p     \ \  \ \'\ n| Γ‘\ T\ $\ M\rR4;  Τ‘oeQ\ )  m\ x  Ε8 \ ~]( \ 3%$ x\ \ 5\ 6 ya 
A \0\ \ WqΓΆΫ•%N \  Ew\ Hr  E  ,\     (\  \ /rΝ\ \0 Η§ z$X\ R \   /.   b}77X %    -   \ \ 5%   z Djz\ Jx 3_/\ \  ` E \ < ~ B s5J  :   \ 
[\ 0 E\ \ O z~.  \ N\ \ .    hvn\ Ω²\ S8W\ cr\  ^6* * \  Θ­f`\  <c 
o ά¬l\ 	$    ?\ \ 3  6[m \ \0 Q;   Io  {ch\ 6F\ Ϋ›3ib p gjaq so\ h \ K \ \ \ ! \ Q  \'E=$\n  X\ \ I   D  pΔ F \0=\0c\ \ \\M$ 9i] |\ 5\' v  l Χ›\r \0\ \ oo \ $  \nXΖ£ x 
~9?  ~\ C)P: \ \ IU\ a\ \ \ =  Μ¥\rQ$ [ 	6[\ \  ί  , 0F:l u  7 7  ~\   G>]$ @\ O3\ &@ :G   \ \ \   \" A 0¶ \ ~   o W q9\ 	V\ .\ \ \0\ \   > Pxu\ qΓ¨ \ t i7 \   Γ› P \ W \ u\ R9_   \    \ 5ι‡ zo \r \0O  ~y {\ \ \ 5:8v  \  \0\  \0\   }e@/  \ I\ \ θ£•\  \0_ 7   R 5  k^ \" \ \ \ P   \ Φ¶   \ \ mO\  \0 \ \ H \  \  \0/_ ΦΎu  \ Ε^~    \ \ \\Z\ ΕgX?Τh +q Qc\ <q   \ ;\nq \ 9\ \ Gp.\0?  \      \ MN:Ϊ­x \ \\1Xl\ Ψ¨  \ Ϋ \ y? \ \ I  oR \0l9?    \0  L\ ^  (  H\ Y\ \ 	\ o\ Χ½\ ~  Φ΄ \  / NBm\ \ [\ O\  \ w\ \ T \ \ 8G \    \ .\r Π³0\Z N J L   M    \0U\ \0Σ¥h 1ΤΈ\  O\ \ \  y  ή_ (\ Y\ j \   \0 \ \ q\ \' YTR:   76U \  \0!q\ \ \ d\ \  Σ©1 \ \ 
 \ \ \      ^\ , \  p J \ S\"-\ \  \\_    Ι¨ :h*3\ H\ \   \ \ 2\Z\ HΩ‡\ RΓ• J  \r}\Z \ )  Z \0 \ HZ9 3Σ\ eΜ¶` \   ΨΉ\ ]    l,HYC  \ HT3 =  B\ X bX \0\ /i~\ \ 5r\  ku&\ | *ά΅  QXΚ\ w T \ K   Vg\ \   \ \  X\  0;
Eά›goM W ε¨«\ \ j]  \ 6n\ \ 3Τ   #W Q\ (B\ 
\ n\ m   \0 F}Υ¬Ε½Ϊ  Ϊ—\ u$F hr8T½o   - \ \  6m   BH  \0H\ Q 6M\   \   UZ  M YA d$y K 2      r\ \ u 57\ L =I    -hq tv;\ 
G[<   F u \ \n  \ \ ^\   n  \ V<z[\ \0+\ \ \ |\  \ 9\ \  S\ C<Υ /\ #Q    G^eK   \ .! +) b*i  \  oP\ \ ~\ | T\ Ϋ2   έ³\  l   \ G\\v >fFά”I\ ζ²ΰΆ†/\ x\ R     c vp\\  Ψ§f  i {k0 \ {6
    \ \ a\ ο¥…o`  M \ \ \Z  \ O  tm? _5 n   Ω†\ \r\ YI \  q \ \ \ bv| h\ WQ  U;\ G   \  ZΪ\Z     \'V\n\   6\ ^H    }4>%tΤ&\ 9\ \ W\ \ \  \r\' Ω­F\ b P  \ <I Π‚   >  \ / \ s \  \  6N \ C\ {  v hg1 \ o \ ]k \ }   Ϋ»7 h AW\ s\   M   5\ 9 7gz& \ ΡΊX T]\ \ \ ΖΎ\"\ >\'\  u (\ 2M6 ~ \   O\   Rx  6; \ \ ~ >\ o  ίΈ \ d -v \  wt  R\ \ Η²v\ ag\ ,\ g?O@\ t _  \n7 * 	\  \ \n$\ \    g x b YEhB @ $ \ =Iά“\  =Oy>\ \    |b    \ N  E	 I\ \   \0f\ v ;pV\ \ \ r[
t\ \    \  KoM QQRv n.&  \Zh\ \ - N$   1Y\ *i   c\\\ \ \' Mb5\ ήΆ \'\      o lq^  4A Rc  \ \rI\ n\r  Χ£#\ =R\ W\ &  *\ \ $  p\ ΚΏ\  \  O\ \ \\\ C>=!  4  \  \\h+ \ S@@O,\ ,\ vM#N   /} {l \ Jg \rx  \ \ M*1AMt  ;J\ \ $\ m, k\ , }A<  Υ­\ `O\ z 0   _6\    3g<  Zp@S @F\ iP\ 2\ W \    #\0 c=<\ b Χ§\ \\ _  \rI\"	  \ Τ•p&v\"H  B   \ / vΜ‘ ~\n8  ~}\' \' qU ~\ ^ /e ?_m}ί\ -\ \ \ \  \ Φ¦\ n v\ 
? \ o\ η•® 4 X |      \ e \ Bk   q\ yH1\ ^\ \ -\ \ !W\  Mx g\ \ ›  w\ 6 n  M, \rn\ \Z ν€®u=)Z U; ΪΎ\"\  ΨΎ \ ?  \ G\ [3hPu7e|vμ¨:k=   \" \ m-\ ΦΉ \ EE  Y} K9  =]<\   T2 \ \ ;T\   \ \  H\n 1   z  \ n  Ν―% ei Ω‰ m &\ \ kU: 9 tL:   \    $w\ Ν©   6 >Gi/xv \ Ξ·\ \ \ ]\ ]  \ }7\   , m  jx& !\ \Z j Ι¤ XQ6   i \ mΤ― u,| T  V|  [- v y#K  L +  @P=I9\ OWc ||o\ έ―C\ k \ o   b k   C LN&     \ $ 5j \ \ \"  X j\ _ \ \Z\  $ΧQ > X Y\n3 \Z  < \  m{|\  ,\n i\ 5\  6   \ Χ  \ ^\ \ \ \ |=6_/Y\ 
n\ \ \ W.S   y*\\v2 \ \ \ \   zi|\0D \ \  \ . \ \ G )4`
q >~ \ T\Z!Kr 1   c  Β§  a  γ£  \\\ CF	&m\' .H
p\   *ΡoAΫ K N?. | Y A5k\n  
! R r~ \ m$f| \0  ΛΒ§N    l\ S  1 1}  #  h R Χ™T\ Y      Φ± _\ \ @\ \ Q_[ h\rq\ wΝ‰\ X\\  P\ (\  \ | \ \  \ TP  έ  r \ \'\r  \ \ r/md% EA \ M \ -4X-T . \"(\ \rί›   ]\ \ \ &  BBt+5v H@k@EM \ `\ y\ Ivk  b :
  2I\   \ \rT bHΞ“\ Φ?\ \   9]Lw;n  U6n\n\  sE \ K 4Y  \ \ ) \ 58jUD\"6V  \ !{\ Ν³ \ k \ \ \ k  at)\Z C 9   r* !  \ G  v\ T\   v \ v \ \ m\ \ \ ΰ―‰$.\ZF\r $jW\ AΣ©X\ 4_  \ \     \\\ \\\ \ Γ¦   > \ }@\  \0_w\ =z i\ gP b,~   qΗΏj 3*3IP1N \ \0  ?Qk_    @ \ Jα΅ I$
[      \nu:a   P kp  \  Γj \ $ee\'P\ P  \ \ p\ \  \  4 q\ b }B ?  \  \ 8\ \ \ \ 0  _ \ Be     > _   I\nγ‘N<z \   \0\ \ NG ί·\ 3\ `\  \ $ ; Η»τ”―\ 1\  
}#\ K $ =\ \ Χ >}6 }W \  \   \   \ 8 o \ \ \ ? u\    \      έ• uteF \ G  ΧΎ  \\ @+o    \0_\ X\ \ \ B \ \ \ < p  B-  Pmo\   \0_\ Ι°  k\ u\ \ \ K rJ  \ S ,~ \ 4   t GRΒ€@[ \  \  \ f9_.  t  :  \ pn~ \   \0  } w\"  O IΠΌ: :M\ ?\ ss\ ΕΏΩ¨ \ O : ,ί‚4\ r@  8  1  b  G \ \ ί‚\r  r~  Η½j=Y@ S   A \ \ z 4\ 2\   `IA > \ X N U I  =Ω…  S   \0ZΦΈ Μ²  :q  S ~  76\rs -\  <)\ \ kQ   \ \Z\ \ _M    l4    hA+\  άm\r  \   O \\]Ul4 C	  D+A Y S \ V p+hm- 6>\   \ - hά·  \ m
\ G\n\  9cE3Π‹  r\ 9 a\ W+5\ \ p\ t `Θ¨  j\ TT)\ UK\ y \ \ \ \ t\ Q $  \ Ψ¥50\ 9 .[q |23\ / *\ 3  e#$  \ \   K \ u\ oh\'  έ‚\ %% \' Λ®\  \'(\ \ ά§ \ 9K{8R8Υ²\ (TF   Ki \ \  U  \ ~9	 /l~\ \ t TRt\ \ c T i      __F 5G  ?  Τ΅\"( \ (\0 7 w  ZoGl  \ ξ’xRE Ι…> \ \ έ‰7] p\ # \r\ \ Γ°/  +Z  	  7 ο‰µK#;dzw82D@\ 7 ) I [ }T\   \07 /\ eT  $ \'\ \ q\ d\ em \ @\ \  l\ \ \ \ `&: \ \r P  m  . \       ^  =I6\  \    \ Re \ \ 7 5uI, \re FR  \ 8 y  i Y	$9 =? 4i\ \   [\" t \ h)\ 1  z\ z`S or_[ _\ $ /c\ Ε»  Jd   G\  \    Χ› !F  zi\ έΌ\ \ -? \\\"Κ”Τ†*I*aH\ \" kcu$ \ \ w;i  j\Z  ?n:U  \ ΘΉcΖ† \ \ f\  Η‘ CB W\ \ \\\ \r    \ \  k \ Ι¤  Q  f7εµ¨  3X*\ [t \ A  \ \ \ ]NΡ™& X v\0| JJ^  %:Elb \ -3\ G \ P\ \ \ T\ \ \ 5|tp  \ V\ \ QL #S\\\ \  \ Κ \' \0:hL  \ I  cΒ¬I \  \0  G \ 4 B 7QJΖ«+_ JL R+ \  z   \ \ F R\n8* .  Y Frx  
\ \ .\ @Xzt  ~ \ \ j |Ο™=a\ J\ P\ p\ ^  I* %\ \Z \ \  \ Z U% \ \ WUTp \0N\ R \ \ Ζƒ\ \   & r^6\ J T`l]X Z@l G\"δ©½\ \  
\n  cI|\ \ {8\ C` +8 \   f&\      \ p =<   \rGA 4 IP\ X\ \'P\" \ \ ,.\06\\ s  `X   2 z6-b}    (  X\    . \ 0%  \ C* i \ lt_{1   :f    / \ \ \    \Z ά£) \ f\ \  \ \ 4AS8 \ }- >  7  ! Jq \0Q  :b- h Z   \ < \ ! \ \  e ) O= \ =L9J\nj }B  Z β®§   \ l k  =   \ j T \\  t & U  1   T\ \"\ |k\   ή JΗ¦ Iq \ \ c \ * j\Z|=53P4u \ \ FX  T \ r ;@*}c _. YoaQ   LΗ‡\ xS i \ c\ ` \ a)\ \ UT\ \"\ \ \ \ e S  \ 2=Ρ®?6> wX \ 	`Κ\" Y\ rd    \ c\ c\ \ \ R Y     .
\ bWΖ©,   } \ I F4  I\ \"   [ $ ν“Fqxm\  \ *0bt}&  \ } \ _   \0W  gL  !\ >_\   s\ Q  fm\ *o \ \ H \0R=@ ~ \ lA.3 N \  ]\ U      TG \0 KqR  7vn*8\ >\" 1?\ Σƒ\  #lΨΌ # \ \ q\ TwE \ 5  A  W\ i  \ ΩΥ  Wknz > \ \ 2xn    dk  \ +f\ \'z]\'KH = \ @+\ }\ K \ - @     b  \ K Ke oΩ­ Ζ~ρ»”  X T  Λ«/\ g\' \ I! \ \ Γ·\   /UKS\ZWEr  W\ M& xFF    Δ,O \ \ \ W    ,,     ήΌ@\'  \ vKi ee  Id \ Gi\ B}\n >9 \ \ 6.\ u\ L>^ Qk   2  Η”\ \  \ Δ! )\ \  \ \ 	  \ % (\ W\  Π M4_ 8RD%$\0T\ kRT]$\  \ \ \ \ | \ |         ` 	!%   F\ @  \ \ ·Ju\0n ί‹[ \ X2\ C\ \ 9\"  0 \ \ ί  {\ Z#\ uH\ Ν…   \    w \" Q G x  M     \ \   \ \ \  # t  	p\  \ ί  Z\ N>Τ«\Z\  \ -AS\ w y  ?C m\ \ \ O 	 ι‡„(\ \ Pe P	\Z ?   \ o~ :  \  zl 0	 \ \  n8  >\ !b5S \ I\ + `x# a     15\   \ <8 \0apO ~ {sQ\ C` XW \  Ε›\ \r  \     iΤ•!xΣ¦yc\ 6k ?\ ΪΉq`\ ΚF J Χ¨vo%   \0[~\ }-μ®‡ e+έ« O   \    ΠΏ Π†   #\ \   \0\  \ \ w X}?\ >Ξb \ M\  \  \0[   \ 5@O\n X JU\    \ {       K jz  \\+    \"\ \ \ \ zUG    UK\0G\  ~   7  \ :T   S\ xW\0 \0   W\ : du>4#     \      \ zu)N  \nH\' \  p Ω \ Κµ?. Ζ\ 6`  X x?Χu  \ O\0 NPΒ¨ \ \ g?[ \0O   \ qΓ¥\n  S@ O? \  \ \ . \\xu   γ¥ \0\ >\ f\'  \ tK   qk\  }Χ«t_ M\ \  \ :pm 7 \ \ F\ / Z9\ \ (\    \  saq{   \ k^@\ \ ^7E8\ Γ~Hz\ \ \ \  \ έ½  F       \ 0   0κΏ¶ 6 uvE| B\" \ \  EN\ U5D \nx^ 4\ J$qX\  Y  #tv  J`  \00?/ ]q70l  EZE   \    \'tu  k :Σ° & \   egv \ \\u/\ 4 \   d\ \  VT\ 1U\ B\ Q \ E \ E= \ $\  :\  5B\0< R  \' &  ;    \ d \ 7 \  ]& 49 ~Xκ™Ώ }o
  v6κ¦¬ \ ]M {  2    1 ;\'3\rD \ \ $O \ e  	\ j s\ rί®\ ά–-\ \ \ \ \ !Iά½\      \ u \ q ^\ R\ \ VJ0cW KC^ ca\ \ -Mh 6 \ j` \  -κµ ΗΈ\ \ \ \ \ E \ ytl \ )\ (u>4  
\ \ : \ = \\+ Υ–! Q# \ZAW` L  T( i  ) W\   T H\ B\ 
@?\   \ h! \ X$cZΫ€ J     \ $
 \ A8 \0 \ G \ q£ Η€#zXd JΧ–TY  \    `=7[ $= Ϋ„R \ \  _ H  R5  \ ?>>  Qi   \'  ! 2 K;*? <

{0yHt }:@\ \  l\ Λ¤ [7\r) ΠR^0Π¶ \ E\ gbfP T n G  Iqv3 / ΡvΦΏ E vA  j&    )Vh\ \ , \0{  $ \  ΡR  F@Ξ•\0  P\0X  Χ£t q A4\ Λ¤ <\  \ \ K  4\ \ Ψ‹  Zη― ` u_ <Y3t  : \ e3!c ! v_MΚΎ    \   =: Zp H 3\ \ I    x\ \ \\y \0^  P h\ \ :o: \" -\ )\ n l5   I\0YI?\ {s\ \ \ :   \0\n     \ *V\n .dF U?  Xx +  \ @\ \ Θ·  \ \Z    \ Υ†  1B<\ :UISNΡ„\04L \ v\ lV5w% \n    OfB\ H W  \ \n  0\ pr:L\ Q PI0B  ΛΆ0n pQ\ \ ,Hr\ K\'UbN)\ ΡΌ3Θ¤6  Γ¦      /  n i K v>4?Sa   eHR8\ 5Κ΄ ) g \\:g  )\'.#T\ 	 =E\ \ rF O	    \0_\ \   
@:A, I\ >oΛ¤ \ T\ \ FWB4\  
 \  Ζ.9 \ ήΆ-P8  )Ιq \ \Z\ / \ Kx\\  >3u*y   Ψb+*\ 3\ tK (W _\ L  Ο‚ \    y\ Φ»kP 	\' \   08\ |\n% U   \ {=  { mf \ \ \ \ Β\ O\n*   \ \ o u  } j  \ j  \  \n  \'\ \ Jaz \ \ W  Η(p Cc`6 9 R  j \Z&Z )K\n q\ K & y\ \ \ q~y _] \   q K  \ x Ω§\ 1O :\ - a Z\ m3B +8V0W\ E8   Ξ½]   \ Ϋ® 7\ /<Τ‰[\ A5   \ [+\\F κ¶› 8\0 + \  )^\ \ 0|   =\ Χ–\ h  	\0\ Φ\  \ \ |{\ Q\ Q\ |47i  \ \ \ ΗΈ1p   O&S\ Τ“   \   \ ?*n[k 
\  Z,  ~E \   \ \ f Χy{z1  \ l\ |Mo+ I :d } taJ\ \\ \0     \ \ \ ~\ :Ε \ \ sb> _ oPL \ \ $\ \\ - \ \ \ {\ M ^ ζ€Ύ  Η‚/  \ \ b  \ Y\ZWΟ¦\ K  *\0?K\rG 
}y   Ξ +     8?C ?\ \  \ M)\ \ E\r8  \ r  \  ?O  \ Y \0\ 4   @ @   \ 8 \0RE 7  ^ \nt  =A \n    nG\  |5 ι® :  \0\\}y \0o\   \ #\ \ \ \ Σ~ \   [zj 1\   \0Sk\'\        s\   Tyu\ 5j    \    od \'   3  .ΏY_== \ \ !1   V \0\  \0  \ \ 1Φ™\ f \" n *[I #H   ?Oo  M*:e\"\ Υ―Rc[ \Z A\ \ o\  \0        I7\'\ -      O  q \ Σ„1 \  \ }  GΣm7 K N: \ Sa\  \ \ cA \  I  o\ ?\ 9  \0\ \ =o J \0$p87# ?\    CJ\ : L =L  Ηƒ`I\ \ ~ή½ #e  >   \ \ A \ Z \0\ -mt W\  2(  s \    \0l\ \ z f   G? \ # 8\ ΧΏ  \ Rc ίO 
\     BkΣ‘\ X D \ MzI\ 8  Γ \ \ \n \ \ \ Q\ SCEI   ! 0C  M@ \  x\      l\ \ \ M  \ #p 1   x  ^ W\ y ΩΎ\ \ ;  w-` <Π„ \ y>ΪS t w\ 8 LUfZF J ΕΉ \ I+ \ U\ %Z y
 K
 K 8\ \ \Z@ 7\ \ \ g(\ \ x \ \ z  \ \ \ \ \ \ -  \nΖ±( Π\ } = r  zΨ… X ) l t\ J\ \n \ (    &0    \ m\ V\ \   H  >_  Q  1Uyt\ \Z 8: } : ]  $\ ; \ .:Xδv }ojQA( Sδ·–	A \ \ i N7F\ \ \ V$u   \ #>\ \ -<k: 04 Yei \ \   A\ \  Ω @ \ 5\ 1 Φ:1 * F +\ .     * o\ \ \rΝ―  E} \ #gU O\ \0a\ :7Xat\ K+\0\  \ _U > Q   _Q \ O \ qJ #\ \n  K \ T\ _    > {`  \ z  QN8  \ \nfp=\'\  \ !   ., \ \  }  \0\ d\ b Ο§Μ‡\ mE ]HΦ΅\ * \ Q U $k\ &   \"q\   7\ \ & 3Hkv   6D \ \ 8 @7 _ mI39\ Η§b  *+\ FHI# \ f!VΔµ X  IRG\ ^\ \ R  +^  \ \ N)  t έ° -\Z*\ u	8 \0Y\ \ ,Χ· ly ?OjEt      qO\ \ 7  GC V  x\ \ A  \ ?O  @c=YX      \ u3 :  
* 228 D Ρ£$  \ \ \ Γ¥m   ## \  YΒΩ¤1 $ip H}G D H   = 2 :N\ I2p:pt>h\  \\xΔ± , d *$,Z c   UΥƒ  u\ !V .  R,,, I\0   p\ YnZ\     \0V +Σ\ T~};\ TM Z   /\Z@Ζ«\ k 6?K{ f\0ηΊ+Q   \ 3jw 7  2F   dV*\\i  o\ o{06> pT   yu\ \ \ \ b@\  o 5\ \ S\   OΟ½!\  \ Σ…	]^ 3 \ z U\ @\ K(\  * \ u/> Ο·   5\ \ H  6\ ) \ ({ ovW\ I  G\0  \ d \ \ \ X    %ET * 7\ZX {0 *\ \" Δ»x M:\ \r\ C  \  έ»qw\ \' 6  |}?y\ \ \ DN Z>   \ b\ pYY( δ¬£,TX\ \  \ w   \ \' 3I.\ \r<   3Γ¦y>\ \ \ μ¦Ή L=5S   V\ \ QnJLd\"   L  Υ°GIje     3o     QrU  >\ (\ k)    \'\ S\ \ Τ‘x ~$ %\ Υ¨= \ =OH^ \ , \ \  ! e\ VdΡ¦  e<^xS\ Ϋg 31>    \ \ \ ΓΎ \ Eq } \r 2\  γh <\ \  \ \ \ \ nB w\ \ Η‰f  %  \ T\ 0 tdθ©  D t9X\ \ Λ¨ $ [X\ #>\ [  \ \ \ Χ«T3Z   CDΚ« $j \ yu ?|] \ ο”Ήc|\'M\ \  \0+C\ \ ί # Ζη£Ά )7\ co\ \    G\ \ ^ \ \0\ \ \\ d*	\' 2!A\ \ o  \0n=  pR1\ DΗ¨ 5}E \ \ \  -\ \ \ H ιΆ¤q\ 
G \     }   \ D q\ zr\  <}   \ /\  5| \ WM\n\rrz  h.\ \  /  \0  \  \0G M\rq  :Ε<Xs ?_ \  qX\Z\ rp\ \ IX ?\ \\ tI Q\    \ \ 	# \"    \0\ ?Oj|AN\ (zot\ b?Ϋ›    =    M\   \r \ O\  Η‘\ \ \ K Ρ‡U  \ ]zn \"A:  \    {[pΤ†Ko   ,\ \ u \  \ \ C \ \  ΛΎ  CF \ ^ Q~  )\  \ \ B( 3  \  5\ \' \ Y\ E3N  ί•   ?  \ ί£u \ \Z  u\"\rm_ ΰΌOή’ qΣhk\\t\ X ?^?\  \ l W    K O .y 9 \0`[{k @y 4
 V?\ ?^Om3(: Y\ [\ \   \ \ ?\ } \ H \  S  \ 7   G  @ot2Uh+Σ5 }8$`\0 \ \ Χ~ \ \ \ Ρ…T  *8   \0  -  \ \ S^ \ jS \  \\ ~-nή½ # A]P   \ bC\ \   \ }H6 \ {l  o   \ Ψ\Z\ $ ? \ \ ]<\0\0\ [ m   a\ wD4 inlt  FSa \ I-X  2x31\ 4 \ G  \ \     \ r\ H b\r= \ C\ \"a J~z     \ Μ±\  \ ]\ 73i v h\ c7!S\ Rx\ =Y\ y E0} _\     R<&r  ;   \ \ T r  \  έ‰ Wb ]\ F\  \   rFkRH 	\  \0/]1π­· \ 1\  \  \ <:0   D \n%\ e) h   \ \ 1 F%,ΔΤ©F  \ {  \ 0B hGdW f\ \ \ Τ$D Eh8 \ \ 6Μ¤\'>\ GP UX  \ OS }\ duM\ O< \  \ y  v$  8  H $  !v  \    ^ .q \ \   /  \ G K   ? C mf\ZU &\ &  b-b= \    \rz \  \ \ \" \ \ Χ£q t1\ #  \ \ \ ~   \ \ \ \ Z  \ j W _Λ¥\\)\ $8Q  \ \ \rZ   P\  H Σ£1\' \ \  P N \ d Ϋ‡ ΔΌ\Zd:4/ά“vX  F  \  έ•Z _ 5 \0W zh hTg  _o\\\ <    BP, [$q+\ \n\ a
 MP o ί‹j(J @   Zm\n\ \ 9\   \ \ 	i|j 0*\Z  \ (\ \ ic\ E QkrI  2\   \0 \ \ \  8 \ \ 	 , \ \ \ @!9 * $ -\ \   \  =9 84\ )\ \ f c  Δ± \ κ¥¥iP -D .Σ‹{Z5=V z4@ ! = FZ \ I N xΜ  +$.u,i  % \  }  \ iJS   *A\ _\ \ Ο *p !7  6 + #\ S}Z \    WR  Σ―(+!\  ~^ 8!  y)\ $\'_z \ D\Z\ 2] sE # \ ,uB1\ Σ\\\ZH <\ _ t2\ z ]  o  !*!\ S Sp@2-~m\ $ L Η¦\ !  / K \Z V\0oI )  ~	\ s  $ /   \ ?\  \ \ \'m^5\0\0* \ pI\"u  1  ~x \ 0U   U\ \ b  g \\\\ &\'\  Ff4. β·  \ $,fP v?A   \ \ \ {OΟ«FC }zΚ­\Z\  bΔ• *E  \ \ $[ X~X `WO : T\ Ο®UR  UUo       \ \  H?\ = \ #\Z\n \  n \r\ 3\ 6%e  b  \ 5 \ {Ϊ® \ \ \ zf Τ‘   G!ux\ $`zY t  l    \  \ G   8W  \ F \ Ο¤Px \ AS2G$  }   iw%EEE[\  E  \       \  ;hT\ I\'  B{   kF ?//\  o \ \ A \ Ucks\ Υ²c\ jh\'  \ G\ H*f   p \ S\ \ s  \ \  e \ \ Rq =L w- ΛeKr   \  \ \ ]  μ§‡fa\ f   \ pT \ \\fΨ§ \Z \ f*!     fg$p=\ \ 9   }}>gΛ΅ p\ l \\\\ \ i +\ \ \ q \ z7\   \ [    \ 6A \ \ 8\ 2  M>^ TΖ±T@ RR\ G\";  t\ y \ .\  \ \ 7
AsHa\ +\Z\Z\ \ 0\ A 1 \ \ {~u \ \ y\n\ Uch\r\ \ 4 U\ \Z\Z ,%\ e#\ F D \  
\   \ \ \ #  Xbr(xuT \  X\ q  o    0 \ , +PS  \ \ \ \ [ }>  ~,q\ Ek \ vK  \ \  \  \ \ 8ud C\ nx Π\ \ \ \ Φ \ \ P#  \ ~l ~l}ί¤\ F\ S\ A 2\  \  \ \ q\ Βµ\ 9\0\  \   IBG?ΪΉ \  G  ι¦¦   Qd  ss{}nG\    ]!\ zi z ~ /o\ \  c = \ EH\ +-\ Σƒ\  \  \0Ot }[ \n(zn\  \ ^ \ !\  \ \0     et g  l \ 4 u\ 5_K~ \  \0 _\ {O_ j W \ ?[J\n\ \  \ \ m4 /\     \0  \0y=\ *\ \  :s ]\" \0- 6 _ [ί£}_ Ic  R\    \ < n\   \ RI9\ RFCC N Γ«I\ Χµ   \ \ Λ§  c  B}H\  {    l \" \  	 \ 2 k     mo >\  8 \  \ \ $\0
 M \  \ +  sΥ‚9Pz g   Q?  \  oZ J0(i\ N $`\0\0\0 y\  E  Fz 6:t\ \ \ [ [  \  \ \ E jzR \  \ r  Q \     >: \0:Fz \' {\ \ /ΟΊ\ N F\ P@x \0c\  oΗ¶K   W  \ f2 /C[ \ RA] \ \ T\ λ¨c\ \ QU\ %5]$ 0+$\ \ \ E IΨCu Oh]J  PT A\ $x \ \ \ \ \ \  \ w \ \ Τ\ \ C+) d^    <\  k.\ \ Σ \ \ V  O\'9 Ν Jy l]\\Λ¦X 4\ #4R# [\n3   S\n}\  \ :v  M\\ q\'\ I \ DN}\r   #=# \ \ Ο–)\ a\ 
X r  g@@   b  \ ?I #  \0έ³Π½w l &CS  \ ~\ }6J    \ \0bha   x   n\ \ \'\ ) >\ h\ R  !\ _ y  /\ {  w\ e!^:\ $g  WMΦ“Tε©³9\\\ .| \ \ \ \ s, U8 RM  HR fj  xc\ Δ“ K\Z\0 s\ G \\x  \  4\ \ \  : y y \   1 b}N?Υ m \ Β΅ Y9 P\ \Z42 ] \0 \ άk  wn\ {Nz!\ \ |H   i \ E$ G  M + (\ 6Τ¥ V 
\      \     \ \ B}> j\ QYnE δµ‡Π“\  \  \ H  \   cΧ§\Z, m7R\  [ {0\ r>  ^\ \ \ /  pE0sN   \ #λ±\ )Υ΅\ \ \ ibY4 Ι«\   (   \ !\  zc X hΥu H\ \ S$ 	C  \ S  Q  kX
j
b~  T\  z s \ 3  . Μ΄ \ s % Y8 X\ H    ~y\ \ \ P\ =.R i  WsΩ²5\ 	\ \ eO##L\  4 g\'F i4 \ \ \ \  G\ 3\ z  bRj \ \ b\    \Z\ \   \   U53\  \ L\ )f\ #C\\ \0\  >\ j  \ \   \ hb  G   \  } 
 ne 4 5\ _iO  b L?\ ΜΎT pB J \ Ρ–  \ 0&\ \  \ gZΘ―   Σ°\ Z\ I$ 2) }  \ \ 	\ 89q5 \ ι¦¨ ( ( dG jycΦ\ FN  mf\Z} F\ Λ¬Ώ\  \ , f   \ \Z.oQ  \\\ f\"  \" !T< WQ 4 \0X  p  {   N\roMDIB dt7Ζ€\ .X4 BQ    ]D \ !   ) e\0t Z  p\  =;\ t c\ u J  U\ \ \  =Z\ l\ {  = n\ O\  γ³> xg ί³ @\ Q$k\Zjy\ r0tv B ,\n  >  \0Q\ q 	v ?\ Ο­   \ \ \ YcUr-x  a -Γ±]e  ?M\ \ \ \ RQ P  x \0 =1$ \ZS LYZ  6C\ L \0\ 3\ .X-Η· \ \ \ u< t\ r @ , J    )\ZH?K ~y  N \ R5  =  \"\ $ 88\ \ \0Cw\ \ \ \ nO   b  :4 \ - \ ) 4\ + \ \ {A Ter 8\ wC1 \r2\ WV v\ \ Ou hS\ \ 3 Y~   e\\ 9} \ 	 Β€iε NI a Wo\Z| s=\ /   \ \ \ \\n/*Q\ I \ \ Σ \ \ 8  οΎ³ \ Y${ ΙΉ  \ XRKu ;h3Q \Z   6  \  X   { p \'\ yS	={\ 4u έ OO  y\ \  eb!\ iZV$ ΔΏu  u \nY \"\ > Χo9\  \ \ \ \ e3\ JqΘ?W+  59*{ξ§Ό0{`Χ— \ w  \ \ ά, AX   \ 7b 6C\  \ v * 	      JZH h 2o$ 9i\' V%\ \ I, ] bIΞ½ \ \ l  Ϋ¬!X\ \ \"(ΰΆ | dΤ“ I\ \ \ o     \\ ΫΤ­$ 5*\ Ζ§ %UU@U@f \ \ q`     θ―¨2\ G$[ b    \0 {q\Z Χ¦\  %z ,:\ <  s \ Ve    h SO \ Z2C   ?        x\0: \"jΓ“ \ 6 > \  <zd  \ \  \   \0 \ \  | \  +  M\"\ }o #    {\ \ w`\ :k B Ε­ #\   \0ooFI-S\ v    H5  s{ sq   T  Χ¤ CB iS\ lΡΊ h\ s ?_\   9(EN I i \ \'\rq` : 7   m\ \ ~ ?i\ ΠΏJ\r?M\  _ \ ln\ \ qΟ³; F  k\ z  k \ \ kΫ  \ \ }k z \ N U  \0   \ Ψ‰b7   [ \  \0 \ \' \ Y~  \ `G\ i^.y \ \   U\ z  |V :  ? o \ \ }ί¥ Mjzs 2  \ \ \  `o  ol \ # ¦ g < )   i  \0\ \ `i\ \ t   j ΥΉ Σ   \ T  E x =#$- \ \  \  \ \ I\ \ \'  G`,9Q <[  > \ -\ \ \ @ Sb \  \ \  O  ZΧ¥( rGwNQ\"\ ΧΏ  \0A \ ξ¥€\ zx(\ g l   Χ“  Τ \ V r@o  \  q\ j   \    \0[ q \   \ f8 V\0R J 0 \  6\ \   Mk\ \  =0  6n-  \ xZ Z\'z:Δ\ \ \ T\ *OI[K)WX (j\ Ibb   \"\ o[U  \0 \ \  >% \ U  Θƒ\ \ h\ |   \ Z\  nS\ 6\ aΩ¤1\ Ο©IV\ \  # (\ QUb*8 m \ yν  -  \ cc>α¦¦s   % U
4Fu\ Υ½ t\ n j F\ k Ϋ Z X \ [   ΓΉ K)O/-LNl;I\ < \ \'s\ \ o% \  \ Tk  @    - N  2F*V \ \Z 
 u\ ck6NNz,  6 \ F 0\ h ! Ud,44LI7 \  = \ ek{ & \ tH  I  ?O^ rC[^\ Κ\ZXX)$\n& O\ \ 
K*C \nΛ¥_<z? *X\ \  5 \r\ \0X     \rI  \0Q6\ \ O\ \  ?\ ΡΫ• b M^  \  \ w  Δ†!H   < B\ \ b  W GC/!\ \n    \n\ · o\ bNzpN qN\n Κ±% \r\  ]q ~ >   \ 8 T R)\ Σ¬ Υ‹i \ 2\ H 01  Ν¤s  Ο·c UE	 \0/V+  \ \ +\ \ \'[D    
;H\ x_ \0 ^ >\ \ C  \ ? LH\ F N\  S \ ?μ‰¥ YT 9+)1     Π¨\ -A b
 %\ ~έ€ {   Fq  _\ =Zά…   I \  \ Pc  * < \n  MRL 6 \0 \ \ \ *nI   άΉ  Ρ– _   a\ZFWB` \'  z}\   Ϊ› \0  \ mnΝ­  \ g\  \ \ \ #pc )\\ \ \ U` \ \ 7: i) ). \ A]D4%u Γ7I]C JWR   \ 1\ VTu \ \    \ Π> ^ \ |V\ \ {\'E    \ m <>\ \ \ -@ \ cX\' Ε°  J\\nF   ( G\ Ω®\ [\ \ X\ 4\ \ O\n @G D v\ qe nW ά«   @1 M0ή¬5o: O;m }    ]Ο¶F\ \ j\ \ \ j 3  \ {   0\ \\\ \  VU c/ ΗΊ2\ 4 \0I6}%L\ L \    IEo%-J>  ts)=\  &  \ \  \ )\ \ \Z\ N;!   Xj    zvpEΞ¨)*\ Ρ Uo !   \  *I T  E3Σ’F2\ \ C 1 _Λ£#  Ρ·  o8 \ OF  bI 2      .* \Z k t Qcr yb \  u D2\ ƒ QΠ½  -,\ 5 <qnG W+  >  Y\ \   G   Q\ \n Y\ \ P l\ WL u{ `  p 
 i J7  ^px 3\ Z \ 
     - \ p y \ O\ \ \  WR ή  & jp\ 5\ g \ ήΆJ \ %  H\ m\ >\ ! \ 4    P \ 5  ,\  Ψ»\\Θ΅ \ \ o\ >Ν­ I_^ g Q 8ιIe\ WG    A3\0\ [\ \r mΝ‡ ]  \ q\ +  \ F:z<Zbr  !5    Φ΅ ` 4\ +HU\' @P > \ =  s-\  \ B \ i   S   \ \ Τ› ,m1O\ \ \ R\  \ γ\ 7 \ S\ \ \ \ DΥ\ <c!<SP\ \ C5 \ rr\ \  Ε\ *u  + OΟ³ ] \ y \ ;{\r H M+q(1\  5\" \  \ A\ o  \ \ M  \ w\ \ { b\ In$4  D   =I \ \ \ ] I 0 b\ j Ϊ«#  \nc \ J \ 5G ^CK)1     8ΛΎ G:9C   O\ l -   1Wr\0ido F   J Z   {s\ 9\ \\ Μ— ΓΈ&  H Y` k %&  K;Qu\ \ & .@yt\ nn-\ -Ο±/@   \ 7\ \  @  9   \ \ U P  OP   \ \' \ \   \0   LJ  @M\ OM   \ \ \  q
}zh  M \ \ \ @ ηƒ§ \ \ y   \  \  9z \ \ \ \ Zί›\ \  \0\    I5\ 3  z    s\  O t\ Pg  l-px7 \ \  U#Ο¦ b  O \ r-s\ \ {uI\ *  :j  \0 m`>  \  Ηµjh~]%  8   6 n  0 ι¶¥ 8\   \ \ \  \0\ @    & \ \ \ ^ Y8\'\ \ k ~ ?\ \ \ \ \ e V\ N  7x\ \ o\ Z \0  \ Oh ~ OΞ½^ \ ΒΏ.  \ \ \ $        J  Σƒ PwW CdK^\ s      mQ3 B: \nC\ M    \ ίΟΏ5\ \ \       G \ \   C [C\ \ \ x 6\ 8     \0`} r(zT     .\0  \   \0\ =   η§•kZ \ \  :o\ )\'Σ§: X\\ \ _\ < t\ \ ~?Λ©\ \ ΧΈ) \0\  \0 Ο½1 =)& M >.t {X.\r ?_  	\' W\ u)   \ \  \  \ \ rq \ \ i\ \ Τp5o   P{g u)AS  \ \  [ o\   V$u ]F \ :F? _ y?N?\ \ =, 1Τ¤ \ \0O\ \  \0\\   ~\ \ \ Χ¬  ? ~x \0}z  {  NZ\ m  \"\ \ \ 6 \ x u ]R/x\ \ uo bR  \ T\ \ AOE\Z\ \ J\ (β§T\ SdT\0\0 \0\0\0   \ Y
-  \0 !` \   _\ k r \ 6 \ \ $ -\ Δ$ 3\ \ Ϋ‘\ 1  G  \ \ Ζ  V\ \ \ x\'  \ )    X \ sΠ΅  x,\ O+\'Π\ Ϋ“{x\ + µt  R(G\ \  \n \ B\0  m,l.I\0j\"  } Z   }lb \ z \ \ *    &\ W \ \ .  a\   >OWq \ GCYbIf Ζ–y #\ \ \ &  \ C\n R} [Θ£& \ ^ L F  \' / \ :\  \ \ $ (\ \ <\r\ >U γ’    I\ Η{YuI z\ Λ¥  D* r?\ ΗΆ    e  obe  c#\ \ 2 ~ \'  z*   lt <NB\"    BVD`\  9ΫΌYI\Z 1L  xΧG >RR\ X \ ?o N W\ \ εΏ° % /b  \ \ \ \ eή» \ \ U\  ^nd\ dK\'  5 w=j \ U\ \Zzp x\ I V\ \ [ \ aia M\ jG	   4\ \ | q\\BC mv\ Χ»  \ mο® \ \ hj\'\0\ εΉ\ ΡΈ5  P  15\ \ V1 EMdQ Wk-C\ \'B]\ \ G\ \ { ~ Κ„5%Im?\ \  \   `\ i\ #Κ3\ 8\ ,  \   \ + \ `\ ]\ \ \ :   \ \ Vd \ \ y] -*C \ 2Β± \  \ E 8 e XKD \ }\    \ \ Δ›j\n,cT  Υ : s\ z\ Ϋµm6Ϋ¤ \ \   c\  T@ W\ Rh `x =X>6 l\ CM< P\ U mea \"!MG( L|A !  u[h   e6\ \ e   ? \  =,   q LqO t0G h\ ]r^6u \ _ Ι¥ \\  +sqol ,\ [\0 \ \ \ :F\   \ 8\ *\ v  \   \  \ d F \n \ [\  ! NH ?\ \ q \  \  \0?X x  C 	 g}B F  \ y  `!-\ \ M: \ ;7 B Ζ€έ„z\ QV2\ Ps %c\Z ΕΎ \ Δ”  O^ U\ A\ ujI39  \ 2OΠ/p 9   \ {Y\0\    *\ =2\ T. $+     %X] ?  Η³H$   E  \\v\ mΫ\ m \'x\ w6[ !     3N ? 4 3 6
qΟ±\ \ k% Υ­ dx :  \0l t \ ;\  \ ; \ \ \" &r~J	 \0%: X( \ (\ \ h\ X(θ©    K*\ 4k(@X\ @ \ {\ \ h  (  R8\ T} ( \ \ .f \ \ {  2H\ \ }KI   -s\    \0 {^JcI\ 3\08uC  M {  ~}P  U\    \0C   \ ήxt\  \'\ ~>    \ `q\ \ )T \   y\ { \0\n W P\ \ \ 	c#  \ q   ί·\ <A\ 0\ u
    =G  \ \ B \\uG}4Κ…5\08   ?_I  [  Q\ . YXά  \   r  O \ 	\ \ \0b\r  \0a = \ =3\ 4   \  l?\  6 \ \ GΦ\0\0:i 5\  \ ^ \0_ @[Ϊ¥j =\' 4S   \0e nΫ    ΗIY) \ 9  mq \Z `G   m`
 a\ \ [\  \0,xW   \ x\ }\ }\ {2 #\ ~\ dL  4[ {[      V U\ \  h  <z \ \ \ \ \', \ Z   \   }\ \ \ \ \" 9 X\  :z HU \ 
  \0 \ {\ \ :g Ρ΅
aΝ   \ \ {\ |\'  \ ,@\ @\ \  Β o\ \'IT\ J C\ \ \ #    Ρ  N 2\ 6  \0 \  } \  )ΣqPΫ9  \0 _ίΊ\ S\ ~>  \0  \  l =,\\*  SR=\' o  [ >Ω“\ \ \  u.4 \0\0  \0 m >\ I\ } ]Ez  M q  Θ· \0o\ \n\ z\  JH\ ? \  \ 
 9 \  \0>   \0  \    G\  J\"   \ : # o  \0c    ~   \ H   \    \ J@=]TP> \" \ \ \    \ \ ~ Τ¥K 8  \ w V=8  \ q\ ]|\ \ 	 \ ]  \  6\   \0 K -FK Tc r \ ,}u    \ \r  w\ \0Y#*O   G\ \ N{%   u \ Ζ­   I    \ \ A h \0hD\n\ #\  \0}H \0\ % fSJ \0    v)3 GBdE N W \  \ZG \  Ln \0\'\  Ο§q“Yp  \ f    @G \ \ +q\ W γ”4 0 I0! \ =7<j*lJ{)\ έ€   \  \0\'[i\ \n  ^	X P\ W\ \ \0\r Xd\ `   }\ $g%A \ W`*h+ t\ QN \ @ N n\ .\ E \ \    0\0\ Fz P-s^ \ Ψ¥`\ ee  x  \ SA\ \ \n  \'\ l@ \0_j \ QC  J\ \ KF
 \0  \ 2B] Y A    \ \ ή– \   6\ y \ 5J c\  ~ \ ]+pΒ \rC t  :_D0\ \"V D \ q  (ecf\ZA\Zy {X\ <3  T\  \ E \ \ \ IX\  i\    \ -\ \ T\ $2 hB4aY 2 7R\ \ \ I>\ 	O\ [5  oFv ] Z  \ \ L  0e I Q
+B  H p  F Qo ?_umOΔ  WO\ ^   % \ T ο¤@  \ 8 0 N} p1^ \ \Z ^\ f  Ε©\ 0  JN % b    Η΄N;    ^$au   p\ fu@ X\ ] 
f     @NE\ { \ ) $ \0 #h s Χ \ % $\ ] r1$ja\ k2H\ U G\   yjjNza\ \rANiΗ¦}luzΤ«j!8 pA __ \ {Q  Η§I0q\\t\ WQ ?,  | _\ B Υ‡  \ Ω
Z`W   *z2 \0v \ {R< B+E  \ \ tRΖ¶u\\Mb\ \0d^D# Q    \ \ \  d@ O\ \   z  \ \ M /K\n9\rp\ <z|L>ΒA z    P\  \' 9 _\ F  G\    B  \0\     \ H\ 
yu  \ \  \0P/ \0\ OT\ $ C>  \0O\  ~ Ϊ ^ n=@ O\"\  -\ \  n\ Λ¤ |F : \"  \ Φ°   ~  R(zz?\  m \r  q\ \  >\ \ \ sQQ  :	K  ~ q\ \      Pj\ l\  \0\    \0[{S  \ \ O dU\ u # {  \  ί· NEE:\ \ u\   \r\ Σ  W\ 2Β† @    \    \ { j\nuZ  \ BT \0 ΡΏ\ G \ \ b ]\' \ \ py-k\ \ \ η― {{T\r\rzg ,  \ \  \   \0o\ \ _\ _\ zgqΕ    ucO \ ί€ \ \ [ j. f|\ OE6  \ \ \ u ? k\ \ \ ZW\ Lj\ ]?\  y\ \  \ \   ]x # \ <  \ &7\ \ \ \  \ \ 5]B h?[ o    \  \ \ ]eQΝ®m  ~M \ \ \ sS  |  @ },\ \ \  \ mI _ Jjjxt a\  \ \     /]])\ t\ \ZΔ\ .[\\{ V\ RFή•\0\ \ \ \ \ [ t\ }z k\ V  (\ \"ά 6   R@\ \ R  NXΕ®M {zy  _\ EA\  ΤΈ \ \ {Ν― \ \ ^ \ j  - Χ· 3S\ \ DC\'\ B :M\ ?ήΉ \0m j?. Ώ\ : \ #\ \ \  ?\  F:EiΣΊ>}JH\  o  \  i $Pc \0:     \0\ \  \0\  ξ¤Ά\0m \\     ?\  \ \  ,akZ $wqq #\   Τ p=:( \04 W \   Jν•™ \ HB#a\ \  H$&  \'{f       o\ [ ePd  ~\\   ]I \ ξΏ»y +vr\"   \ X\ C  ιΊ­  9 %\ \ 7
# \ K y\ \ \ O\ ΗΌ>  \ \ Z \ 3  Y# 0  \n\    \ ~B Ω΄w  o~O  \\s  T\ S#  \  4 a KMΤ“ΞΏ \ \  \ \ _& \ \ $   MP 5\0T \ n\ 2  6 \ \  \0\ =   sΣ \n Τ‰\ \ Tfq  \ [$ \ @ \  Ο·c  < \ G P&\ 4 xΤ¤  x\ \ \ ; ,   Vb [  >\ # \nu @^oM \ x=l $c% , hf\n\0K   XS\ \ \ZΨ p \ Y%`\ ~Ξ›?  I<IS  \ \ P <55+$Τ³ B X oH K\'  ?   U9j?FQ\ 4\ H   L  #ΞKXsι”¨&4  #  l  \ 
\ -,* \  k    ts <]I @>\'U\ \ UjIα¦\  \ Σ¦Iκ©² \  Y\n  B 4 xζ΅c 4\ \ ZZ ue H  \0n cΣ…a  =- A!\ S\ \ | \ h\ bΜ±& 1 PDn \ B ? \ { I{m ^\ Z 	h xz  \0Uzo )   +e, Z)a F \ \ \   \ \ ξ:  \0i9\ \0 J  F w\  pV -v _ i\\+T\ \0 }N\r(i  =2\ j$HK\ y
\r\ \ K }@ \ {aEEOUv\ `\ \   τ„¨\ \ \ \ \ \n/s   oe\  o~-oj@  J(:Ζ²\ 1)\ U	M_]VQ \ nm~H?AΗ· \n r\ \  1<:       `tj#\ F b \ ^\ \ \ z    \ ί° sΥ|)\ -E  &ρ¨‰£ rf G\ E$\ 6\ \ \   \ )[P X     o\ M\ \   \  _ \   gX \ &\ .7 - +ov \0O! ?0  n ki \ \  q \ \  +  uR\ XN ,y? 7\   s\  t Ϋ·\0ΒBx  j\    \  -\  jq8\ 1 :   r8  \0_  \ # \ :  =A \0$\08 \   > <{x\Z\     H \ 7?Χ    \0\ : 2sa`E H  \ ?\ ίΊί―P^; ,G\       8` Τ  d~  O\ Ηµ\"  9ιΎ™\ \"\ 	\Z  x\ \ { P \0  Λ©  c  _P       \0_ \  \" :i T Dk_ G< ~O Φ‡ :n .  \  G  \ oΛ +B:f \ K  ?\ ~ \ {R   \ 5& C 
     q\    	+} t\ \ +`. Κ€ Z\ ί›\  k}/\ m\  \ ΣΆ \ M]7\ [[  \ \ \  \0 \ \ \ ΦΏE_-]=  \ iO u \ \ !Q \ ` \    > kqH ή±   t\ > &\ \    \ \ _   \ : \n BXk\  ,I  ? H^9  \'  \"  Q \ 	\  \0  \  GΛ¥\0y \  \ \r m  \\ K\ \ 9Ζ‚Η‚E \  O\ \ \ MzR     :  H    \  \0 u\  V   06  q\ Β” \ \ \\u-Q ^\ }  ~?\ 9\ \ \ |     \ \ \    \ 508  FΟ‘Γ©^\r`(  <\  \  \ 9 )\   Ζ \ : -\ \ \    \ \ M8\ \  M 0 \ oa\ \  #\ e  cN 9\0 24 \'@#   \0\ =\ W O*\ t   b  y?\ \ \ \  Φ§Χ«\ pi  \ \ \ \       z& X\nu T/\ (\  ~    h+Υ€$\ tΩ›\ c &+  \n ^o] \ B A  #M-%Lj\ CF\ \ T =  $  X&Z\ \ T PE \ ] \ Y\  wi \'VS\ \ j\ Q\  f:\ {\ \r Y *   z9fd #\ Π« \ lQH\Z< $ 4a %[ xs\ \ C\ ; ν”«R hxTy #\" g?+o\ ;= \ \" 5jq \ \ O   4 \ C\ \ ] U, f`y \0\\(    I \0m\ $ZZ \ B\ A  _  \ -B a Β¨\ 	S S \ \ G\ 9 \ B*| :yk\\\  . \ d C-\ \rέ¬  Ul	o  ? l \Zt .	 o@N \0\ }  W%U  \ &#  \ \ #    5`Z \ ?f ] X7    mY$ q\ bh\0  N R\Z\" \'\   \ \ M\  4 \ |/hl \ , 
\ O 73+PΕT   yc \ 5\ y6  ]  H3Y\ \ :j\ \ [\ b(8\  Ο• E \ :L<g\rZ D \n   %   YJ   }    .H   @ 1Ρ.8\ Sc T    \  \ \n=\ *\ \ 3δ΅§ . [5  M>f I67  I 7\0oB (%  >u\ ?? Gik9Ύ \nOΛ΅  *e\  \ B\ >  k\ZJc\Z\ ? i`i \ )\ deP#   fm <C()\ \   E\ n \ \nF\r8\ \ N #tg  )C]Y<  R	a i!M)RTC
\ Tz  \ \ l\  \ 2 GMx - \ \'r  p<\ Z * \ uVΝ:m\ Lk)R9 
T&    \ \r 7 ) \ Η΄\  J \ k\  | ]^\ \  \ b( \  o\  N T|\ \ )) 0f{gμ‰ \ \ C 3\ \ T A\ u x ξ±µ P  \\\\{\ \ 7 Ge)  \ . v3Ziv   >F  \ _   eo : \ \ \ w#\"\ a\ a21\ QΤ \  P4jL\ @\ \ S\ \  !  H    u\   \ \ % JWΟ¥\ \ \"   - \   pH { ,I\ \ LW c3 \n \ J\ l
_\ eQ\    {\\1L _ ΧR         \ i\ S\ m \0 }  \0M9\" g      \ \ \ e \ d\ )   U\  \ \ UΞ”Τ°YT\ uL\ \   \ Ψ·f  \ {{h  \ 0\0y \ \ \ <V  \\O XcR\ |  Rg W Χ›* Ψ›OgS\ pxzZ:  *2  +V  b+2SK/<  \ V\ ` ^\ e \ \"   c  \' \ wή·m\ su M!a^!x ?b  J \" @\ -  o  bK   J5
  8\ n~  C\ \ \ pxt\ _N \   llm >\ )  1,U\ -P\ <s \07 \0\ \ B >]$  \  \ \ 8\  ?_jC `\ S   ? \ \     {   \ D`\ u\ne  ~  Z \0\ \ Θ‰*uq\ # P%V\ H  \0 \ \ \ < fjQh3\ \\\ Y & Z\ \ ?\  \ e IH \ \ SX   Οµ\nhA\ *ι²¥?p\ k\ \     \ ^ J :NA   b0\ Q \ \  \ X\n `\ M *M \  E    \ \ \ \ \ p4\ x\ r}$[    .~ \ Zg  Q^Ρ  ]Mu^-ΝΏ\ I  sn \0s \  r  \ 8 :j IbI\'\  \0  ]x i3N ZR \ \ ?    ?R\  <}= \ ~   Oi \0  \ \  \ \ Uc  \   \ \      ; b   X\  ]9i\ \ \  ΝΏ    U  Sα…\ \     \0_ = v5  JQ]^ ]:F    \ \ E zP ΣJ \  s b,I  8u~ \"K 8ΧΈ }\ \ h\ zq E \  _   }\ \ ZΧ»  \" \ Χ“k ΕΏ\ ?\ \ $\ \'  Σ€ 0 \ ?\ k\  \ \ Σ»\nΦΈ\ Γ…<   o  ,/  \     @HCO^ F c\ \   \ ?\ \ Yx   (  \ lQ b9\ ^>  } O\ \ g : \ {   \  \ \ :  SR%\ p\  \0 \ \ K\  j|  v\  H \   >\ \  \ \  JT }    \ \ \ \ ή·  u\ M   \0O  \0\ \ \ \"  zuT/  9kZγ¨\   } \ \ Mh: οj\ \   Ϋ r \ Z-  \Z\ ζΊ9  	#_ά¨y\ a  Wc $  }O Wέ O  n \ \   \0   \ G\ :   \  \ ~f& Ε| $Q\ (t   D 
 R MN\ }2jml -k    \ \ \ \ 5\ (  O> Z u+Tt   Ξ‰\"  \ \ c$  I $ 2\ # \ \ \ g^\ F}:u{O 6 *I&\ \"\ Τ¥ nt @[ \  \0\ \ 7\  zZ J tnn \ Ϋ ! \ a\ 7\ R \Z |\  \ A:Τ¤B  I\rN  O D$x \ +& \   ?1 \ dw =   e3\ }v\ Ξ±\ 9<\ B   \ \ \ \  \ d[f   Q. Q9q\ DST,Zc Z\ B\ , \ \ 7\ \ \ x\ -Mk \ M \ [trDZ0$ \ ?2i\ a  \ \  )ή\r\ W \ yD O  8\ \ ydha     /  B B\ IRX\ Ω \ \\  \   i^ += \ r  0 *  4\ \\\ \ gM\ \ >)\ \ {  0\  \"2 \ \ \ \ OOL\ P\ DiJ\ j  \Z\ U    q\  v\ \ \Z9  \  \  \ 6    :  \ Q\ Φ‡  t kQe \\ o &9*j 3dr y  L\ \ CT  l}c\ \ N\  Μ¥n \ \ +%\ \ {2zΠ\ \r?> $ Κ§\ m iXW 5#P 8t\ w\ rE   \ 7=UbΥΌ    x\ $ ) \ M \\d) Δ‰ \ \ \ Ϋ. M H G k\ 2\  } H [  G w\    MyO  k \ \ Λ»d\ \ \ %FM\ 
WN\'
W Qg\ \ Η‘J b% l$  \ \ \ \ w*  T\ ^!@   @ Ο Φ›Ε‡m \ \ \ H \  \ Γ¥\ \   \ ;ΚΏ.C  \ /#^G)W Z\ μ\ JJ* y\ % /&  Y\0 k\ ξ›Px  RphiJ  E[ γµΌ 0 ZS \ 0iΥ‚\   f\ ?  \  \ \ 8  *Z,>\n\n\nqT\ Σ  @ 4\0 ΤΌ
{\ d.\ I	?3Rz
\ xX    \nz t \ \\Ζ© [N R\ B\ P8   \0_ί  \ \ 4 \ ,\ %%\ y P?I6&0   y?κ½«t    R\ pLmb5\ D   C  ~ \0 \'Ϊ‹egbO\ ? L (\ \ \   c\ + {N t\ D*p e9 <2\ \\ TA   tc.:e Φ \ (	 \ \ \ \ .Μ·  Ϋ X   xko  \\ GO^ \ yw Ϋ¶h       Bk\ %
 LHZy ή[l\ U    y\  > AMGX 8u\r $ \ <  \  > \ L   ` 2S ?I<  \ ήH\ YiQΗ¨  .? ?\ Ϋ\  8\ <\ Q\Z; o  \ n\ {R  g\' (  \  :G H?\ ί\ \  D\nW   Λ¨R\'<  9  \ \ ΫI=T \ \0O\  \0X}x [    }U6Κ—7\  ~8 \0 >\ W5\"   \ \ r\0 s     *\rk\ c B3\ l y \ \   oo  9\ \  \ P y M  \  qΝ½  `?M \'Ο¦ ,\ \     \'\  \ Ϊ¥   I\ I XjP [ \ ?$}\ Ϋ½1\ L\  }?\  \  \ \ z \n\Z t\ % Y~  m \ q       /I \r?E_: \ P *   Nm\  oj\  \0  \  \0\'E j(\  X4V \ _\  \0\  b \ i\\\ \ \  \0 V  : \ \ }!\ \\ [  \ {\ \ Ϋ‰c:Ζ«( wp B 9 \n_M\   [ }?\ f\"o> ` 1\ ^=8\  Ζ―  ΫO nΗ W\ \ (   \0\ \ \ o    jONN   A\ \ ?\ \ ~G Ι―OΔ \ NP   7 \0c \ v\" 9\ H#   @\ U \ \ $ju`\0\ lq)  k \0 ιΏ¶Y\  \  ^  6     {J\ 5 J  \Z0I5 \ bF y \  ?\  {aάƒA\ ΡΆ  \ z  &  Q   8 \ \ZΤ \ \0V \ ti  \0co  Σ‘ΟΊ  N \ ^ \r \ ΕΏ\  \ \ <  \ =IX ,. ?\ \   W\ PAa\  \  ?\    Τ”  \\ \ x \0 \ <{ Nί† :	 f
Z\ \    ίΥ®+\ \ Τ¤ (A \Z  \ \ \ \ rJ p;I=$ 
b\ {d\ -  hw6Z?8C#\ Υ®  \ ( E\ _s \n\ =-u$\ \ \ -\ \ \ \ \ k A z  } m \ ΝΉY\ v   p\  OΙ” ?#ΦΎ \ Ng`n \ \ \ \ IC \ \ : Ee4 (a 8    &I`  :  #\ s6\ q \ 76S z1 0G #\ \ mr\ \ m m    V	2\ \" A  PG  J \nΥ 	A*\ UξΌ•k  ? l>\ z ,  q   \n\  \  \ BΚ \ !w @# J  
    \0\  \ J 	 z =\r+Σ‹ 5)@\ \ D\ \  \0Χ”?P\ { \'Mx \  \ β C ?\   #2      *   C(Rl +bO  9\ G x&*\ wzu\  O  \ ufz \ \ \Z  ηΆ\' \ P@52 4Z\ \ ?6?\ = E{E:\ \ \  \0o\ \ Πί· Y\ /`\r  u 	j5 Y ;Io.  \ n 8&   uoQ \ | \ έΉ \ \ \  \   z]   \  \ 
OzX\ \ Le Θ’ ZU?\ Μ W< P   X. 
\ } ff   , *  \ 5] γ¬©  \ W\ \ \ w 	\ d
6 \ \ *ycΞ»[ {JΧ‘    \ SsE 6μ΅ΏU ~_\  	z\ \n p\ \ \ =L\ 4 \ j    a\ V\ X*}[ O m\ }\ 4 \0 =7\r [ Θ―A *\ ) q \ M\Z $ F+v! \ \n α¬¶\ \ \ %Δ†J y \ j}D  \ \ Π\  adS  \ \ \ Δ±\ HX\ \ t Xg :t #Q\ ]R&g   \n~  \ \  
    \ -(\   N:HT\ IL**j\'UHUd  k $ aά¬ \ \" XI Ϊ… [*\n\  FP   ΣΎ6  #]G   \ k\ η\nx\  \  nΕT ;jbHA\' } v\ 	n  \   i \0 q?. / \ fwT\  \ ]oΓΌ>\ \  >Ϊ«\ g\ \ Y=Ρ ΜΊ m \\  ) L\ nIΧ \ \ `dph \"?\ -9\ \ n\   \ f- lX _a\0S 4\ \r \ \ \  Nk  \ \ h  \n[O\ V%  OFbXT\  JΨ 7!~ ~  $p\ 
^ J 
i D9k  \    w =o \ \  \ , Κƒ  \  \0  N eW\ 8t\ ,n\ \  \0\ \ E \0Ϋ“\ Ξ‘ \"    Sc \0 \0Ο·\ $* s\ . γ¨®  ?>  \0  \0  \n\ \ \ w * :   J n\ \\ t1^ ½@ 1 \  \0 \ {u    \ q   \0O  \0j ` \ <  4c\ M c\    \  = 	\' ς Η¦  .U  \0O\ ?O     :L@ # 2\ .     }  \ BTγ™ !\ \ R\  k \0  \ \ Ε\ y \ )+\ \ 9Y \ Ϊ‡\  \ \ o)\ \ \ v]4\ e!o }~ \ \ ί‹{  \ \ H   ?p=\\ e \ \   LίΌ4κ›‚  Ο¦  \ \ 8\'\ bM \ -\ O  NL  XΒ	  Qt > q{_ o       B \0mΥΌ5  yi\  \ ΩΆ\ i _    \ \   \ Λ¬kΪΏΡΏ?  \   \ [  \0 j\   \ ‰>6 z \n  }A\  \0^}  \ }T\n  \ P$s\ \ \ \ ^\ \ :u~% z  GΠ \ m  \  a\ \ \  a \0\Z         <\  Σ  \ }M B <\ (  < \ \   \ . 
\ \ \ \ \ \\^ \0_  \ Η΄ @y SGoScB \     = +\ \ \ 9B   A? \ }?\ ~ή§\"},9  \ s \ \ \ >  *:pT`o  \\\ Η›~9 \ \ZGV\ *.  \0     \0\ {`     F  #   }x \0x \ ?\ \  \ |qr8   C  {k :   \0Qo   \0 ξ¬¨X  =gH\ ,?\     Y  t #\nj	\ :\ a\ 7\ _\ [  NP L?`\   >\r(i\ Ω®  \ V^0\"\\\ F,\ \ \ Um \ \ F  \Z  *\ Κ¦ :^2 ? \ Ι½\ [J d \ o\"  t  O\ \ F I-\ \\ qr  ;\ FN4R  eimC \ \ ά«~\ !β™µ!3F Θ²jh\ k20<5 opUέ³\ 1R 0  O  Iqξt\"Q\ 1B	Y\ \ A  G b\ > \   \0\'\" \ ΟJ  4\ \ Σ>  ;mZA  Xr  ΟΊ 4\ \ ΨH9\ B\ 5\ )>^  4 \ 7\  \ n/  {S#\ \ \ i z cVU T5 VB @% 
ie\Z  \\{P \ \  SN 4 jS\ \ Ω§Eu,y\0  * \ \  \ \ zή• k  \  5 \ \ \ \ZKh\ Tr\ !k `  \0a{soΗ»x  =h #MN p~ή» )\ )2 \ `WΖ¨     #po\ \' u (A OM \  ([ 3 }|Nx ΝΈ >\ \ h@>]h\  7pO XΖ« Z\ \ @n4  s  \ bMk\ hkL \0  l\ \" ΤZ \ I \ o \ x jc H\ # H  A      - ] D4/\ \    \ TΝL:N\ P \ e,c ^@  \ \  \0o  X\ZGTE\ \ i Af\'\ \ Q7 nm   B Ε»7%P\ \ i kmz\ \rSO < n=\ Jf\ =
\ \ \0	& ] c  \ \ y  \0    >ήƒ\ n \ 5\r   < \\   \03 u  Ε¬Dxo !   D\ M Pc  % \ \ \ L @\0Jf   B\ \ \ X}=\ w*   6\ k?i@O z\ \ s \ \    \0ΔΉ \ b?\ \ \  .8 ^\  \'\ :
u\ZH}lGoaΕ   Η·5\ZS Χ¦\   G T{\ \ \ \ | O\ \  > 8   \ZF:oe ΦΈ  \ qs  \0m\ b  \  OQ  *O   \   \ {q[H \ R\ Γ¨  ~  \ \ \ - = Z   C\ 	  I#\ k   \ 6 zm  \ \" 
-\  zx# \ \ T~}Q Ξ›  \   {X tc=1-J`pι½— > [ { \ -*3\ t \ ?\ x \0 sn+. E:l  	\ \  ??Qk~}  \ \ y h\ T   \ ,Hy<_   \0j \ <:J ^ F  &\  \r$_  \ ι®yά’9   \ \ 6\  ) Ο«n_\  \ ι² \rJ \ ~    }   \   V?Ψ·\ \ ? u    \ Χ½ \  ! \0\ \  u    Χ― \ ΩΎ5! <}O \ \  {\ [  ?\ u ;W\ \'\ \ ΣΆq\"  t\ Φ½\  \0x  F\ i J\ VFΧ§H\ \ <\   \ \  h	  ^   9\ xίm   \ m\   IZ1\ \ 8 2  #\ \  \ \ \ $R *>      \ &   Σh p s\ \ {OΣ½KD\ y   #\ l\  \ \  E  W=L 	 ^\ Rx \ \ IwJW S   A    \0  \ n  =u\' #\ 	\ \ _ ~S\ z~8 F\ \ Θµ \0   \\\ {\ j t\ =K\ J\ [\ MπΌΆ  E Q+\  \'   X{N\ *8   :pH[P\   _ ν΄   OD: \     \0z\ gRQ.t ?$  ?\ ~= \ H V=ID  \  G \ \ Υ€ R\r\   \ \  [ oΗΊ \ \   \ \ OA~\ λ©\Zk:\ \ %\ \ \ * _Xx\ A4[\ [ ΗΌ{  2 \ $ F\'_    ~\ $= bv}\ 2jV\ [ d   \ \  I2+\ ,H\Z F  M!D s Vk \0HA\ O  O  ]G{\Z p\ \    \ \ \ Τ»\ 5   \ X<      :V\ 7&FΘ²	#Τ± Κ«\  %x<\  ?O  Ω hX\ \\ N m U\    B53!Eg*\ FΦ‘ \ \ \ \  \    \ ,A \   \0/ :R ?. \ 2	 b,Hb	 *l  kG   sQZt\ sN I1   o  Sm&\ Τ  \r     \ \ \ ΖO  X Kzox\ 
% \0M  ?[ o\ ~C=j *x \ KDΤ’\ ( 58b N   6  K l \    & 3& \ \ =#2UY\\ P  Π® GΝ‚\ \ @ O  \Zo   \ \ \0\0     H  \  \0R
 Ρ© 
 \ xΧ >\ Z A\    \  Q u\ 2V5 Β\ ?Π΅*δΉ»<@   \   \ \ R   \   E o\Zέ¤Y	C\ w \0: \ ?C\ U\ O. #  S \ -\\   \ N  \0 \ έ€Y\ M \\ SonΣ‘AQ\ \ z$   ,Τ g\\<  0\ Μ‘Un \ Φ£  D\  jf E Λ© Ι¨sMJ\ \ \'  @AI$;  n.0?    \0      \ \Z6 =\  _!\ }   _,\ /-CJ\ < \ \ O[ST \ \ \ ]  & rnG\  a`\r3\ #$&F5\'\  _. LQ J    /     V \ t P\ \ %Wl\nG \ ήjb!crI<  \ \ t\ HcΪ¶  \ \ D?b(\ 9 A& \0 ΘΌ\Z\ b?9 \"
 \ m$   \0cΙ· \ 5θ™ Q\ &kz?O \ } >\ qZ \ 4\  T ?\   +W \ d Z\  }O s ? w\nΧ‡ZGPd  \ \  ΨΗ·c= )\ & +  \ \ \ \  9  _  4AS\ GPV\ \ \  \0yOn+\ P \ \ Φ²W SGc~\ }t  \  k{wΧ¤\ \ \ i \  8 \ \ \ Ϊ…|  \ z P \ Q 5\ M   \0   Λ¦ \ \ X \    \ έ— Iδ€ \ \ \ 67 \  \  \0w   H M nAI?_  q\  j | i C} 7N p \"άA&\ m   d\ Z  \n \ m.t E H\0O\ \ \ \  \ zh ιµ•  6 \ Ηu\ h  } U\ ?\ ^5\ e\ @\ \ /?\ V? _k ά‰ Ic   OP   ~ ?\     \ \  \0\  n Q |?  z \ \ \ \0|   ?\ s\ !n  \0M\ 4\ Xy\ \  1P  { \0 \ >\ Lki \ K+VcΣ΄+q -qk {~9  }     X :s Ki# \  \0  C 58 Z)\ \  Y  {   iz{ Π‘~>  \0\   \ \ \ jk\ \   = G    \ \\8 Xγ©¨ q K  >\ c W    Σ©Π΅η›· p??\  \ c \ t\ HQ\  B8 \ \ \ c\ ]+Q S H\     \0  W: \Z\ \  kq      \ ]o 
}ZE \   \  {i $Χ§ \nWΟ©  ?[ \ \   @<BG^& M.q \ ?\ f\ )Σ± $. *G\ \ 7      s  Όz  -a\  \  O  eZ    
\0    \ \   r:}#\ j\ z   # \ kK \ ]9\ 0 \02 VwgZa   2 i2    Z        \ U@ e ?\ \0   Λ²  * \0 \      V?\ y N^X\ >J\r\ c :+\ <­$ \ fd JL   JG [1F6   ΧΌ\ \ \ c \ s  n }Υµk  cg \ 2I ?   Q * !   }1H% @?7dQ\ \ 9  !  0Βµ\  \ IFf \  /\\zt \ Ϋ– !OM2H   8U\ \ Ϊ€ \ j!msΕ€?_lK!! \  \0W \ \ \ a2 ΦΏ?  jOX <r DR  W i1B9 \ 92FN:U \ : YBD @p$ \0U   $jc\ Q\ \ ί·   \0  V\  \ \ f  @\ |   $ J@:lH\Z \ ,}ή g=: 6M1\ x  α   H \\,,\   G!Co{V\nΥ§N Yx \0  t\ Q  \0\ 3j\r \ ~ \   \ @\ \ \ \ \ N{ W	 \ 84\ ^DV\ Θ€\ uέ…  \ oo   `EG\ZW  5\ H  S B :5| M4 o W-5<tT\ . d i<:m\ \ [ O > M  T  )S O ~Ξ’[ 7IKE λ” 0]  
       X\ y \ ; H\ \ D \ h  zc\ J _qKuy2Χ¥D& \ 7  W \ :rm    . \ ` \  \         \  [ \   \07Ox , \ WS#T\ H    \ y\ \ [\ ff\ZUca` \ \0\0X{
\ <  reo3\ \ P\ +kD_g MΫ¦ \   Θ$x\ H \ ]j Θ§Κ‹$  \ \ \ Θ°   RΣ¨$ \ * AL  Mι¬µ\ \  \ b ICW     \ \ K       \ \n 2@\0  \ yί³O n\ 2\ \ ‚    nb {=\ s \ wΟ¨,H? 5\ }*X ~BέΎ \0# \  t\ # 0j+\ \'P  \0R \  A{ sP\ A\ Φ X\nO    zg u      \0c } \ S#  @\    n \ gJU \ \ dΚ«v\ [   ~?\ >\ G  \ B  \ 
6 \  [  \   Ϋ4E\r: \   \    ~> \ BN   \\ PY~ Υ― \0\ G\ \ S\  w\\s  \0z  0xuF ΟM \ n\  ?\   >\ \r\\  e. S  f[ o 7 \0b?\ \ \ fR     f  [   \ F  n=7Ξ  a\ \"\  \ ί§Ϊ¨\ -k\ y()   eK \ 9  ?6 #  S  GM 	Ζ«  [  6\  \ \  \0%.>G 7!K  \ : jI\0 p \ +  \ Ω\   } #  ΕΎήΆ ?\     \0\ ? \ _ & Ζu \ \ XΗ ~  \'  \0\  \  o%@ έ   l2+\ ]z  ` p\Z\  >  Οµ2:5 => i   Rmass\  \     \ F \ \ Σ*A\Z Φ·   tf\0 \ H  >K-   {L\  W  \ \  86 \0_ Θ½ \ } f\ \ \ \r \ \ \ R.\ \  > \ *@\ \ `\n @:   q   \0^?\  Τ  \0  \ Rm  \0\  \ \ \' \ \ \ \ V :  \ o \  ί‹{o 4\' N( /6  \  ]o\ \ l\nu\"Μ \ \ Δ \  m \  \ \0Nz 2p\ \ \      Η΄\ (  t\ <@\ Σ„q     \  = . N$LhH\ S\ #\ Z\  O\ Χ· Χ¶I \' \0R  *   Τ\ \ ]9\ \ \ 7\ \       Σ°\  \ Z\ l>  nO X  ^ \ V O< c $ye \ J F \ \    \  B\ 	  R@=P\'\ \ \ Μ―\ ,A  \ Wu\ /tRk Q  -  tSE   \ \ \  \ }γ» \   7 \ \ A\  Y/\ 4* U \ Q    \ \   ,  =yQ\ \ .\ p\ z %E =\ B  =K     s\ \' \ \ W+ G \ \"?  0F \ aΚ·\ \ }   iW\ :jVW) \0W\ \ n\r ]  \ v o\ ;\Z jZ8&  R n u P\ \Z\ \  \ +c 1  \ \  \ O<MΟ§  \0?Jέ© `R\" O     ZyH%γ©¦ C#7  ?B} 5  V Υ [\ $  ?>#\ \ J \ SM  \ \n\ \ VE  I     x i\ny    54UUDδ™£  / aMB9.   %eB \\
{ή‘J>Ξ   Χ¤  T  2\ \ e @e  \ /J !y \ \ ? E m]  LR N5Ι¦m, κ½E    /#Z\   x> _?>     \" @ \'  \ \\  : Η–b g \  ?    \0ON\ Te I\ Ν½γΆ§ \ <d\     \ \ d\ ! [  # I \ Ϊ  Z\0 \  /  7 B   ?. U9, h `\ S\ !k \ -\ \     \   \ \ I +$+\r\Zo^ 3\ %\ b#  \0W \\&8  \ \ ! \ \ 7e!  \ M V7 qeO& ^F\ \ 5\ LJ\"C \'\ \  k\ c V\ \ vfd[   wU `  >±  j:qB \ \ Η¤.  \ 4 ! 	: H# M\ 71\ \ X s\   k  -8: \ \ uFMPK D\ \  \0,=    Η¬ L/7 L \ Ε¤r 
H  \  \ 4 #  \Z %    \0{\ \ ] !lΒcΠ•a ;*ΙΊ    _ G\ x  ? \r \0 \ [  # _ @ \n   \rY \ \ \  \0\   q\ \ E$ ^   6   ?\ \ \ \ $S  )  ??   =    \ N:o ! \ sc &\  yNi\ R \0fs\ t \0 \r ss  \ On) =$ιµ(# .E\ c\  y  `\ :    : \  \   >\ BN I  \ u\nX\ \  \ O I  jSY&a\ \ i\ZI\'  k }<{PM:l x \ 2 \         {}E\06X&| M p4 n sry \0o\ \ %r 6L \' /    \0ή½   \ O> % BGΡΎ  \0_   j  L> k\ T\ G < \0K~? \ Ϊ¥`\ 1\ )E  }D[ p\0 \0   6\ MΔ ά”   Χ¦Κ„&\ \ M   y \0[\   Δ§ 6KH d ί¥|   \  \ \   \ ήµ \ \  ]oK}mi z \ \  ) _ ?\ \ \ \n   \  4  xt\ N  ?F\ > \    \  c\ wMFO &;zs *H 7\  \0 Η―J \ \ \  $[\ a <\ \ \ \  uq\ \ p  6{ΫP  n)  \0  [ \ D[ @δ¨ H \0Z \ \ \ \ \ \ \ \0\      ?\ >ι“ `	\ \ \  \ \ Χ  \  \ \ R\  \ \ \ \ 6 \ \ \  \'\ \rΓ¥1 \ CΣ \ \   7?\ \ \   z \ ) 9 # q\ H : R\ O \Z  _ 5   \ \ t\ \ Λ§# c o\ \ Σ>  \ 3\ 21^   @I\ z A    \    Oi   zV+Η§SaΕΈ \0    ~ F ?     \0\   > o   
q`9 \ \   ^  Jj  NQ\ ? \ _\ Q   \ \ N 8\ \  \ \ n\   #\ S\ ΝΎ\ WXc #;;_\  ;/)>\ λ\ \ N  \0y;\ 2  Ι¦Xi  .>\Z# U 5 b % N  ,f    ^ \ \ 5\  Q\ ~ \  xq  \ 7
_ 7_\ \ 4 \ \ 4β²Ώ{nhe 90   4   3 D\ h\ 9 }n:J g \ F  `= \ \ \    \ \Z  v  \  \ !    Y7] ViK   f .7m\\ N\n   M%4e< S\ %# : y4l\ \ R   \    \ \   2K!f9SSΠƒ,1\ 
\ \ bd\ \Z  PC\0  [3Xz,A# } Q Ξ“ X Z> mΡ€Y\ E  ) 9  K  \  \ t\ @I\0 .>Μ\ .   \ \ O\ N  ~Χ¤  5@ g KS\ SH\ W\ aoά€\ QNO&\' [ j \ x{A\  =7(\ ` zq \0 \ 2\ \ 5t  \ f \ \nEWQ  \ uD\ \ \\u[\\YJ:1  >\ (  \ t?u       c 3 1 \ ΪΉΠ¦K? *J\ n\ 
\"<\ JV\ IO \ \ \  q  t έ³  : oM oά¬\  inJ &\ Ηd \ $VB nW\ mn9  \ K      Δ¤\ \ 3 3  ;S4 (ecQ1 \ j  (4(  \0[ Η»- F \ PW \ T7o \ \' _\  zm \ n  \ zjJ\  V\  - \ Z`  $\'   \ \ \ 6Ρ\"o  =\ \  \ \ |x	\ZT   ο›C< + er\ 4c\ 
*-\ :  lMw#\0 \ _A   \ \ v$Χ¥  \ a mΩ })t@ UΞ«jA Ry hu}   s  8  ~!! (ΙƒZ\"  @ &I\\ `\ \ y  \ \ E\r~ή¶*\ ) Γ§Y) \ 5`C    b \ \  B E ε΄>\ 4 Hf 4 \0W FF> \ Η§Ek\ \ \ =\ \ g   ~\ \ 5 3  \ \ \ \ K, Y-\Zj t ,o`m\   yi d A?    Π±  ?  \  \0 j 
\ \ { p \ \ \ G \ l> \ ;1 \'yBMe/L\ _ T;  :\ 5 (M\ SbO 6 U%2 \ Z :   \ m \  @=M\0  =a_1    G   (   ?\\c  \ δ±Ή mg\r  \ \  \  ,NWUO \ d \nx  r\ \ Y%      $ X   6   \ & \ zI\Z (\ zE  I    \0\ >\ \r\ 7Ο¦  ^   \  oq\  \ Ϊ  Γ Ni   \r\ \ \\?Χ·\ wBk\ : \"O\   < m   Χ\ PT   S  \  ΘΏ\ \ #  Γ¦\ U \ ?  \0 }Γn\ \ \ MΗ¨    \     +\ z 2\ \ I\"\  -`?>\ D@4cE\ <zn Bέ¬nO j   }  W :d P&_C
z \0\0
{{ 02:g J  \   \0A  \0b}\ Ξ”\ \ \ UJ @ Ν\  \ >\ :`\ \   o  q    \  j\ \ D\ `?  \0_   7\ T  l \0άK\ \  \0-\ M M\ zS ^ \0 +  \ P.\\  ^	  \0 ?Sj.\ EΦ\ M\ N \\Z\   o  [ήΏ\  n \   \ i\  \ \ . K}.-\ w\  _  }    :t 

6 @  W\  = o\ W G \ I  !Σ= 
 c  }ny\ lt q\ \ v\ \\[\  \0 \ |G W \ u0\ _     bo   \0   oN E S 6 \" \0\ \ 4 ]+e\nZ i Q \    O    [ {} #  \ \  >Σ³ %k\ ^  S <:t #    \ Χ° \0m\ ¤] Γ©      ?<_   Ω4_ 1 Z\ -a  \ =Π’x \ rxu= _\  /\  <\ \ >\ \ Tq\ Ξ#K\0  y  \  H\ Q\ \   o> D     \  g  SQI\n\0 \   ?\ ^Ϋ© :   1  \ ,V\ ~   bX    t    :    H \0\\  ?\ ^ P2ON \ :\ \ A \ W s.~H 6Ψ¬ | :uC\ \    έµuI*\ K  E  ?ά¦Hε―‘\ 1\ %c 
\  ( })  \ D ;kA ?\  ΧΆs \0	\ \ \Z     ΡΈ) M  [  7    #3e\ .\ \ MΤ½X \ +7  jM    \ \ U umZ)b&*5^5  \   J} oG* ?  W \ uw9   ;  7 Iv^93; pu \ 4 D\ =AG \ \ &> \\\ 
\'5\ S- \n   C mpn 0\\F\Z  q }:[ \ [M  \ h na}K /0\ uI;- \ =  ~=v\ W {u\ R   qH  ^¬G Ϊ½  r58\ Ω \ n! I\  4`{\ ^b\ \ 9{r m  {Θ© O\ ]fNΩ»Y \ g Y\rPL \  2  5\  g= ]q   H   \ P# [IIS{y# V\ .l    T \ Φ`\Z)4 Η§}?\ \ , T#\ @XX\ / EP Q 6  \ \0 <[ k \  | l [ 9  \ y\ [   \ 
 g Ίr\ *W\ \ \ R  Nz\ bH      *)\' u1)jpdΣ Y\ .5e( \ ynP {T[H  \ \ \ \n\ t \ \ #\ C\ W \ 1Y K\"F     \ B\reHf  wyU \  :t  Oi\ M \"\ \ -R\ \ B\ 6 i\ Q Κ * P aol  \ O *h\  \ \ \ ) Η½jr\ H\n +  RIb\ H +c\ \ ν—¤`-3\ [  Λ¤ xbΜ³-< O E.\ ®Qd HΟ­\ QΚ±#\  \ \ :\ Q\ tZ iQ\ \  dQ l\ *2  Q2 «X  \ \   \\ \  N \ \0\Z   _oK ^G \ p\ ]\ diYT q6
k}8  8\Z sJW &CgJ 3I# c\ SN 4\  *e Κ¨   \ pl} v\ \ <Υ“ o\ \ _ t \ O\",\ VI
 H* \ d@Χ–Z u\ D\ = άm A W\ \  \0W \ \ @b ) \  N  Ve b wV @\ \ Q;   e  -q\ vO\ m SI \   `V:q Δ` \ Μ†  -\Z!%\ZΒΎH\ %\   \ 4   w     8oE  \ \ \    1\ DΣ•  \ \ ,Τ­  \    \ ) \0  \ > \ ((s [ v\ q ^\ \ \   \ vC   \ \ \ \ Gy$ \ \ z 1\0  Ψ€s	 |+
Y4Τ† M Υ‚   BV \ S!% \  \ \ _ OUG    ΅ΩΏ;/q\ \ \  KG     6E%~ \ 9 z \ g   F\ yf\ D\ $\ e \ J =d`ko1    \ \0 Zc \ |\ J7;Q%eU\ o < \    Τ‹\ \ \ \     \0^=  H5\"   C\ndS \ #$ \ G\ }y \0{  Z\ u - \  \  7\ GM \ 5\ < \   \  j\0t\ q\ U \    \0n-onQ^   \' MSjx\0X[ <   } 4   \  Rmc{\0?>\   V =E 
_   o  
 }     =5L\0-k\  ?\ ~?\  W@ hs\ Eh\  I\  ~> \ ~\ I \ZS  G \ > \   \ ήo  m p@\0 \     \    \ \'MN \\ G    ~?   \ T\ nm`9 }>  j   \0.  \ \  \' A7    {Qi \  ^ y \   Κ>   /{ ?\  =   \ O yt[gΗ¦  O\ \  \0\     \0?\ t  L \0k\  \ \ 64\  K <s <{  \ \ \ m8IΣ¤*U\  X \0Ny  c\ \  y?> \ %lm \ \ \ O zP8 \   M\ Ψ \ o  \  K \ZI \0`O \ \ ?\ {O7\  \ \ ί>ήQ~   \ \ \ y< V: $Z\ \  \ p~  \0  \ #z  O1*  q \0 \0  h \n 5\ zq  	    Ι© O   :}?_  Χ¶X\ Ο—WU S RΔ°6 \ \ s{    \ng zs >    8 {e U1\ \ u : /o \ ^\ 1 }:T \nΣ( # n<\  O  \ \ ]MJ 6  \0Y     t T  Σ: M  ί‹ ^/t  n \  \00\ \ \  \0\ γ¥w    \ v\ J\ wSu 5Q cz\ # IU4+2\ G  S J\ \"G cS< m `     c@t\' ^gΛ― 7\ \ ξ―”    nΰ®®\ \ έ›\ l\ e  _%v\ \ \ Σ†\ xz<@ FL,4 d)\ )1 i    8  (\ Y    # \ L} g Θ”#\r   (8   ;  ?z   ?m(` l|\ ^ \ L<QEx \ \ ` 5R\ ΔΉ\ 5]D }R\ ){  5  Dd    *8) )E\n:` ,I_ΚµΟ \ iKxf  ?% \ $W>  ~ \\    \ uda Φ…| *?\ ;  ;  #v5\0 \ _ T [ GLf\ o    Wn\ \Z\ 2Ud6 L\ q\ y\ \rB\ \ >\  \ [a  A \ \ \\|iJ } \ \  -{YΝ‹ nίΉ\ \ \ | *O s~ CW\ \ h>]n \ t{\      \ d\"   YJSE]&F&	uι \" p\   \ L\0:G \ =dl \ \  q\ Z | 1  INj]iR +7\ H K [\  ξ¬ΎYUK2T > \ Β² \n   \  Π¨  \   K2 \ < Q #c g   \ \  u?K \ dg ?\  \ `   \ \ \ _   \' I     MT $ %G\n\ :1 Xn-   jTQN ]j~* \0   > lN^5xΘ0J1\   \  zY o\   \ \ \  \ \ J\ \ \   \ b\0 2 3\ \ \ BO9B\ y]  *Z \rl \">\Zt  Γ–,\ A \0Z  ] \n z$j   \0\ \ MV   H:c 1h\  %T \ GΓ®\ J bos  Y\ ?* i\ oJt \04\ KΔF | \ #\   t\ CiZΔ‹~ \ =   p\ \ MIn=S\ A   j  K8Y(K Τ±R.O
n \ ίz  Η§\ !\"   0\  \ZΒ¥ 0  5C  8   \r\ ξ…“\ Σ§	V \ S | Γ“ (Δ†xΓ£ \ 3\ ;:  \ . \Z0 \ \ h j    VA  L  \0W Es {\" kb   \ \ \Z \ )\ \ 2  %/	   ZzΜ¦F h\ ]r\ *   l ;  \n     \'Χ£;xM O 8\n2X  \ \ =[\ _ u_: ;  \' \ \ \ \Z\\N \ *uu  \ j  \  : K Ϊ°\ }\ XE \ 3SJ\\ \ \\  \ Σ—vΨ£ \ & \ \ ?$ \   I   g +  [   o Eh\ b   \ a\ \    J\Z\ e\ \ v\ \ \ P j U UΖ―  \ %\  \ 2 %%Ld\ * 
#~}\ M  \" ` zu  : \n\ \ \ Φ† \0;>0Q \'   / 6 3\ uC=   \ -G\r J   + ) \ 1i\ ZE\ \ Δ¥\ \ \ \ } _     \ )  RiJ \  4  :V U x ?    Ο­    SN  a~3  \ ! w      \ f \ SΩΈ  #\ ;     \ 5$C\ [pΩΊQ  \ D \  a2, \ G\ \  y -\ \ !y#A\   > /  [J  \ 9<\ \ \ Ϊ \ \n\  \ a H  I\    \":  \ \ 4\  \ \ \ o~-    \0\  V   ι“ \ \"\    \   n\Z J\ @ \   \0x>\ \ t _ } 4\ *@\ r/ x  _n\ 0s\ Euu   \0` `\   N$tΔ±\  W 
 ?M,x \0  \0x  ?   $ k\ l \  \0\ {P \ JS\ \n ?_   ?    ot\ \ @n~ \\o \  )\ \ Γ¤\  _ M \0nI \  /\    a  m uZ\ \    \  ~?  Ϊ”\  g S[\ (    \0   \  \ ?\ zf  \   j _K  \   \0 {Us    E |z ~\ ? \ \ E \  \  @  w $~] \ \ R \ \     Ζ\ \ \  Ξ½cν© 4\ \ % \ 8 s \ Ϊ‚kdz     \        Ο―JG\ \ \ TXp??\   a #\   M    \ \ \     js   O  >ή-`  ?\ ?\ \ Y< V: \Z \ ί‹O Χ΄  \ TB :v     6 \0~n)# V\nI   G\ [ Η¶\ $Pq\  *@\ J- \0\ \ r \0\ \ {f r| yE N0\'\ \'\ u\    \ ;   ^\ \ 5 \ \ \ t\ J \0t\  6%P~ }?\ s\ 1\ :t`W K     \0    k 1Fp\  > -ZH\'\ \  by   4 u-3\ Ϊ°GD \ G \ O \ {[ \ 9\Zm\ \ 9\\ [ ρ•‘ΙΉ*X\ SQd2C M ki\ $  \"\ *@ \    ^  \'Σ§`  58 \   \  \0   \  y  _w&\ \ \ \ 9 Σ \nZ\\^ K v\ άj q\ Wl\ <\ K  a  f   I<  \ \ -T\ T=   HΦ  \ \  ? ]%,i\  \ \ \  :@|[ 	M \ \ N\ YNέƒ\ ?A5mDR C6: ~\ S\ P;\ GL  	      [\ \ Β™\  +*Jc<|    So yYj#\ U&b  lu2 \ \ \ ^  ?S\ Ϋ…\0\ \ >C     Τ(   O P       8uο—B  k    xg     %    Eh i\ !k \ T@\ Y [ { /  K\n   \0Uz gK/   \ \r)\     W   \"\ i57ΗΎ\ \ \ \  Ι® h  N f\ nΞ   T \ )e  
\ c    F\ JW_x \ *Ι²\ Gs Jms  ?\ \ \'*}  ζµ¨\ -   \ ζ­”[άΈ;\  4   E }H\ \'Ξ@\ \ \ L\ B \Z i   z0 ΚΊ yadS\ y z  g\0  6 *#   - \ : AV\ F Ο§Z\ \ V\ #y ! IT\ P \ \    \ d\ \ Θ¨ \ Χ-R \ # En>FVfTYRC\ \ .    @  +]A\ A{   \Z\  =o^ Z\ 1 _   =Ν  DU\rQL< %\  1#\  Η\ \Z  nG  zq  R    R 	\  \ J   l   ;? E4 %  
\ W\ u
 y \ \ Σ†\  >},\ v\0R > , 8\ D Ux q\   %b:   \  +z OΠΌ\08 c P\ \ 5p\ \ c V    -L   H\ #3 $ < cP\   \\5\  \ Ξ΅\ U( H\  gJ8\ 2\" l\  P =4z 	  +ap}V  A<zFF \ \  \ E]e= b \Z   5\ \ \n   [X  zI \  \0[\ .(hH NB  %OΚ Ϋ‚ z\ c-W\ Az\    \ ON	q\ S\ 4   \ ΦΏ  c@ tρ―§ \ \ 4 = c\ : \0|{  ;6 \  \ < I\  \ \ z\' C$= ΪΩ¦ \    ΘΆ:  Χ  l)e0\ f5L   s     s=\ _  n q 2  \ ?  \ t  M ΥΉb\ p7   +  Θ O\'\  ΣƒΗ«|\ \ OS3 r\   w  / FbK;3o < \ } \ \0dn    \ \ 7HT \ \ 1 n Z\ `  gb\ 2( \ \   ΤΏE]?\ \ Ϊ±	@iS N   \ \  \ [ P\ \ J /  \ K| \'\    4O, 5 dab UΔ³ 6\ \ Lc L\ Z\ \ w   \ 4 Ϋ€:Sn\ j`u  _\ \ Χ›  = \ W`\  h X  1fleJq=L \ H \ I<mΠJ \ \ \ \ iq     Q Gf\  \ v\ \  \ 6G}\ \ V| \ P\ \ 4T m\ ]W{WΞ¤\ IN h \ Ϋ²  0\ +A](m\ CJ\ jCΥ\ ΣΆ+  \\td    \  }]\ \ b?\ 7 \0x  0Z\ ΟΆ0t  \ > 4   Π°67  y\ \ \ Βµ :l =@ -  _ #\ \ u\0zh ?oM -   Δƒ \ \ {qxtΤ‘\ \  \ \ c\  \0|G       72 f  \  \ {R+N9 M\' 3Ψ—_ \  m \ ΪXC   \ \ k  q N?   \0  0 $)=\ \  z (\ t m x {   ιΎ™ X   \   \    L xΣ¦  mqao \ q\ ?\ ^ί‹ t u   A   # 7\  \ zd \ 0  \ _\    ΗµV@  E \ =    Ϋ¦Ϊ„   O     _Ϊ« u s^  ~  \ d Σ‹\     ΧΊc\ i \Z w & \  \ \ ]x X \ $  Τ\ s  !^ 2} \ \ \ %\ZΫ›    \0\ }Ρ‰\ \ \ ) \ H>ή¦Ε\ OΣ‹\  q  \ b	+ 8 
\   \ n   L\ Ϊz \ j\ \0  \  m \ \ Y	  \ J\ \0 $wu>\ JX \ E  \0 _ \ \ GJSΟ§jk ί\ \ ?     5 E \ Σ΄_ \  \ \ g ΧS f/ = \ \ H\ \   R\ \ \  \ p?\ ?\  bbCh)Σ½8 (? \0~ \  Σ±\0s\ \ \  \ nlO\    ?\0:xt\  ~ \   7\ ;p\ Dj <)\ y h Τ•  e5;K=m}}uDT TTT   U  S AMKMl Hμ¨  \0 \ |- t  \ q\ ^ \0  \0\ Gcu >\ \ ο‡•\ \ \ i\  Y η–– ) vuJH >]  \ \ h \ b\n X\ [T? BΡ£ \ D\ 0\ DOs\n/ ?g \ z]    jO\   \'\ \  :\ Ϋ»{ ~ \ \ ά»\ \    7N\   \ 1 9\  ΚƒB  \ U :JhcH _0\ X\ \'1dHΧ‡    (  \0>] μ©ήi Jx X ! $ D\ .  \ _ Y\ 7   P 
]#Ι¤ \  \0  : \r\n \ \ s uUm \ f L}v\ \ |R j `    \r a h\'  X!2c  n X     \ eF\   N\Z  7     \0P\ \ - \   Ϋ»k}\ ζ³  \ {RVDA   sah Κ\r  [\  [Ψ‰ !(\0\ :~ή§G  8 
 T\ \ [  F 
 jG\ >\ 058\ ή\nxH  \nJ {jS <}/    Pco ~y\ `\  _\ \ N \ [ \ /S\ > \ \ i Ϊ» (            v i&/pm   D \ \0c <R:0?z\ m7{ ;\ D   Vo\ Θ>L+CΓ£  x Ψ·
]\ n  \ / \ G   J  `| (hE\0a   ρ·µ³\ { ~\ pm\ \' \  - \ M ]Q$8>\ \ ZE   y*@K\ \ ΣΈ\ZP )\  \ ,ί \ jΔ΄2\ZW : qΒΉ=e ΥΊ\ s>\  \Z $   e\" O Oo1  f 4yjaSG, \n\ r /    Vxgdq Η¥    {$pA\ \ \ C 	 Κ\ ζΎ&\ -   q\ \r@ J \ Lr1 Τ­  nt  >\ WtR oZ FZ \ \ \ \ \ &W<  \Z \ ifA \ V I \ \ \ \ \ 7\nG   ZqΘ§[ « \ q\"   ή‘uee \ \  
\"\ M4 \ G$b  \   \ >\ \ i  Μµ   \0,\    <G; \ eX  :u1 1 E <\ O*\ \ -\ _\ \  ]<  H\ | S\ \nΙ® \ ,  <\ `\ S  M ΕΆIn\  \ \ \ \ \n \ \ bd @+    g L JQ \ \nI u(B&  \ GLY Jn_I\"\ \ \ GY?\   \ \ q\ \  \  \0\ \ n c  j  \ =UcI~M>F1D\ \ r\ \ `. >\ CUN  \ Λ§@U \ CL ^ ]\   : k OΦ›\\\ _\ } ER Tb 5Sy\ Ψ\n P yo \r       7(r  ΧΈ r\ F\ 4 +\ \Z2\  \ z)\ c \   9\ [t   Ν›  \ \ #\ & u 6+ \ \ c\r v  v\ \ \ c ;o  Zl^	  i   \ )\ b_  H   \ \ \ \ ei\ PGU\ \ X ywquq=\ \ \ K   \  f\'\'   iL +1 Y u> 66  u}-b  J \ntTΕ…Z  \ E  \ 7 0	/!   $     \ \ h	  \ \ c <OZ\ Β‚ Τ”\ 5 klE<   > \ Y\ \ E u \ l\Z 6w\ ` jkW\ M =G\ \rΙ  /q=;nj\ I\ )Φ­ν‘©  \ Kji\ ε¤H\ \ 1VLi 2jO3 #\ nά€}  \n\ M5p  z[\  \ #> \  \ \ \Z V\ K ΡµU  ή‘  W Z/\n\  _\ F =F t\ c 5Λ¤\ GU\ S\ \ \ \ ?\0? v \ \Z[wt >\ \ 8\"lVr\ ) \ - CH` x  i ;}h\ \ *$ -4 \   p:\ \n G?. \ , \ 4 I  \   \ k\ :\  `vF\ \ }  \ \ u 1  j\ e \ b\ s\Z  \'    t     (   (ji\ \ 5n=   \ X *  F+\Z\ s{s \0 \ \ \   t\ R, Χ  \0 \      u \ \ S}~  \0}  u \  PH   \ {v3  ή½C \0\'\\ \0 \ Fs ΛΆ    zl  ?\ \ =   :\ t\ )mf\ K  ? \  \ J  \ M \ =        \0\ { [\ o        # \ /Ms @ \0  }} ι\'>  \0  \0   \ \ Ω–@  t\    ?\ t\ %\ o x\  \0C\ z Π4\ = >}7  W \ _U \0\  ήƒ\ :Q ~ c:z \ \ X  \0\  ! ? \0\  \  \0\'O \  \0      \0    \ =0 \ D  S\   x  \  \ZΓi\ \ =,\ \  A^> p?\  \0i\ \ =]}zpA\ Q   {L\ \ \\ \ \ r   \0\0\ \ 7  Η½ \' NTί¥\   i_   (  t\  \    \0z \ \  \ \ \    )\ \ :uM\rz N)\0    = 1 \ \ Σ§ (\ \ o  \0\ = Σ±~.  Ψ© k[ } \' O  \ O\ \ v MFs- ή½ ZM\ \ lVs\ \ \ %2I6\  :\ \ x\ h    )+\n   W\r  S#Τ \0!O_ \' \ \ \ έ¥ff:b   S   u ΕΎM|  \ b  bΟ\ 5R\ Q\ Ϊ’V\  N+)a} KU - \ V ).V !\\ \ i     N8  p\ \ $\n  (  y\  \ U\ Κ΄ \"5\ \ U\n \ \ 
!Q\  ?#  Ζ N\ G\ \ B&v\ \ o  Κ¤S \ +Y5Dt\ 4u!\ Z ID\ \  \ &\0\Z*]\ {  L 2r-\  \  p\0\ κ¥) zHT-[ Λ\0 \rr\ e j   \ Y^SjRE\ )f\ F\ \ Η§ € r Τ™|NN\Z\ +-}Q\ T  Dyx  \0v\ \ Τ§  ΤΆ\  {ή’ Kv\    _ \ Γ―   x\ \n^  ] \Z 6ge\ \ Σ» -! \ \ aW&Σ@\ \ o       Obh \ X\ -Z    tT  I\"  Σ«B   V W \ kz   N ηƒΆ\ \ \ A  jH\ G \ Ξ†<-\" A#
j\ b\ C \  s\ 4\ MiΓ§ |GB :(   Υ£ lX
   \' \ }} \ \0u\"z QX\ C  , 0~,\  O \ 6?Q \ }    =\   W\ n	\" j\ 	`SWQ 7 1-.J-\ &: F  
\ \\ \  [ f  p*Q \  \ \ \ | 
A \'se\ )\ {2XH\ h$  \ \ ,  lTΥ¦ \ { )3 
c v  \ U\ m Υ³ . _ \ .c \ \ \ h h\  $\ uq^\n\ 9 Ub  a\ -o6\ \  \  \ w Dy2 5<AGΟ¬ Y,om\ w= _\ ~\ a\ pj< MU \ OC-\\i,\ 6 J \rΔQe@ X@\ J Δ¨VE\      \ Ϋ« \ \  : <p $ k;: H Q  \ ^    x b6c >\ J \ Β§=%  \ E  \  \0`tΚΈv
#CD\ 0u  ? !\ ,\ <]^ γΏ¦\ \ {J\ F)\ Ρ‡  Z \    \08\ 5:P  \'z\    ST  \ -\nH h9\ Qc\  {  Z0\ 8  HnY J\ M \ $ 6A     Φ± Θ”\ 8 u\ \ B \n AΘ\\ά± \ \ Z  g \ (  \ tz   8  X*\ j\ n)ζ”‚\ Zv`$ \ USk \ \ J   \Z / \ \ Ό7eh Σ¤TT ΧΉw     W \ ;  I 9) * [
lP ΛΊ;sMK [  Uu \ \ j\ZX\ \ li l |ΕΊE Y   \  2i\ -\ s Ψ¶  \ u  \ `\  \0 %    \   k vg\ \  uvΓ£e bJ  b $9\ \ 2d\ o \ R ]^w?V
5\ ZXAX\ \ Vl 5 \ eo \ D\ 1  \ \ \ Ηz\ `ί―  s \   \ h S 4 1 \ ~\ jOJ  \ W XV: \ ]f E#\     \0+O \  \ 6\ >\ \     -bT \ \ xX   \  O\'\ \ 5\0kPz Ea W\0j \ \ }2
 [ /s~	 κ®΅  z`βΊΌ \    o_ ξ >z   {l >n*,\ Q=NC y\ gΧ¥\ U >   = n\ \ + \n \0   \ άΊ  \r\r1_: \ \ T 
$S\ <f P\ dZ:  ^C\  \ x  \ L *T\ 
bEpu9Z\ 5 \07F$\n \\ Η®?\ \ \   5 IJ\ \0      3$ 4  ν‡…4K\ \ b  άj   MT\ \ \ \ $   z     Ia \   9i Ijj a 9|\ :*    R vb\  Qy ΪΈ !X\ \ \ L -A9 yuc? y  \ =\ M \   \\}Z\ Γ\ \ % \ ` MBOzl \ MWQ $  `\ zS< )a %jέ©@d<0   I% Y L T \    m{    w\ \ &\ \ } \ \ n-2M %L\ \ fh\ Θ“e  e\\ TΒΎ/$ R  V   Ρ\n  I  \  \  \ K^ uBOO  \0? G\ t \  \   \ \  7\ \ L s  \0  \ \ \ :G\ { j\ ή½  uF ιΎ£ Zί†?\   \0 {S\ z/& \ Mr}W   	  \ A d \ G 	  \ \\\ Τ£ v\ +\ GL \ \ gM }   nt  =5?\    I    h n\ [   \  wO t\    ~ή›\    ?\ \ Ω‚p_  l \ \ ] \  z   \0_n  \   ?\ u \ \ _ U\     \ }\  @6<d ?\ \ \ < NG\' .\ } x      y \  \ $ \    \   t\  \' m  \ ; G  u9 !   \0\ \ } qC^ @p\  p  P     \0oξ£¥	\ Σ¤H(_Ξ› \0 {HMI?> E  u @\  7a\ Ο§ΧS@\ x \     N  \ \ {Y w \  m= Cc[ \ yj6* \ \ Y  3\ \ #\ bKjc  O= | P  0TR[\ uQ \"  W@  >_Έ  q\ :   \rVc\ \ \  i MΕ™2\"T    I\ SZ\ Σ³ P V \ \  iΡµ \  \ :A<O    : ~  f +  ji2   \ m\ Κ½;_aΖ›Km, q\n  *\ bk)7\ Lv o\   V\ \\\ l  \ \ #\ p \07\ \ \ -` R\ p ?\ <\ N  5 j+3B u\ \ FE  Z }I   OQT \ 8ΰ­› \ S  [ή       O    1   q\ \ \ ΥΌ	S%>L\ Ip\ 53	) M-.. d \ -  T\ [\ \ I# +Ζ΄Ι®??  \ \ 4 Λ ή·#\n\ 54PSU\ ,q\ Ld \ \ 34
K3 j\   ve]*X\  \ ] F\ \    9:  ?  \0  %}i 9\Z]<1T\ 
C% P ΤCZS I4 m  \ ,4 } \ B<2\ +_ Σ§ \ni\n\n  I DΤ¬, \ i P\ IZ 4o*E Y\ \ \ \ XΝ¨  m\    \   )  \ Χ– E \ Σ¨\ \ y\Z z: )\ yLΠ« \ Q\    uv\n K Ε½ Z \ \ Σ™.=mG \0	    \ }  c%^ tm}\ \'rm*YoY     q \ J1 K\ \ \ T !  U Hxb} 6 |Ky#4   \0/E K T | \0g[`\ y \\ \  Z \0  [ 2 7 {2\ SN\      u\0iC\ Ϋ   WDv\ \ I  \   \ \ \ ]4  1  uu& /h  rQ    <z \' ?\ G  SH¦ ?R <:t+\ e c \ M  \0   u\rΓJ) : o \  Ϊ| \ LA \ ~ \ -&\  \ \ \ S\ =o@Ii\ 1\rY\ )d lk=ε¥ \ I Lc\ ά \ \ \ F n	C\ \ Ε£\'\  _\ \Zy\ Q Ϋ\ a .\ 3\r \ \ S  Aθ…   $\ F\ \ t; A]Fm\rM<>\Z #2k    Η U7 έ…Γ€  \ T\rS\ GV  \  )\ x  &\  \0\ ~T Cyz &P\ Θ―S< h f @ z x  d1 
/\nG\  \  A$:) &: @+\ \ \ zΜ8E AX\ ξ–aUyΔ‹\": \ ,\ [/k   \ 0 a\ N<\  \ \ Τ©\n\ \ ,t \ ξ¤†  | \ Df i T JΗ‰L\ H\ \ 	K\ \ < 4   L D \Zk\ dW   0f\'\ γ©• \ i  62H\0   U\ %k 6_tr  (\ dJ\\ R:wVz  |^# n Υ\ P\ \  p 	2  sfj>\  \ A    wT,ή 3 UW`\ V \ Ooeh [\ *($    !  ;Δ°\ ,\ #  K\ \ \n  Y     \ Wm \ \ ?Ζ­ VΫ• ^\ \ G \ =Εe    \   Σ¨u\  \ \ \ +   % 2T\ Η.Nro)\  \ \ \"\ \Z N\ d o\ _E^\0}   b < { N\ Λ±Ϋ’ ! Μ®<έΌ \ ZSΧ£?[(B	\r\  > 	[\ T - >\ \ &B \  \ +\"  H:   xά»\ )  Y g?OU  C!\n  t\ \Z    \ &F F n 2.  *\ */\ \ \  \0\ {R   tΤ„?>  \ #   V \ \ \   Ψxny p	\Z\ g _\ \ ;QZ\  u / \ *ο›ΈzYT\ \  \ \ \ \ \ T u\ z n\ ΫΈt\ $ j:   zy  \'\n[ \ |Φ·    v*   u~ \ QI[  \ b\ OI LSS\  TΦ \ Y\ \ GSJΖ¶`M  .L   :\\A \ } )(fd \\  \ 2\ %:L   \ \ o Ρ• d{   Ηµ\0 \n Λ¦\ K\ / \ ή†RURzZj  X< -L-O$l \ WN\ <Κ€\ \ k7< P i   ^ 4\ 9& \  \ T MP\ $\ S\  \   z\ V    \ )IT} T\ )ά„V,=GΪ\ \ Ua Tq \ \ \ \ mΝ–     x+(\'\ gi λ\ f)\ W\ \ \ ) 4 cΔ²B\\hPD  \ P:cF    *Ε\ \"  \  \0?W7     \   m~\ \ \    6 ΗΊ \ \ <   #y<T\ \r    C  x\n  #\ \ \\s)  F 1\    Wq @   S\ 0?1\  S  \ _\ \r ΣΎ\ \ \ 7+l \ SEO] \ \  1H  \ E   .x\ Y\ =4 \ \ H  G  Χ  \ \ soV\0:|   q  > [2 Τ¬Y+)YJ H\ > \   ?gE \ \ | X\   \0 >\ & \ ?Ο¦ι…\ \  \0 \ G   Zo. \  _   I  <MS O   \0  \0 {| \  \ \ t\ \ O  \0   :Hx  \  \    S\ ]5\ \0fo\ ?\ > ?\ \ \ \ K\" t\ !·   \ \  _f+ \ \ ?\ t\    \ \ ΫΎ}; \0-   \ \ a \ \ \ k[\ k_\ \   +2  >D t\ \ \ \     \0{ \ t / *n \" \ O \    \ \ ?\ {N \0\ \ \ u=>   \0z Δ]*   \0 Ο©\ @	 \  \0  \ \ ?
} *O  \ \  \0 \ = \   E \0  ^|y  M2 ?d\ \ 3 8 =   w \ Zob    \Z Z οµ¤  _i\ U]^dy \0\ ~t\ \ \ \ \ z  |\  \ OΚ§ l  \ 7t  \ g\  \0]C \ \ Q  \ \ K \ 0\Zh\ yh0T  obr   \ S b  \ |nG>Π΄\ !:P      } *n\\  _\ \ \ ε§P 
 \' {s\'O {K~n} W5} y   Z\nG4Ν ΪΈ  lmή©\ 8\rN\ CP ,@,; 0q&3\ |  AΡΆGα®” BΧ€\ ~g\ O^ \ \ \ E d h\ %eJh Y T=&DK \ I 6  t c,RT`P /     H>   J
jp  W\   d` JΘ«(r4 yL]U>:LD  \ ` 3  kX\ j $I$ Z P\ 8X O ΛP  q\  \ Ο¦G\ @.Ο  L 2 e    . \ S U<y$1\ \ L\ \ 4N#  V/ΕΆIU  7 \ Τ£(\ G \ _> )   }A  z@Χ΄/L  \ \n V\ YOIF  EE  J  \ =+Dc\ b IB  i_wV  xTJ\ P   \ \    
`j  Λ  \"`\ t  c H\ U  v\"I\ qp Q $ Β­   \ \  _wr; e+ZS\ \ ½iF  x\ \ \ J \ H\ v\ # GU\n \  ~6   \ b PbH\ 
 !,X_?/    R  e x   \ &V\ 2 L$ / H  & 9\ t\ ) $\Z \ \rD
 NΡ‚ \ - \ O \ \ \ 4\ ?gLT  N 4ΜΈ r Dz \ #  \ IP   Cf \0\ \ n\0^= F J \'  8\ Υ³Z   _   	W \'\ \ > l  \ T{\ \  L \Z@\ c\   \ C5Q]Qjr    \ \ pJ\  \ u\ \ έ¶V \ E   A\ }Υ \ .       zAMV 2:  F5D\ co#D\ Ω΅u!  \ V #4\Z     :GΤ‹ t\'\ l*#V$ % \ ] \rn,  \ \ =   s Ο§*RN+ΠF 4 \ \0 gO\ m\ jko!N >]: s \  \Z    \ \ * \ >ή \ W  \ @D   / F 8<pΪ‘5\n \ z \" uF5>5\ t~\ \ | \ L \0\ \ ;U-wo\ |Lljz\ /]> \   \ Δ­\ \ 9Ϊ¦Χ”  \ \ ;T  $p      3 \ \0\ ZtPji   y \0    \' m \ ^[\   rΒ6  Γ  \ x0 \0Cc\ v . }  0;        ή–F s%L FS$   Q5B   \0 d  {   \ A 3QLΧ\ \ Z d .\n  \   5 \0\' J k4B) \ .g EYQ\ dmf  % 8  ;  {\ z GM   2q\ O _\ \ W x    θ¦™Y>\ \ Q$   ~\ \n  $IL\ h %f   Kwyg  8\ LQ      \r \  \ \ lt *|   \ \ \ \ V~\ S0*S,)-NK\ ΚR     g`=κ΅™b    )RI\ \0I ZK1f Q\   k\  z  r ~  \0 {\ !\ M   6>Ξ¬Tc\ G+\0V Eh \   ο΅6AΗ―J \0h H\  ά\ \r D  \ ;Τ‹J    \  \\V \   c\   B6H  d > \ \     c \ 5^\ \06 *j\ /\ w\ 9#I\ \    `  \0\  _   \ b(\ \0?> yJ\ Ρ°\ c%Τµ Z :UE   \0\  8  )Ϋ,t\ =E)\ YA h\ n[Ρ¦ [(7f  +  \0k\ \'=6Ex\Zg=` \0\r6 \ nlT S   \  \ έ•k\ ? L\ C U\' c   	   \Zd   */ \  \ b \0 \ K+ \ oD YT  <t Zi\ I \0@\ @\ \ Υl  0 M \ \ \"u C zjJ   kz\ 6 98h\     r z s  Ρ¨}  Y [\ \n7\ \  \   kh\n  5bO _U\ -,Β     \ e) \ Z #,!\ Zt K Yd \"T 
* 9\ \ 4ι¤\ q  k\ _. \n  p, ~~}:\ PKS\ \ D =< W \ VE 2     \Z (unG \   Bq +\  p:  \ \ ?\  z #\ u 0  )\ $>=  4  h\ c I\ o \ \ \ \ \ ]aI*\ ?o\ \  \ U΄ O   \Z  h\ Z\  & ρ¨¨\ G3R  ΡµE. Ρ¬>   ΙΉQ\ \  	 \ T`   B   _\ t%α¥E \ !    \ I     !  \ Q\ j c-5-Θ†\ \ t X\ ;Υh<\ \ \Z    d |\ B 1** =W\ \ M  | PWdZ     \ \'Z\Zx  CMC\"\  Ϊ—\ \ \ =   \0  O  _ T\ YOw\  } \n  r6/OZ*ά–;\'$ QS\   qTT $ \ %drL(ζ©\  3ΛΆKj_k\ \ \0\ \'<*| JLE jmz; \0 }w ET\ \   r[v   EΨ› \ 8	$C-~
AR  \ \ \ Ω‘ \ $  \  g \ V p\ Κ•eee9    OwcgpH C9a  \  j)\ \ u R\ ]\  8\   s{7#YUQ   
 έZ*\ \ l 9sK\r-v>  biDΙ‘g     \ Q AD|\ \ 1s J   ` \0#   \ \  6Wh \ gPE \  \ wm \ Υ\ \ :j  zy    r\ \  (\ \ \ \ tF\ &  \0?\ \ %Ε­Ε¶ <, 20~\   G t \0U \0X Z \ !\ zk \ \ \   \ G \ \ - \ \ t \0    \ \ C  \  \0O ?  Ϊ ι²£\   wO t\  \0   Ϋ¦  @ \0] \ kΧ€  Oa  ]7 \0o    \ J(~ U;tu \ ΪX q\ k     \ \  3 !Ky u  LI . ``\ \  -a\  \   Ζ”  \  \0o\'N	   A \0  \ \ V5$ xt\     \'   ί΄\ % \ \ \ \n\ mΥ½ n\ \ Ο\ Ϋ§om6 6[r\ q LzYZMw     \ .\    H \ #\0>x\ \ \ \ gcQ 9 \0     /\ ή»    )r    *\ Π±\ {R8Θ•2 [\'M.j Js( \ \ b \ntΞ 	^\ \n  S\ \   \  P  ym \ I72 \  \  \0,: N  \0 ? \ .\ \\\  Ζ» v\ ^-R l |       z<\ >\    Nv  mYN \nS\ X   \ s3\" \ Z\Z  \' \r \ ej X 58 M~\  W\ \ l\ 7}UR\ f    I ^Z\ (\r=k \ \ (ij d\ 4  \ y*ZUe \ZKj\ IΠµ\ZhG \   Υ\ +Q P| A,     \  J 1Ρ\ d  Z \ \ j  v \ T\ $r $ \r    E,  B   . UuZ0& _/^ \ \ < \ 3$P\ λ©¨\ Y^   c M[ Z \ \'\ VΡ½H\ 24hT   x \ E;  \   #  t \ \ \ \ o \  f\  0 lSΗ‘\ mjiV r5MP\ >F \Z9g   C \   i Z BdQ 9   :\ \ 
E  \ \ \ -\ 2Fk  z|\  cZ\"  \ H \ 5BO   /E*\ R lK}\ T |g~\ @<  Όz 
7Ϊ²\ MV-
5E<\ Lf5/ \ cΜ„ o\ \ i t\n j \0/_\ ΣJ \ i   \ SM4  T52\ * 1\   T5:@P   H r) 
 \ KZM6\0+n0P t _    y@ I\\\ \ \'ζ¦\ T TΥ” \ 2\ 	\" :Zx\ \ \ (2TSVUF\ C  U <4AZ p\  \0 \ \    \ \ \ \ ;\ \ QP\nΟΊG  T ^z  Q Ua%  r|+Rd \ I \ \ } Μ o \  _\ \ \ J1Σ¤\ 4  \0W Ij   Ji*:% \ \ , \ O) :M_T \ ζ¬–\ 7u[_Q<{e  oT*  O p\  \0X    \0  \  h \ \ X ,Lt \ \"Τ©   d \ W# -\ n@\Z\ =[\ \ B <\ *l{\ 1\\ -e<u\  \Z Ϊ3D H\ 2cΒ“ Q  tI Κ¬jk_  u\ <  >ήΎ  \ \ \ S|  ^  ΞΎq.\ \  \  _ *   A\ \ U<\ { \ f }\ [`   W%\ .x#Ψ–\ @ \ aR\ F  \0z\r\    2Ρ\ \  z ex\ V \ \ C \   u\  -o >  (@ V4 <:i \ e J   \ ,	εΎΎ\ \ \ \   9\ \ \ ίn?   /ao\ =  ^ =F  8\' \    x \0w\ \ Υƒ   I\ \ R 9h X\ X  XRh  h\ )\  WIΰ¨‰ H \n G  > |z\ G\ ~D  uG% \r\ n \ Wv Ε]V[Y  -\ \ py? S/\ Ve z \ A \ F\ R:\ nMr  \ \\\ \  Iw^^ V -$
\'   _\ O<)\ \ \ >η -  %\ \ \ rx 0o  3\  tR:  0Ξ \ O3#MIJ\ h\ %    u8  4\ \n \Z k  h% :\ `\    Π²L  [  j\nu1M W\Zr5Td0<S DW \ \ \   \"\ Υ»dk a\ QP\ (\'   \ \ 9   \ \ \"6W; \ \ 0   8\ W\ -G\ \ 3\  \ m \ \ UQ >@ \ T;34 H\ jY  Δ±\ q$ Y \ _  > ίΏ# ~~\ /o z -7 Hz L<  {ZzL i LM=2\  \ l5\ \ γΉ
 \ \ o  \ O\ +U  : CZ\  Pw?{ 7. \   \n f3 4O5 Κ¦  t\\F { A\r#3\\ %  j.\ y$f7\ έ‰ >\ \ \ \n( : d  Q   \ 	  \ \ U  \\  g     _Ε½ \ \ J3 N uF    j\ \ #*   @N <i   fQ ( G  1Z J \0> Δ  9g
`,A  \0@
r}\ \ \ 
2p\ ^?\ \ >n19K  \r %\       p:  \ AA \ xt  \   ά\ \ Τ€) ;\     \\5ye h k  \ \   Y5: =M01 \ P3 f  _A\ Σ― _\ \  ;[\ \ ^\  V\ \ \ \ $;\ t\ <  dld   \ \ %   :l:T+( X  Φ™.d*p	  _\ \ \  α¦Ώ   9  )\ <\ :i|\"\r Y=c ~Z P    x   TJ (\0 Zx  I\ =	\ zή
;\ \ \ \ Κ– h p $ \ u\  O\  t@# Ο  hL C 2 ά¬lJ ,M d: \   \07^\'Q \  g\ Σ‡Bf\njZ\ E-u9x V  ά•v   ` EHj\ U5\ Ρ : G  0=Ϊ‰\ G   O-# j  \0   	\  0]   \ \  \  \ \ e i\ \  \ \  \  \0J :  \ B* *\r)  W  B /	I5m*R4Τ•s\  # d jT4tsU  j\ zp YW  \" \ ,\ +O? p\  Z \    :~ 5*IT4βΆ  	κ‘ PJ\   K1\  1 Tb\ 1!   =Η«-   \ \0\ qZWf\  \\;O \ \  u\ jZJ 0X i) ^    QΣΎ V  \ M  \' \ C  7  g\   M] F  ~\ \ \   A wo\ MM;  | ` \ n \ \ \ %   	 \ uΞ¦* | F Jky|\ m\ =\ Μ“J  T O  \0( \ r\ h   I\ < 7 \ y Y!w\ Ν \  \ KE)  $|   ι¥\Z zt   \ \ o  \ , %I\ |\ N9 \0W L2  E*  .m\  \0 \ \ R\ p \ Ε†\ ci\ \ \ 9::    q8 %  QOQ \\  \ E2=W E\ {TΙΆ@  ~` \0  \ 0\  $   O \ Υ‡uO ξ­―\r*\ \ b\ \ U-F|.  QY\rRz\r\  +Y:   \ \ U, D{*β»Έ ` P\ z \ \  \ \ @\ \ g\ \ c   R  \0yΚ Υu  \  U tRf  :   k \ o)&*\ 8T  *\ )2$  \ 	   \0k\   \ #  \0Λ \ \ /]F  \ %Z o\ M?c \ \ b7tc\"\ \ \ +?  \ , !K  v\ZK    h  R  OfH\ \ R0+ \ Aya )4l \ A   \   \ \  }&ι®΅ H#\ -    nZ \Z}:OvD  \\(zk IR? \' ok  E  \ 0 I\ P,5 \0\ ?\ 7     \ So\ o\ \ 8R \ \  \ Ϊ†Τ\  \0Δs \    zΗ«O  \  1  \ \ \ Ι–\ ; 	  q   , V @ ~   \ \ Υ\   \\ %  p \ Σ§   k Ω›\ O \ vg + \ \ n\ 8\ Γ”\ LΛ1\ \  sI^V   \ 3O \ \ M@\n Bk  !^} ΙΈ       \ i  Π’Ϋ—\ \ 5 ,j)   _\ i\ jw k\ \ \ 8|WUE+ Ρ£  tnZ C2Λ‰l α¦Ά\ !  }\"ZJ\ *cmEΕ \\ξ’Ή   \0 <)\  \0 Π’Ο—l :\ c+\ P  i#  \ n \    f\ \ w\ w |3F Ω\ NF J j	\ EnF z (h*   WΫΏ F  X#  ]u  MI +  R\ %_\r;V Λ¤>guOY=^J Βµ\ rΓ‡\ \ ^C   & \  β•¨MΠ΄Π« H}l = β“‰2M0qΓ¥>`    t     \ qL*& ,  \    z+354\ \ \ g5\Z\ \ \ \ Δ‘ (VPO \ZG
 c,H xP\ m|\"IqZ \ \ Γ¤\ }qH\' Z      u  t\ \ \ V \    uu4  v 3  5J\ Y[\   ?\  \ \ @lTb _gIdje\ T\ X 	_Y     )\ KAF\ *Κ KD &N i 62\ T  AR
+ `\ \ ~_\  ]]ΩD )N=2\ \ K3Q m<m\ \ KΦµ;\ \ \ KUG\ WTC@T % h \ \ \ \ ,iP+ >_   u     \0   \0\rz- Ω€\ TT\ o :  \'sG+SRT\ ΰ¥‹1KO-U=g L -<(]*`u}e*  u@5 VE  \0/ Σ§P \Z )\ \ gw%R\ ` \r< | \ J\"  z     F  \ P\ \ H ,\ \ N {\ 7m    ?\  ]RHWH ,=:24 PLS (>iΔΊZ6  T \ :ZT C3ΞK N\ 4     =  \ g \ Z# P\ f   {  : &  B\ j \ ;\  -Kh 4  3\ \ q \ Ι‘\ P\ [ m\ ]:A    \0P \ J\ \ Z     3      \ 2\ 3\"  b U  UΤ« :$ _\ZkfVXm< \ 4)4\ \   v8Ξ†WmD  ** \  z\ 3\ \ \ \ :\0\  XV NB 5\ f CF,P
s\  &j\   t\ \ P\ :\  Q  BF ‚X\ 3s \ y * \ G r
 `  \  \ N=[\ Δµ\ _ \ P\ \ /H\ \ b    u O#3 \ n\ \ \ \"   \ \  \0%z e.Ι Z\  uΒ?   Yv  +  \  
5=<\ u/ <  ^άt   $ W\ Η«\ } n \0	Z\   \  \0- (\ rA {h  Ψ”&YLT c 1o w p  \0  \ ;f\Z \rS a  \ ,\ SβΆ«\ $\ \ | j\ny  \ jY  \  ~\ \ \ *YQd ΡT   px*G   ^*=xu_#Π•Cy#S Τ5Qn  y \0c\ bt\ \ Λ¥\Z Ν®-ΝΏ\     4:    5  7[sΘ½\ Κ\ Ο·qCΦ…*pιΊ΅H-v ^\ mW   : \ [   *A\n   k  \0    \09  \ \ n\ \ \ b  \ ΔΌ\rΗ‘   :Z\ @\ .6\Z5 # \ TN MG 2JT\"    YF *L  \  zy  Ex\ \ ^  z >lM μ½­ \ + 1Λ” \r\ \ \ \ 1 \  Κ· {\ fn \ TO  \ \ ^ -   0 T \ Zm\" ~j  \0j\ Kx// h 8x\ v \ H k\0\ \ †  \ g\ <   Ι–\ `[   \r\ \ZH\ cj\ F #  c$ c  .   \ \ \\ wO}\ 
A \ y\ mn  ed]a  % 8Μ¬ I\ \ V\ 6VhW\ 
\ 
4e*rN\ Λ  Y P\  -O5P	  j[ \Z )\ }άΉ \r  _K \ ( KHα‚\ \ Eq 4n   4 (cww\rs+?-\ &\    \  }   \0z Κ•G. \0b &\ R  \ { G   \ \   \  	\  ~ QSP:\r7-O z.UnV  	, o  
 0 S> \  \0Ur8\    \ Q   \ m   !    ‡4\ I)]aV 0:TQB%`  }O6`  \   | Φ¨Cw%I \ mM? $    J .Δ†_ &Γ  { #\r\ \ H\ > ^ \ 8  \ ? =Η– J,gL  mo$    Y\Z\r    \  R8 zeFSp \09  \ +\r ε– G\ \0    \ \ \ \ \ SlC3\ |!  8 S,5\ 8& 4 \ &D   y   \Z I \ B=  } [ F4 I# ^  CT N p J       hQa x 6  XΩi\ )+ΖΊ  t\ N>\  z \ \ +A W\ \ ›i\ jS5A Z \ g \ S 1\ \ _Ϊ$ 4 \ Q    \ γ—‚ 4Q   ~ y (+R\ ‡\  QYC+\ \ \ `   -f\'(&v (c Ii~ hB\ \ `Cr\ F6 \ \    * \ `5z \0    ]
8}α„£I\ s  m,  ij)a | 7+C ;#ILSc #_ s \ \ QΗ·  gW3\" ^\ +C_   >|:Y    , P  U\ I$5P\  )=E< --
T\ \  \ \ d)  \ C1α½½γ¨“R>n?\ Η―8%5   8\ + \ \ pq \0    =Z\ \ I%K@*\ 5 \ \ E f   8 \0+H (,[{  R o: \ \ \  \    ;\ =  {k(b  \ 6 6 h\ S,i\ *\ e\ 3}\ k  \ Q#\ #\ \ ;Δ­\  t T\ \  p\ \   \ \ v\ 5FD   RA\"7  zjy   o  eV  KWΠ΅ \ \ Υ¥\ \ v  )  H\ \ Y \ | 05  Σ½]N\\>rd  R l >7+ SA_ \ 3\ IQp  \ \  { M\n*q  \ \     \0  Jl\ W jy**   J    \ ij  Κ–{b  IO\n  F\ZE IM 
{u\ Y @F     T	  \ @5>\ \ A\ \ (#    a\ Ez\ 5Dς–¨¥ N yOα…΄H\ j3 PΧ©%ΡΌd \ s\ 9f C\ \ ^,\0α— \ \ GG%
1 jiu\ \ \ LΤ®#P**&  \ \    E \ vΤΎ{ [Δ” x 	\  W     \  \    n| \ \ \ I>R Ϊ%\ \ \   a,5 O\ .\ M$UΡ¥1  1b[   
  <\ 1 tΤ–kt g LT\ ΒΏ | |GVΦΏΜ―z\ \ K \ \ \n\r\ Kα©\\Κ¬[bx  \ \  }\ %4 \  Z K /\ \ A s\ s\Z  Y>\   S W \ \ +XΟ s\  /\ $\ \  \  l  ] i \ \ M *    \ D*  Mi\ \ b\Z  c\ 2   \ 2<qs= y  91 wW\  t\ 5{Κ» ,Y  \0\  U k W % \ \  \ K  \ q  |\ \ ]   \ RH	\nT\ K4/po\ {> h iU\ 9R    \ Ϋ»\ q
   ? Σ¬ \ \    #ίΏ\     } \ \\ w V\ mΟ—\ \ \ \ \ ^ \  k   \ \ bi\n5$\ -Ν—Ε£Wkv1\  ΦΆ\   F  \ 7;  Ab H\    ~\ } \0\ ysn Er < e ~J\r(?  \ \   no= }Ε½ &\ \ Tx>O) \ Vd* \ \ TT\ z     \ j   \ / :Y  M\ ;  iX   rH z: Γ5H \ \0~C UN\ \"!       3 a  rB ,E;x    e  J\ \ \ Ζƒ   h\ B \  \ ?\08 5\ BΒ¤   P    ΰ¬   \ P^\ [#M ΚΈ\ \ U\ e`\' \  \ W jE *0 ”:t\ \ \  t\   \ ?\ \ #AU  Z  t \0\ p   \ \Z  ig\ Ξ΄h   Z  iΥ£\ v  <$  O \ \ >\ \ N   Pi\ =r X\ \ 8  JΜ¥fC,     tx  \\d  \ :QCQB Si\ #  \ O 3\" -> \ x  Tu\  \ ;  t\ 4Ι  \ ieZm9F \n Y/OK2BΥ¬\ aDΥg # \   ?O]EO Λ« o\ \ \ J    T +y \ P  t )\n\ \ \ \Z%G   \ 
Q\Z AT P8\ \nD  ]D| \ OΟ«  48 \ O zM\ ;\ 4\ \ N!   ιΆ© zΚq\0b Os i d 	!%   {  \r  \0  ZJ6 \ \ Υ  \ ΝJhi Ϋ«\ \ \ \Z  `id ^f  h)     s  Ti  Y\ {k  z\ \0* Η—\Z  \   \\{n:   \ZZ% lv\    O= i \ \'x\ 7,D yHΧ¦\ {ItIeQSC  \ Γ§#\0  Q\ }h}< \ S  \ jl l\ \ S \ /\"Tf4\ M\  \ n\ \ ` |\ Σ  \ =J\ n|\ \ F e F \\1c Y($   d4mSF d  GuI b`u  {\ R zzuW\ Tix  \ N  & \ P NG \ H) S     ΒΊ qδΆZ  \ \ Y  \rL \ i {PH4 \ FG  \ \ V-n   \ G\ | \ \     X\\k$^:HD1 K  Hi  z\   \  b
n\0  4 \0  }Y   Ι«  \ -$pT\ ,, *έ—ξ¥Τ¬S\ n F&eMl \nΫ€X Ι± c  %h  \  \ ^Κ‚5jn\" \  \07 \ $\Z\Z   hYZ	\ \",\ 1  eu Jy \ \ h  7>\ :C \'    u\rC \\ΘΜ•Σ΄TUX_@ \ t \ #+\  ;  B,\ y \ \  
\\ ^\ }5HYZ I uE
& \Z\ \"  OJ G-) \ V Y >\ a#. R\\ W ur\ \ k ?\ \  V\ J: \ \ mί‘;g ~=\ \ ?   tn|     ] L4  g\ $#KOqb\ 	   \n> Bf { h} 1p  ά   +   : -K  )QHI E Δ9R \rDZ \'\ \ AV5ΟI     \ \ d   E \0F O\ r    Λ<\ 8 \r J  Z\  Z\ \  7  \ \ g=_ X !   \   \ \ {p=\ _Λ«,l\ : o\ m \ ~+ \0+    \ \nά§bw  \ Ο\ / ]{=έ \ \ \ E sr\ 8\   XS\ ! +7SLA)   \Z\ sF\ ^V \ \ S     mh1^=)QA   ^ 8\ Β’     ή½\ ™Μ¦  \ \ \ \ \Z M\ s\ t3Θ«eQΓΉ1Ω zΒΆ: \ B-uV  j2     \ 0  V  3e \ >]5% JT| p  \0 #\ \ \ )\ e>9\ eΥ΅xW+&\n #:\   \ x ΗΉ\ \  \ L    \ ,\ ; \    E  x $1  
?\ K4\ +   \ \ \  c\ \ | \rΡ\ M έ] έ!_.Υ“  \ em xS@i  : Ϋ\ _%Μ Φ΅ =  o \ H\ J 6 )$ @ \ C  N ,\ \ \  \0\ X\ \ \ \ Ω½  w5?  z tb7 \ \ H\"\ G \ xYd  %F  *R %Nα„΄\ U  o\ \ %$ +\ XP  y\Z\ P   ,R\" 2     uEj  Υ¤* \ μ—Ή FΗ‹\\άƒn  $+ u     =\0hA   \  fv,	&ά± \0 \ [\ ?  i\Z  E\ \ y \ G\n \ ;*Ge  \rΕ\ \  Cs\ \ \ V J\  ^}2i \ n\"/T$\r&Bc %E\  ΙΏ? z4  :sS+   , %b2F  f	oT p    \ \ 3\ YΓ¶\ =k  \0\n7   z\" \0| d\ \  Κµ<Μµ\ Ξ¬\ r\ o\ Τ― co( 2  ~.6 	 7#\ K\ \ \ Qu  \ c 5 b    N\ 	Q ΔOO\  \0 \ Φ‹\  : Q !#\ O4\ %Z }+L # Dl  y \n\  QP\ #/W ~\ \ Χ¥ O  (x \ Σ“E\  0\Z  H  sJ  \"f H\ Yf x Μ\ p A\0 ~T  z )   \     > 8 &jR\ {G4 %  O  U++\ b Λ  <  TimZ\ Y}ά\n \   | h 1 7!@ 2  u6  Y$  \ =4\    R C#IK\ \ ktWI\Z\ B!{        \0\'\ Χ¨ \ \ \r S5 xt  \ \ ;    \ =\ iJ L\   d L\ \ JB\ m\ fe7 έ•@   | :    GI8 Φ½cJz7 J,\ \ 3e \ \ \ Ι  I  \ \ Q Z \ ] 
\ :l-\ h k w \ [   ZQ\   \ZtN \ ^ \ \ J   q] i&  
 d &  `ΤΉ +)| 9  \  3 \ Y \ \ K     \ Ms  \ Ψ΅ *R  \  Nsg\  Τ³\   L bYt q 7  α”…i \ F v6 x\ wΪ\ \ Σ¥ uv\ Σ΅ \0e\ *\ _E       \ 2\ fP \ 2yJSQ^5:\ #\ Z\ =  ? \ N 2# 3BgF \ 2\'\Z AGF \ Οyj\ SQ e w \    )[E% $P\ @\njt\ \Z  < H\ V 8W\ \ Χ©t\ZDΛ«E?\ TUT\ \ (       a   W \ .&Y \ \ \ \  }V \ \ D G@3    \ n  \ H    ~ W \ T I \ Q$-S<b\Z SG->j   z)1U \" Ε½ S j) >  P\ J  U\ *  2T \n  \ GOO_eG\ \ J T < d*R :: Ζ¨ \Zζ§Ό ,H%  ΨΌ bI,F*?\  uG@XEoΛ¥u.\ \ \ %L ROA   .\   3\"K ya  ES  Jzxcά³K!]b\ \ E \ Σ†   OON t  e j  Zq4\ XqPQG1X 9  v  kOKΤµSO\ j br 3  =\ p \ 8 t+\ZR >g\ Π   \ S\ V|\\\Z\\  sQΗ‹M4 iDq\ \ Lj n! 9 d]\ gxΩ   \ =?\ \ Z:\ BT Z   \  {\ z\ Μ…f{     ?!-%L\ Z \ q \ =Mt \ 	J \ =Tq-G %VBΙ (  \"   21V 	 O \ \ x \ \ 
 x\ ^ 0\r \Z\  # ΔΏ\ w{ \0q\ - \ Ζ΄ *\ \ k  ΗQP \ q\ 6\ Ι  RGP)\ $  \ ΣΈ`Ρ~   ci kZ\ Ζ­>x }< \ P  \ ~8 # 45 Q\ \\S \ \Z ΤdC « }Ei\ RSAG6J]Ο‘ _, VCK%D4kQV  tm5EL\"\'[FB\ \0 \ v t\ c\ oD (  \  _  M\ \ 2 1T U+UZ\ WU\ \ e c)2MA_)J \ \ Θ†  ]l  + \ Dvk.
7[*kN \ \ >Bx _y\\YG xp X )bo:c s2  \ aJj\ Q&-    _S}  ,H\ 8 \0  \ \ \  h\n \ [T$ ~\ =\nΞΏo  kF GV\ *Lmt  ud\ Ch)! ?\0(\ \  ,N \ \ | oVP\  n\ _\     Q\'&  h\ *3Y R b\ B 8Z| KΝ  \n)df <qDb ; B\ : Y50  #\  \ [\n) ?\ Y \'E.\n a  z [c\ \ Ϊ*\\ e]E( \ O \ Ηµ5\ \ eX R\Z\   	  :d| Ξ®i  \ Χ‡   \0Q \ E f   Y\ q  m u \Z\ 7\ \ \ \ Ui \   )\" AΖ« m 2 ZΤ3\  /  \\ΘΊ@
  \0\ \ *  \n*  X \ \      -$ ^    \ UQCRU TjeU  u\ f ΪBJv ?1\ \ J 6  m\ \ V\Z  Ν£M5%e-M\\O \ \ \ A  !M]  # 3 < ; \ M\ j wl  |  `\   3\   \08u\Z *   \ #6~J\Z <5t \ J  a  |\ 	H\ S\\   \   e  uTΗ \ \ \ \n 4  \ A \ \ SH VK    TT\ 5J\Z e \n\ B5=m,R \  !\ `#f \  jW\  =,\0(\ 8 gK   (E4\rc-nT%2\ I &  Eδ¨’F   c I  *  \ C\ }~_> έµ \0W | :\  6\ Ω   Ij  j7Jy $*i )q  Ε‚\ &B Kx}n5\ \ 4 xr`T A z \0> B\ ; A `3OO O \ G$ y  ]l2U5\ T  K\\ $ γ­¥c;H \ w @ \ ί«\ MM?gN(aH  ?g\ Σ¦z <?n\ \Z    # Κ‘^U ,r  \ I\"$@ rWΗ\   \ Λ­4m-F<>]4J   O    \ \ +\ Q0=wt C $E O.\  = `  \ [\n | \ M. \'v   v       50e  \  E,2   Ζ 	\ }h\ \ \ A  Μ\ \ LQA & o \" ZX¥`2  k;*ΤµD e .x \ Gqe x?\  \0 =l 	\'\ \ u 		 \ \ IW4\ 9X\ H  \ !Z\ Δ/8Ζ \   t \ F\   x \ \ \ f :\ \ \  \  \  \  O5.\ \ \ \ }   (\   \ Εά«\r5<\ H  \ 	i$`\ ) \ Ε½ n\ )aw\ c ?\ zΤ‹ 7B+Q  \ : \ \ \ Ω…\ έ‰ {Kl\ GQ μ­­ 7\ \Z  Z \ \ \ 	A  $ E\n\Z6 \ Ζ¦\  )  g `5\ \ @$}kJ \ =T \ \ O  \0Q\ P       \ j\Z[\ yk\ \ 	[\  \ J   \r\"\ \ u  i \ \' eO\ \ [\    B\  \0/  Θ MW \ l [k\  \ \ {u \ \  c ;=kpk\ _ll +δ·µ\ \ u3  i\Z:ά \\ mOg  \ \ \ \ E	 e\ G   Q   \  04I\"  \ Σ‰  \'£\   >   y \ <  \ \ \ \ / ] fb k\ \  ΣΏF\ \ =:g!@ \ 7   l\ T[    Ω¦I\    \ *I  4\  \"-  E \ % \ \   j\0[ y   TT3 Ε» +\ I Y -  \ \ \ &3 b [AI \ V\n3W \ \ eU=evc \ \ 6\ \ \ y\Z   v \  W\ Χ΄ \ \ Ϊ›#  \ \ R\ e  }J \n c \ M  H\ & eY ` 7 \ \" |   t	thέ£ H y\Z  :\ \ J +y.Μ…\0\ \  \0B\ /- 7 \  ά:v \0 Ο A Ez\  O\Z< Y\n  X \ \'\ i\ I(    Gέ– R \ MRE:5?~g|  Ω“v\ Δ®\ ;5    \ ]\ i \ t pQC\'  Whu \ O \ ΥΆ \ f \ \ \ WjZ $ \' Ϋ­oTj!f \  <   \ zt\ SI \nz u   \  t\  ^ c\ (\ A|  \ c`\ =A  Y \ f\ \ D4\ z\ ,;    q   Jz   \Z  \ \    \ O   2Φ <<\  x\ E:u WS$\\<\   uf:y W  \' \ SI,u4Σ† Ftb\ \ \ k:Κ Y\       TPFA \ \ \ t {E(k  ]\ R\ %  PB I,\ \ \ `\ n   GC\ > . )55 Jz\ZKI i \0vI \ Φ·   *Abr)  .  Μ“Bs t   ~7
 \ δ£ \ a\ +     !  \ \ \ WWS  G\ iayl-` $hδ™•\ DU =8\ h	 \  \  U \nS    \  H>I   hbjZ e \\\ 8έ“M(   v J\ \ tρ’ ]   \ \  \ $  +\ \ \  \ , \   \0&?: \ Q|C Ψ§\ Χj =t\ Υ΅ F \ $ R  %k\   5qι§ [\  >\ (P \ Γ§K  F u\\\  \ Φ R\ \ Θ\ T J\ T     \   AT 
 \ \0e+) \ _\ \ \ \ s \Z  \" j \0\ ^   j\ \ $   * B Z3 Y\ 4 SK\  \0%   \ ^FT V < \0\ \ /  b  \ < 1  \ \ \r\   5:      \Zy\ Τ\ %D 9!I\  ?m\ /\ \ 7 \ \ B X} βΊΌ Κ¦ 4Φ\ $  H?sSE\ZkOG35\ [\ -kΚµ2\ $4  4\    T { \ (Ψ¨Ο\  \ \  d*4  b *t\   \ NUA * _  Θ“ J)*\ E    =U !G@\  { $\0z? yu t  s7  z}\\7\'\\\ Yh1  Q\ RΘ™ hZc\ZTmZ z   j\ \ R\ \ \r n ~ +j@\ =E\ \ 1   \ # \ ^ h6u.+%5^?\  U  j  $ \nJ  \ jJ ΪΊ   !r@     \0[ί•T\ 8  \0 \ u  u J \  :Η 8\ j  (i  i\ a\ \ =%=l\ N  ,PΓWh X\ \  y4 S\ \ \ \ \ ExS  n F\ \0\ <\ A  zQP\ AK4\ F ο΄  L\ SY.V f 4  x \ ΤΆ1  bδ€£U\ #\" `  pκ“g \  \  \0\ G  \'\ V\ ^ \ %%E%EKE\ hΚ™ eSS\ZY*i\ 1/\n i	\ 7   \ \'W \ \ Y\ A*SCq?^ 5\ E 3#Π΄ c  \ R FR\Z\ g iγ§‘LMT\ J d.4  Z\ Τ¨Δ?\ =m@n ΨΎ^}7Te 0\ WΥ M6F 	[ Η‰ }TkGIQX F * \ 5}\ \n   p\ 	 fe  ?\ \ \ Τg& \ \ \ \r>: j o%e0 Zj\ )\ V \   J\ /\ Υ΅d`xμ)on; AP_ :n p  s\ \ &ΰ§‚O   Y&  1UsW  L  \ KN\ c$ \ d9\'wFm\rt  8   \  \ c  \ \  z\  )Z`  uL  K  E   h\  {4\ L  \ [j\ :Ρ•   \ tZi\ \ Cxt+( !
+  y   h9R  zV&nY\ W+KK \ ,?\ j22\ \ >θ£®  7j \ \ \ \ T CKkOJ Qy x\ HZ xp  OT\Z \"U  \ J \ pRΦ¥\\&9d p\ bEY    \ <   \ H 51 (U h  \   \ <2+ \ ΚΏ\  ]7Ω―Ow\ \ _ yu Σ©3   \ T=MLPRaR Λ   h \ 4  M$	$y jv\" L|z \"    Xj   \ \ > F Τ    \ \rE\" Ua %X2\ TM   VVc  i V % 1\n  E !X Π0  @Σ\ ?\ \  T\nyV    j! \ a\ \ [%B\ \  \ S]   S  \ @ J\ sT8xtS\" VH\ \ tΚ”   | \  F =N   !      \  U KAK Z<}UTΒ«5 Q \ b  `Q { 2)rucL   \ \ Υ΄aN \  t     3Ξ”  6έ¤     Η   s\nR \ A\ 4     Uy@:A ` \ \n}=\   \") \ Ο9\ EU< a)\ L
\" 	Ϊ DpMUO\ \ \ y\ :z8\ \Z ZT[I  ίue 42 4\ \ \ \ 4lΡ•:  sR}?\ \ Jv \ d 2 \ ,5 ΦΕ Z<sV\ A1 a 53S  < Ε½z@ RA   \  _Οr \ \0 d | iX$Z   C5d1P\ c \ M4\ t\ )*Zj2  1\ uΞ [\  < :\ Ε\ J  !hά±bt\ ΦΏ/Λ¨2$2\ d*` e\ * \ KI]W:  \ \ \ uJΩ [T KN \ \ l+ \"\Z\  q\ \ \ > I?\  \0 \ ;[4 Q  NR  \   \ Θ’\ D  Σ§\ U\ BT <J \ k+  {jBU  Bs^\  UW\0  ? \    3Ο  45s\ T\ Τ¤rΧ’Hd     ΰ΅ \ -K  p \r \ ~\ R % TP   /\ Χ» 2K\0I<    \nΥ    S \ &Hθ΅< L\'SI )  Q   InX  .\ 9\" \  \0g  0}\ p?> \ \ \ <\ LU
 1  +B \ \ Υ‚ X 8	  \ .}^\ e V N\  O[*  8?   E\ Q =Lg d  jJj id  \ /\rM9X4@\  {p),B \ T  \0g   @d  + Η¦      
U\ \ M\r] %(    W 4 4ξ’§ 2c f λ™   m 5 \  U\     Κ£   e  W.=`   H\ \ \ ! Yk\ ,x\ ij$*^K m@ l\   J  c\ Η―;  \0Cc\\} \  \0/MΥ‘:-$Τ®\\\   \'     Yo3\ D1 2\ \ \ (>I uL x\ \ \r$\ \ \ \ \ Gm\0  \0  WM \ U \  \ RX\ %<\ : PΚ   \ Θ†+6 &\ \ k\ CP  \0  x #  q  b cz\ e \ M9 Δ® Y   \ zZB\ \ m|\  \0C\ JG O\  \0  \ y @\  WM E  Υ΅P\ \ O\"+  ,s93 \ \' e \ :\ J\   \ MX\ SΟ2WMr  Υ   \0 Ο \     \ `\  qd \ \ \ \ \  \ a  J  &#kVΙ™κΌµbT$s}   tb `L \ P O \ R \ \ UA?\ \"  \0 \r<\ x\ 	\ \ IT MG \ # \ \ W  A~4i\ X\0 ~}\'   \ j\   \0/WZ\ j \0\ ({Ξ·   Ϊ\ d;_~\ Q \ lMLb     W\ n  1d \ 6 $\ <   T S \ ΦZY  Ο„? \\   ~\ \ Ε΄)c y  \ ?  ]μ“\   }   *   {m\ \ \ \ \ \ \ \ S \ #} E kk\ *έ³S\ \ SO!:j ! X\  W\    F +JP L  ;\" \    ^~ kQ  ] \ \ ,   iU\     ;x m/\ \ !\  \  $ \Zm\ Η‘  g  \ /   qfz\'pd q  \ ( 8L\ \r^ ZΕ \ \ M \0 \ /   W  (5\ZTZ -    \ =\ ΘΕ¤.R\ =Λ• _\ \ o  h$\Z  P +], [I\ g \ \ $  \   \ ]U\ X=   f  jPU\ \\

    nQ\  \'  9  cl  {m=n\  \ g GV\ P \ ue \ \ CIWS0;lή·>_  ΪΪƒ    7 (\Z \ Ν§\ ]D\  SD  r -  $   Y K	]U\ @
V\ BhPp  \ N  Y \ k\  C\ \ o   m\  C\  W\ \  EWI  κ¬― \ \ x\ \ )\ f. g\ z8\ 8,\ F E  \ \ \ <L  * d  - z \ #V P% Ζ’A\0\ l  TA:Op B \ ]\ \ ,\ \ ΫΊ\ ue*  2+\rH    Κ½) C0 + 7D\     vkz  J    Va\ O z-<MM:`\ \ S\ a\ I Ζ\  (RRC \ Ζn	\ \ \ \ Θ-\\z \ #Ux   ]^  / 7 \ Ι»W\ λ†¨\ \ ~ \ |6  \ \ y   \ n \ \ O m  \  u.1C\ \ \   \0f\ mc  \ >\ A    \ \ \ :y \ \ Q|L ?\  \0Vzέ\ \ }\ 7 O\ =Ν“+άΈ z\ \ =  c=    c&p\ 0Hb\ <],7yY    y5 o  i  \' @ >j \  QΓ(zL@pd\     8 t\ \ ή\ \ `/]+ F H 2 K# G \ 
 }  PV\rU9 :b@Eu\rLG\ >Ξ\ ) Κ° \  I\Z* \ a  7   έ‹(\ (\05   5j\ G OA_Κ®\ \ \ A\ ;\ ? g +   {w hIVU)Wj  ! \ `κ„„$\ wn\ }=9      \      5\ _\ \ D \ EG\ \ \ \ ):	1\ 3 ΟI \0?_)\ cu \  έYY ;7q\   μ©­v  ; {f    f  j92\ \Z \"\0\0t {.f$  lxΏ _\ \ p\0\0\ ) : LcΤ” ,dB\ 	A L \ &B LΡ”Pk, i\ { \ ,-O\ \ Θ― A\ GNEih  2 ,\ \ t \ dQ   \ \"3   )$ 5 E\nbO \ A<: \   ^9  }z B~\ _\ d   a \ GC\"\ \ JiBΜ°   \ K:K   \ V o : |%KW9 ? Σ=L IG  G    )  \"\ S4\ fX !   Z \ 2 O
h  \ \Z \ \ 1=δ\ \  > Κ¦  <c @ q\ _ q\ \ UK \ \ i\ 5RM \  \ \  \ VJkGg\ \ #z  \  3  \0  kPΥ™;\  \ \ Κ8=,\ γΆ yj E x    T Z G], 9\ 6%AiV\ X\   @ \ \ZjkO  \ \ b`\ & /     z\  j \ dG  J   I% T  \rTΤ’ \ \ \ K* Bgb   0k    \0W ij\   \ Y1    h\ % l \ \ ^jvgΜ΄\r(
\ x  \Z\n a$   ~\ 3 b=\ L  1J \ \ Π¦Vo ~\\Ο§zZ6J f\ G<9j Y\ \ \ Ϊ–I<T MY:\n Xr \ Q K\ M`B o\ ΦYS <OTVd4 * \ Λ¨ Γ™\ 2\ \ i2) δ¬ \  Sc 1R\ O#%#ΤΈ  \ \ C RΩ• \ \ O IeN\ |  u XJT   \ >t \0?S \ZjG\ U5}m6  ΘU\ k   \ X\ J  j^D+FtG\ R {  i!\ \   \  @   | )\ Κ Z\ l{O  ze [    \\ i \ \ \ \ 4 F k	4 \ VQ  A/k\nΖ‹J  ?/  j\0      ?  ΔµεΊ  XM^ \r)Ι¤t\ O  _\   \ZYDY$0*Β±\' \ Mrt[   Λ‡ \ \ Q  \ T   \0\ t  4\ OUM$uRUQP\n \ j   \ QL G   i^  ]K Υ±H r\ \0H  \ ^ + @  U t\ V\ Q\ M    ,M	 \ \ h\ u/5~2 K\ ;\ \Z/Z8WQ\ \ T\ \ @\  Χ‡  ?  \ $F \0W\ \  \ 22 \ *\ p45n S:dbi \ ¤U\n       R , 5\ B5 \ V\ zi \r?\ \ AK8]@   Y\ ^w\ q \ UP \ \ 2C	Jq5\  δΆ  u%3 F\ T}\ \ \\\ \0h\ \ [ίƒ:   2x \0/!\ \ \ E    J    \  \0\nΗ \ \n\ZM>I \0 0x h\0   	@ m>F k { xG xU   ~\ L \  56  |  u Τ¥5     \ \ 9\n Lr Z \  \ R\ 7 \Zx)_ ή    ^ }     kL \ E\ _\ \ Τ¬L H%   yFPT \ q G3 r\  \ AW-;Ο$c\ j\ \ \ 2  WΚ\ :i\ \ t +ΖΎ^ q\\ \ RDZή ^JcD\  f u 6jh\ \\mXM?lx \ZP ud\ 8\Zt\  o\n u7\ h\ Vi  pRW\ \  IA$t    5B\ \ \ t3$ \ - \ \ \ hMk\ Γ―  o( \ \ Τ \\p\ i j  <U  a   +*+)\ \ )   (Dx  G   0}GA\0  \ G \  :\ tH\\2y  : ;\ EEls\ ) O   ZZ [EB\Z   H\ h  \ h\ H*  \ \ b+\Z\  \Z-*+  N 3 \n+Y3Z|    U \ M\ \ ` UΒ«UULE\ GR(\ Gη‰£\ D UY-\ af>\ [TN 0\  \  \0ΦΆB  \ \ F= \ \ ?!IR \  c ZκΊ 
de 4$j  h \ W B  He`RQ  Y C\  4 `\\y\  } \\ e$ J S Y2%KSQ}  w \ &1%    Θ¤T\ j C.E \ ,  x { Υ?\0\     UK1+ \ ~]!7 y\Z\ l |,\ =~ s  p4t\ \ \ 61\Z]U -J\ b   e \\ (ΦΊc5 \  \0\'Ο§	p	a *(< \0? \ Χ¤\ 3#[\\ 3=L  Z \ w  PΠ» Y   H\ \ F  N`6\ G4 \ $qRp	   ?> \ b \0 < \     P\ IΞ°VK5T1TC%C\ & Y*VQ\ $(   \" Γ‚+  \ Q \n   SVv c ?\ \ \ t2VT\   )\ Z }-\r4\ 8G      \ \  \ z!W` > b@o:\ Bq \0\  u 2*\ \  \0V:\ IR   Θ†   iη–€ J cUO4  Ρ‘\ (\ \ Q t  {e-Z   q\  Σ­\ \ZTd V  _   c  ):} <\  \ Zf O!  E	SR  
+ 6 m\ m\\b    \\P)%i_0< ?\ ^ Υ‘TH\ 4O,r Rjc \ h h*`\ ,  U4h \0EV  6  we  \ \ W   :Φ²@\"    Χ¨ \ZY  ]eX\ \ \ O9I$ f1\ H     \ ,  2 a\ \ &«\ G     N \ZI8 MsΓ  P*  AV   $bo\ \Z *qK+\ \ Ev  ]\ P\ \0\"Δ’\ j .   c ?\ \ \ 5 V  \0c  M    jr\ Ρ­2N\   j i /hj\ \ \ / k0 o\  \ euaC }  P  @ 9  8  UMS \  \Z U Υ‰ ,CI	d_If\ X m :A& Z \ \ l {\   :\  	 e  \  h \ tUι΄»\ hm   C(  \ V\   F\ \ a$ \ 6> +KK5S~ \ X\  j \\ZO\n  j3_J\nq,  $} \'   	 \n\Z \ _ Π“\  \0Uf   f       | F  Hγ¥΅\ \ F \ \ U; \ 1\ Ψ–$\0\ \ \ A!1  N  ,p)   J A\ L\  /`\ N\ \ -B\ +(\  uuJ  /`b\ u  HΕ΅ \  L \ \    D \nm`} Z \ \ s V\ G  P\ $ \ \ Ϊ£\  \0 I.\ \  \0 b\ \   \ \ \"  dIW  \ 3ji \ \ j a\ NΗ…: B  \  \ \ P \0\ {3 v\ M  .\  a \ \ {C\Z  \  u\ -  \ \ r O%UOY ) \ 4,Aj, IB\n\ c#\ q U \ \ j   5*  \" k\  d \ 8O q  j\  O     \'[   NCo O\ \    \  qά”ΙΊ>;v\ -  r \ \  L =s  \ !|\ .   h\ d(\ Τ„  \0a \ β² wNr\  y q  x0  ,T : \ -\ \ j     t     UΠ A x\ e  Σ§ @ f ε¶p  \ \ZZΜΏ\ o O\ \ \\\ %& +QJΩ½\  znX34\ lY\ ;Uc\  v\ B Df  Z\nc\r\ eά¶K \ 5w  \ HmJh\ \    J<T J jc7m \ \ \ o\ \ \ β»  \" s 3\Z \0 \   (P ( \\ 5B   T u  ί± [*\  \0avoM Uub|  \ \ \ O   + d l 5{K%U[ 7\ \ \ 2\ \ C  _w    2Q\ fc  zQO. tWH ή–/  M5 huP\0\ Z\ ( *v sΟ· \ \'\ xw #\ \ I \ ^\ \ ) % d \r\     D&   m\ \ ;\ e \ S\ Wu\ \ \ \ w` \ %\n T\ \ Ο»rb \ ]! GOG,\ j \ a \    c5\ \ V db\0<FGN< z \ P  Τg   \0Γ  3\ 7Η  \ Χ‰ o 0έ²2 \ o-\ \ &c 7 T aI       t\ \ \00= \  T  E}<Ο­x  zB      \ :   \ oiζ†­g  k\ jh2 S\ K \ \ \ \ c  )     d  bD N  Dt\ `  P\ \ \  
y\ |  Μ WSvnS/S \ n\ \ Cf  6\ \ εΆ‡ΫΈ dvTH\ (({\n  ^ \ \ < \ \nΖ S,b Y,  0<\ \ ~j\ \ \  \0g ?\ 3x Hk\ \  \ δ’ \ YcC&Z XD1  ? ~    \"\ \ @ \  \ \ @. \ \ \ Φ°_ ί‘ [g\  \ \ S={\ \ m\ .  iS\  \ZS wv) 6W 2[Sk\ \ \ p \ 6 \ ( #X \ t  \ \ J O\ Χ   \ ~D   \0     \ Q1    R  {\ \ 3\'  Gf ( )( \ \  \ \ d D teVE   \ O_  \ \ @ \ 4uA*ey  \ W   8 e j\' J`  \  G  \ UP\ Υ    Z%  p \ \ \ z9 8   \ V<F\n h  \"  ]jL0   z   #\   W ΦΏoZ  P\ ΒΏ\  \0W  e < \ %5T\ \ \ , }\ 4t\    \ | 4q  $ Τ  z
 , U \0/ Ο \09 )  t\ @J}\ D \ EB \ \ 4\   \ 2     Xή  \0\ <=έ\0 \'\    \ d   ( \0W> ig  \ ° j \Zt\ \ A\Z  H\ \ \ e! ` 1\ 9  Φ¨^\  \ E  =]2 \'Λ‡O\ \nJj   z\\ 54tM2rΡ–   @ ή®W 8I\     \ \ Tp<s  ^   \ \ \ 4 O\ TR+\r$PAWC G Z   6Η¥>e x%v}R3G/   @	W\08 \ ?\ \ u\ {YZ  ^ \ \ b\  M \ \ EOU  (  Q\ &j \ XΘ”O   f  2\ H\ M \   \ I m? : ΚƒV  Njpz LX Φz qu(h\ RFP\ ή²J e \     \\K I| q {w\  Ϊ† .  u ` d/\ \ \  \ Κ§)>* /M3\  d\'\ \ SWΓ”\ !5 \ _ Λ \ \r$   X)\ . ? \n \   \0 \ \ \ G 1^\    > 2m x$   OI$5 :\no  \  J#B\ R~Δ²RΖ] X dU >Ϊ‰Ί3 O<Φ½jA> b \ \ p \ \ \ RΝ\ R\ TANr   +    )  g   \ + K) \ O \n#z \  @\ZA\ \ Χ£\  g\  G Y   WQS Z\ \ 0 \ K3\ ji% d   7  R\ kP H\ Ψ…\0 \ +  $t \ *\    Yc\ \ Ι‰ 4  &  \ [\nSM J|{ /Ff \ 5|\ \ \"vu0  $ \ D   zp  F    NΥ Ρ©\ \ \ ( R\ M5I \ \nR & *\'Ha  U ΖµP \n \    L  \rzp F \ \ \ \ \ gl]t (r.+α­¨\ dZ # \  \ (\ ?\ Pd   /2K p     \n  A4( GRFiΒ  \ V \r :  , ΨΌ >/  δ¬™U \ \nHd}q\ )g  s YJ Z z\n\  \ >I u  \ >ί—J    h Wm A[E \ \  T\ \ \Z) K  ]/άΌo%M D \ nΪ€W5GR \Z8i \ \ \ \ \ \r \ \ ?\ ~} ΥΆ ^ L\ Y  \ OG&N\ z8α‚²:\ & : u/\ G   h     yy~ Ψ¨ $ N ΟΆ\ W*8  \ \ T  Λ   550V%-f6:: ή±c \ # (ι¤¥ Ξ€J< *\ \n \ `Dt  \  \ Φ΄*  M] U Ra \n)\    %   /\ j      ΠΧ«\  \ \ W\  \ Π…mh \ \ N 1\Z}8  u r  | 1\ Σ“\nx \ \n 2Ο    |BSGP     v  \0# dA\r>Qr\r _ί `kO/Ο­\ BhILy\ \   =sJ *Z SU4\ XΥ‘NRjh\ κ”΄  rKs S  \ K\0Honk,κΆ \ \ UH\ U S_1  \0g (  )kj%Y  4JZ   h\ \ j \  n  \ T(X\ 	 ΦΏF  du4RB Σ\ t\ \ \" <V }>}e \ \ =P  ΤΉ(\ TR\ EL  fX| \ lQG Υ™9  K(  AF/ iN$\Zy\ Λ22 4$z  \0 ^ +\ -\r6= 2r\ S,\  :X  X 
\ZM< )5 \0^  \ \ \ aPT(\0u  jn W   Z eT iL \ \    \ GB\ #b \ ,kSO\ ,\  0 \ \ \ \ Σ¤ ή· \rLq  b    &   COS\\\ t \ G\ y\ .\ 5G\ \ O\"Q (  *@!  \ k Z _Κ½P    \  \0V:\rp F9ji z\   h\ i\ 7Jjwy  U3B\ \ 7 i#X\  i\ W#\ κ½L \ DS S\ 5\ n -Eq \ )\ \ \ #<  =M:U}\ 8\ \ <q )\ QW 0~\ \ )\ EΫ\r+N$zuB \ IΚ‹\ a OO\r)  /  T\ \0 # DW j  V\ *,\\     +?S\  !    Rj:    	CB M  O  \ V\ I$  W \ Fi , \ u .Y 0\ \ ?\ \ Ο§ M  5M#@ : _   \\S\ \ \ \0  \ @$5$S^ ΦX  u${\ 1 R2@ 0\ Χ‡Ms\ 4\ O\ \ \n\  L(  ;J   `kλ­¥ 2> I p\ J  . \ *3No\ \    \ 8 \ ή\ 6zZ\ ,U\ \ &   Yέ\Z,\ H \ ![Y XXm\" Θ΅ \ Z \ uv4/ u \ C(  MRVvd  \Zx\ f 5 j\ < --< sp\ ,@< p n Β‡\ ΦΏ\  utl\ 	E\   \   I\ \ \  \ εz   5
+ y\ \ aB\ \ 1@Yu[ i]hΜ£\  + \ \ \ \ :\ Z ` \ H+oTU@    \'\ \ \ , L\   ΧΈ< o\ F 8&  ?\ Η―) j G \0 Jv 7T \03 \  LSm\ \ <\ \ m\ \ *zy \ \ | \ i  \Zz F    E>9U\nX ] w Ω΅ b  \ Q  1p  ub55\'\ \  >   \ U{Η¨  T\Z } \ o 	U XM  \ 4Ϋ›    \ [\ Zh  /e   V[ \ \ \ \ &\ =\ G , RP   S\ r\0 1N\  0 V y \\?\ \ _  J}.6  T@ \0P Q  ~ E\"\   of p \0 \Z Ο¦T \ \n	R\ ? I     +\ k\"  s G \ \ Z< ;@77Di ~  {\ MA8 )\ \ \ Extj{\ \ N\  #\ \  \ {\ ( j Yv\'Uε¥™Q;\   \ Qd #\ \ L>jJZ\ \  L \ ly Z  Gqa   =  g(X~~]<  \0 \  _\ _#\ vs\ l\ \ \ \ K.3~u\ \ \  m h\ZMT;Γ®   ! u\ \ \ \"k
- `x  h\ O$.\ \ $i ?<  >\ Φ¦\r \n:| K}    \\o] \ ]o wOY  ]f;  #bf*0\ id J\ 8\ \ 7\ O};4 5+5u;4UΘT\ \ . x& ho\ <    A \0 t\ \ ΠΎ   g  l    e \ `\ U\ ; h|) w } \\7\ ί™;:  \ ?>iq0k \ _Ι½  . 3 c  (\ κ’¦ \ \ Λ† \ \ \  \'/6\ <[  \Z C   x \   J\ 8e\ \ ) >Ki \ r\     r\ TN
 d\Z \  ` Dd\'S\ 9H~  \0\ \  \   \   gt 7M\ J=  v6  \ \  \0\ \ CI  a iPΣ‰ƒm  Bs  \ \ n WΒ\ | d6sIq\'  @  *U ZLc Gj\r\ h    > Z H $\rT\"  @ u \ \   RS( \ \ 3J \  * Φ’\ \ m_\ [\ \ S%Z   \ : \  # \ u!    ,ΒΉe<i   mV\r\  \ \ \ B€Tpκ   k \ Ϋ³6bξ‘ \ \ MSKQ \ 1 JM.S	  \ &39  OέΆ\ c+& e\"Μ€0*H.[\ bb@ q  \"    \  s Ξ        *  dSη±Έ   \ K  \ | \   8  Β¬   \    Yd\ZQ\ l\ \\  \ [$	O =+B \ :\ p\   G   # C \0\ I  k\ \ \  \ \ O / z+q .^  a \  &\  mZ   \ 0 \0uvxA\Zuέ½>\ ήΊ\ \\\ g _oJ-T /h1 \ O \ \\    y\ e  D.)i\ J \ r r    p>  7  1)   \ \ \  \ [gJ\ \Zhk a\ ^  q=,p\ T\ F\ H  \ \ Q\ Β²  G 8  \ f\n\ [ O\ g a\    yYq\ G  \  + u  \ \ \ STB\  l(  r&B  U4 Y \ <\Zu3zΠ­ [ w:euAPFMΤ   >C   H\ \Z*jT  (\ fQ$   *k+>\ \ a  xΩ”Ε& I\ \ S a  \n   \ \   Vj  \0W WNQTL \ \ z \ , M`   \ntEyt\ \ L  \0%T<\0\ B \ \ {    \ =TU   \ \  | ~\ 	  f\ O4U  F\Zj)…Z!\\    )G/& \ \' \ UM -b\  \ λ<8Χ­  G J \ J\nZ\n	f iRj -@ CUH  \ 4 \ \ V&\ g      m Θ BUF}k \ bM(  u  g\ MM ~d q PMUS,*Ζ–( \ \ o   #-Q F &2V2M  R3ILTd \0  M\ u\ @    \0V:v zg DP\n}\ QL\ O   \ -+\    (
\ \\\ \ Ο½ ]X\ \ S=: Κ­@+   \ MET \ $q\ \  F \ T  d) * zZj bΨ\ w La, Ft \Zy  hmm\ x| \ `  eA \  g\ E,4 \n \ r \  J    f=R\ A\0 \   R2\ JF   }  H\ \ r1\ i ~ \ u\ \ Η¦>Λ¥U*Gζ£¦  J 5 :EΘ¥R   e (i\ \ \ B G   \ άo  &.\ \ BK  TA\   \0W  u Q  z hq5	Z   f \ \Z \ <IWy<z G\ \ :(!  &Y	  \\J \ \ V \ 	\    \ %*\ \ \ \   t i\ # \ CL H\n\ SF M49z\0 X M/p :cQ b \ \ rAl\Z   \  \0/\\ ήΆ uT^\ZtD   u\" \ Q T\ P  Η“ ι£|~fr. G \ 	2\ PFx ub\ U  p|\ \ \ \ -%I ZQ$2CXic  	  9\ \ %  [BSΣΏ\ \"] \ l C] \ Υ›[\ \  it O \ j)QS  t\ \ +U,_}Whk   &D\ \ \  B   . \ OS=  k Eb\ x&  \ P\ \  Q\ \ \ d\  ? \ %5\\ r&B(2 F^ ( V    !\ \  n\ KCN S hEU    u| .  Χ—J)\ q_/ Ο® Xp\ S  \ i\ k[(\'\ x    )\\\ \ 5  Y 5i D VBt\ \ EF  \ \ ΚxΘ  s\  u Φ Ω   \ \ \Z    U4  a   !P\ \rJ r EN\ O bK\ PXT u8  \0?E \0  \r8\ p Y  h\r   Z\ Z\  Θ\ h X  \ ,f/ \ UJ * c  5 gή‰Z+~-_e ^*\ u`{W\ \      Y!O   \  (J2juT=B   XD\ S,\ ;+ή  cT   g    f  _#\ \ mKd*\ F   \ WU]$ \ < tDH $ < Σ†]xΕ‹7\ { v  Τ\ W \  ]8 YG  \ @ \ : k\ )rk  4  1[M x*    ( h\Z 	`FX \ u\ \ {\ M]5a  JΔΎ, H9\   $uΚ 9rT /6b8 \ \ =O\ S t TU  UQ+\nO\nM ) J\ )  
Τ« *hp\Z \ \ \ ( \ _<zu*i  U Η†    G \ Σ \0 z/   \ 	*\"  H\ O   F \ n\r\ ¥k @  \'     HΛ‚\   \0V\ N Χ· K2    M\   29k   E  5 z \ Z44@ &Cb   Fp\  \ \ \ u| =U+ %<rΧg    \'  z I )Υ’Zll \   \0)BΪΓ  r `8yt\  \ zBε%   !$U Φ® ?%<KR\  I Jx  \  \"    \  \ 5 Ο§V  :	 +  \  5mΔ•& n\ U AIC<pC-&Iij$I\ \ G#,,\ Zb  Μ’\0x| ε―E\n\ \ \   \ Π°^\Z )ΰ¤…j\r$R3\ e \ M%DqG,t z\ Z& H\ :\n  51oj\  5\r\ \  z = G ~Ο³ K\0g  \ d aQΥ’\ \ eS&   )  H\"zZ  \ Q2<e%g 6  SUY@e\ ^9\ =:\ 4\0t    Xηiε™¦  z ]XR@Υ‚Xf   >)\Z8δ© J \ [  a@\ Rx   \ \ T    b \ 	ZZ \"\ jg   Κ€W U$  +UG8  D  \ \ \  \ :  g\   z  ^=pV tj \ H uO:K   \ \ TH RK  z      \0H6p0 IT  \  ~ \ \ E )<2Q+K*O  X  Κµ$i\03c \ EY  Μo \rH\ \0AΖƒ   \ \ \  \0   3 q 5f\ \ zIi \Z2a E    uMJ Q1b  J =Ωcfe
  )\ x \0   \ cQ $ ^ e \ \ ΤM\' Y\"R@ % ) j5]<   \n\ \ \ 8fG*\ \ W?\ \ \ \ \ E  \ \  u  O \0. U4\ \ \  N\ V \0R  )\"\r s\  0#ί” 4  ~=l    } \ \  \0  \\\ {! $ \ x*     [c 6\ ΒΊeM\ \  \ f\ Ε­ Z5  \ Δ\    H S\"\ \ Z0l| V*J $\ \ \ g\  kν—\ y(\  :  ;v   ( J\ ^ Ϋ\ ά” O \ 2 34\n
2.= mθB-B \ @1C   \ ,Ib+\ O3\  KXvΩ/OSRcj\ni\ \' . Oέ\0\ \ Y5  {t6+N\  uphG \ /\ P \ l \0     {U\ N  \ \ T\ \ m\ \ ZlΥ©_\      \n <+Υ‹Sig^\\\ !\ 9Qi \ W r\ Ε­\ 1-J \ \r#   q\ \  λΏ—OΙ  \   |l  \ \ _  Z-  \ uwv \ {OhuΡ£\ =  0      J\ \ g\ \  \ \ v \ H/ \ \  \ \ I  n\'\  ,fh\ \n \n R FB;    \ yl\  \  C#GZ  \01P j`\n * T\Z\n ήΎH\  f$ \ p \ e\r# ZCz   $ \ \ an}  \ \ Z KS W   94     \0> 9\ \ g)  lv/\'IYAe0\  ά   \ \ \ \ ,5U1   1E]\n ; + \ \n  %\ \ Ip F\ T6?\ J  \ p \ I1\ \  oK6\  =\ ]Γ™\ \ }ΝΏ~DlΝ½\ ]  6  Q ί   8 F \  Hi\ 9 e\ pS\ H\ ,\ =R\ Wm Ggg \Z 8g\ \ \ \ wR^Κ―!c\ \" ,. mt1E=S < J  N \ Ξ†0      Ο·\ Π© 5\ * \ ] G!\ \ \ Q\0.\ \ \  T\ \ M \\q  s\ \ WV q\ \\ ]\"!\  L  P\ \ `\  \ E \  \ \ H:\  \ A\\T m\ \  \ \ f2\\ I$ \ \"\ y  Uu\ \ :JKA \0W Z:] ?c4?  T 6D=I\ tP \ ElN \ Ν• >U  \ .\ \ G ]yΓ·mY\ )\ ΦΏ\  il \ >\'5κ¶  )@ H\ Ξh\ DQ  %	%HO    IWV7 \ \\j+\'\ \  }Y  % \ M+Q  }K Fe $  \Z \n  \ Φ™& i\\u J_ a,  M pi,  x|  s\ \ TP\ V }i t\ -Nb   z\ ΦΆ7Hk/o<u\  C-<S \Z m#a4 ά’/\ c\   \   \  n %  F  T R\ e qUd)P\ \ 1IMMejjU    (e M, dσ²\    ?    =S  \ \ \ Σ/\rW )i  t8  SP  !k  y\Z,  3D*Z1\ F`Y >\ ${EP 4 <  ^ 8 (1 b V g    #,\ IQWO-AS)KYWN j ~BX>\ 9\ &+~l\  J   κ¥* η§m5 2  \0lJ<T    I- x\ i\ \' \"T0=?  ZΔ‘RX| \ \ CM+ 8t @k e 8h  H1x k z |4f	   	!D\ \   eP 2;   {\ \ X 4   W \n.| \ MP Q\ J+\ \ UZ GU   q\\   A2 \ DH \"  <E *\n    a  \0; \   ]F!h\  51 4yC[ECI0 UH Z   g2\ N   IH\ 9A η——Lk\   \ \  U\ ?\ :/[\ q \ \ SS\ S\0\ TI   =!  \ u Ζµ^YeU \ QN5 1  \'6 \ q \\\ \ \  \ \ _ t\ \ O\  \ \ \ l       SIS%5E
\   IAD I\' MN  ,^I4    :  ! ]G\ Χ¦H UΚ·   ΗJ %    kVi^  JI*#y < E%B%S4 %r\ Y o e\" \0 WW8>\ \ Ι\  \nf ~ή³\ TT\ U  i\ j1ΤΊ  \ #=Lt\ cη † Bh\ i|nc Β ! } (\ c  Λ­  eX    }zuv x 2@\  &:d+η  %i \"z \Z [A   .Μp\  ` mJ \ q   E\ I
 \  < \ 1 8\ =Ed   \Za
Q\ EO  5e a  \   \ \" my@   j\Z  O \ ?\ Σ­ L ME< \0\ \ \ \ \ `\ < \ B) 5 1\ UQYDS\ b3PI  \ )  Vs$ l E  v :<\   > \ #Q  \ Z \0  u \  \Z\ \ \ a \ \ \ )\ |  6F cJcΖ½D\ \ ΄  \ XK12 mz Κ¨NI q\ Λ¦  \rC> eJ\\ \ T\ | \ KQQ\ \ \Z\ MB k\ w Β™\ \\\ `\ \  J <1M:\ }~\  }1 =` _  <  ?.  \ \ ± \\ I   d    ,  +  Z   i   i i~\ Ρ” \ q\ OL W\  \0 E\ i l7\ZsΒ\ t3R=o  1n\ \ E2 %  <| S\ T\   (Φ΄\ Y E p    Z *8 <yW    \ F
 BΔ ? \ z R\ u  \ \ @\Z8eZ $   \ ,r \\!e )r\ p  ( >&B,  |\" 
H\ O\ \ Χ‰\ @  E \  _ OX\ \  =! \ ζ–·*^\"-2\ κ†Ά3O5V6Aε„±Η— !K j\n N  R  ~ L`  \" Q  \0W X $X  \ \ @  v   <Y   \ 1Χ›\ < d H Ε—\ GΡ\ ZΙ¥  xg \ Ξ\ \  2 \rZ Σ    } :ίΈZh \  \ Q P\ v>y\ e   I; %   x\ a+q\  \ 8 Λ¦Θ  c E\ MMUL2ej  j\ ? U,k±<\ \  8 j     \0#\'D3!mM  l  lW  z J (\0 \0   V\ \ Τ™zΖ£    \ 43Ε¨\ \ \ WP \0\ f\ B3Jg  \ zY v,Κ-Ο ve\ \ \ Φ€!h~. \ % \   }8\ r   Rg \\\ \ \ \ j  5\rMAR\ \0]O  (  ?\ ^   \ t   \ +)\ UI\ \ S4\ 	\Z	  Τ7\ L Y-S 2L #  \r \ 4   \ XΣ‰\ 
\ Π‡ @RiMIS\ 9\ \ \ \ Ei r U!w  }  0r[ \ \   \0W N\ O\ y    i[     Η  ~\ b6   @\ ,\  0_BFuqn iΒ 4 g\ OO   Kb \  }=\ZZY>\ \ HΥ­Q5B\ $\ ( W  4\ R   h      uX5*  Q\   \ ΧΈ  Nj \"    0 \ UI  \ :  `C3\ \ c \ \ \ X   @ c t ΦΈ\ Σ®\ JΦ¥Θ½=4SV\ DCWIt\ T +a *δ©½;CUO\Z S\Z\ X M % %\   \07  \ h   Yk\ <      T=D-P\'G\" 9  VJ:   %|j \ &\ \ m>{ ) \ \ ΥΌ\' B(\ <z ]D\ > sW=! H\  \ hγ’² ! $( < h @kGΫ€ %Γ’ \ ?\  \ *i \ \ \  \ < J  \ \"y    Q >@ # \ \ V3 \ ήΌ(	X \   ?\ \ \ \ rz f\  &  4t045)4lc z +xr 4  \ \\i$ iΤ«\r*\0jΦ§\ y\Z\ z   A O]K    )%JtEc\  \ < ZΗ¥, \ ACpx\ r}\ \ e!8Χ‡   \ N  \  \    X$ \'   ewHje  %, \ \ !\Z \ H\  \'\   \ { t  \ \  > ^ Ο[\  \0\"\ \ n\  T?   3\ : wΕΌ i|  Τ»ΞΊ hTH\ W \  >\ \ 4iau   g.  )>u4\ A  & \ }:F\ C\ \Zub  k I\ \ 1 B\\}1\r  e X \ Ep /sq   \\ RV 1\ |    
 \ \ x[\ #n,8 \ .  OF> meV7\" \0\ \ Λ¦ q\ > n 9 \ Β± dP !~ x \ i\ o $~     \ z ](J\Zzu V ~?* /h0    O  \ u7C \ έƒ (&iE.    v
 \  $\ K ^ \ q [j\ $l   !Q  \ άr  iuw~\ Yt    <0iΒ§ 1γ”ow\ Mo Y#\  #H\' \ iZU  4 \n   &   \ D]| ! lV\ \ & \0    \   \0_g  1U+    \0\'D T  `  \0c >b KUO#\ IIG    Ζ¥\ 1\ \  p      <Ο—KQ\ P\ `z  \      \ \ j\ ή¥ Y=\'\  \ ^\ \ 9 \ Ϊ™  Y\ -\  O\ \ Z  T\ < \ άN\ \     T \ \ ( UZ \ Κ’  bt(S\ +V8 \" 0Z \0Dypz\  F\ D  }}   Z~M\ T\ 
 A\ s  uz d \rF2Js  qo   \ \ \ U+  U jz \ t\ O4  \ \ B. \n \\
5\ 0\0 M  S  =  h|9  Th Δ¶y&\Z \ \ v\ \ \  \ }\   \0 U\ x \ xib  taN& 2- D/P \ \ Η¥   Ρ€S^  j _4O [  \ \    WSO;\ ~ \ \ Β‹\' S54; \\.?[Σƒ-<
 \ Δ‹ \ @x  \ 1sQ<\ J <} \ Ρ” c  =\0\Z   YdUE	 U <P} \     ;$\"\0B    ?Φ\ 3#y> ;Zi  Ο―G=/  r\ ( U=4p\ K<\ WQS E\  \  u GEPpO \ =\ O_ y  `  ZW \ F  zzz\ h\  TS+,,U\ & #)OV \  . C\ Cu \ \ F \   N\ O  MKN*f_  \Zyg sUV;MM\ZL\r, U  / Κ«t \ B36 \ AL \ \ b  \ \ \\s\ \ \ \ \r  \Z  j f   ΖXa      	\ \05< \ \ XV\ { h2*   P\Z   sUA+ K\\\ Β†  V   \ !W\ 8Χ©J Ο 00 E Yt 1 Di 4
\ \  \    Qr3^ \ 3\ ,w\ Ω \ \'Le Q\   )f  8hLhfΤ X\ \Z {\ Δ±O  Z  \0d  N \ x \ Y 5t\ *  Ii1βΆΖ—w  \ y \ .Jq3ά΅  \ \ @\Z 65   _. _\ \ \ z MQ\rE\"T\ \ UK    L  (i\  ~\ 4-O   * \ Y   &Ap P<kO  ]o@Μ£       \ m \0   \ e  AL*e \ KD-%=4B(   @@\ t  k\ \Z  !
F Φ£ \ \    }\ d\ s\  qI%]ed\ )!h \ OGN   \ qs4 \\   \ \ \ \  6 k    \ Q@4  <   \0 :4[r:\ SIIR \ 5 SN \ \ 6 s   \nb)*\ u\ ,  iR2^\  [\ x.  SM_gK*DG i   jγ¥i\ \ \ \Zo \ _O   ev \ \ \ \ 9p $\r!I\nP t S\ \ Χ¦  \ +\ O]\ +SCE%$\ \ @T\ \ X UJ\ Κ©\ K \ 5 X \ Ll M#4\    R[\ Ο«  @ \  \ Σ•=+\ \ \ \    \n\ \  \ 4 V \ZΪ  \    B\ t (V Μ­\ \ r  \ q\ \r
SP SR ST\  \ \ T 	 d )[), \ VΓ Y  Z \ K[Z    /  2\npA :|  i1Τ¬ \ |U\ \ OL (g4b  D*+ \0 NLRIm_ 0@}\ T,5 \  \ +J\r>~^ @ Lz\ R\ \"j\ `\ Q\ *)  s\ Q_@Π¶! Uf|P# CN  *}Τ@	>x\ z*
 y\\< \  \ t  e\ !\ \ q D \ o\ uc- w\ 9ί·S ^A\ \  M-\ yR (x \0  U<`    \ \ _ \ Χ¦    pS=SC \ \ \ v\ LiO4 \ Τ΄u\ MQ  z \\ 2\   \ k_Ψ„\  cPH=  F 4F \ >Y  =;\ \   4 IQZ   h 8i Hm-HI ΰ«— \ s\'!nl
 X\0<C\ \  u Lx1\ \ &   Ξ½wR\ \    ]z\ qHίΏ  \ L\ \ \Z )V ι•’0  
)\r\ \ Β΅  | \0\ ^}7\ 5-a&  \  ~}`  *q ΄ = ui \ 9~\ d-O$J   !D Ω¥S  \ f\0  u@ \ V \ \  \ 6 y\ mm]| ,
K8  0TdV	3E  ^ Z u-\  R=\ Φ΅ AZ  yI2\ =8`\ 9\ \ [E/  dU 9d \ \ O  \ 5UE$bX* l J \"Θ•    { N M>ή¬\0/ \ :g     *   G\ CC9 \ ] \ QJ  q U\ (\ Δ Y/ \ZΣ΄ ^  \ 6u   \ S\ \  \ F  U & B\ o  q%MdZ ~i-\n  κΏΏ\r!  S j)  O  \ ]LTq \ A B  VC   zt?y   \ EI  ) G P 
rM Ρ” F   \0  Ί  \ #]S \ *\ &5u \ 2A- \ w  \  ή\ z)       \" I\ \ \r@K1<) z\ \ ^    \ O7  z\ Zw SCS\ 4\ 3BO t\ =\"$ N O\ px \ \ L m~       \ H\ D\ cσ²Ό  d  QKGM[ j9fw. x\ g   3\  \ hΫ…G \ Υj
 ΧΌt \ \ ,*d U\ \ Az<J; i X\ \nx(\ \ fyp\ \ k{T\ \0 v9   |z 8\n\  \  Y \ fiκ„‚H\Z g ( \ \ 3$i\"\ \\P    Ο½Τ¶ ` \\g\  Z5\ \ \ \ V< IAK-R \0    Y\ T    \ CNk\\B% c  
\ Μ Q   \ \ Χ‡\ =A  e  \ fWSSMWP f J:j     6 8  W\ \" Ζ£Ν©  { \ Ι¨\  \ \ \   z  _Λ®\ -T\  R L r\"\ 0\ \ \ γ©   \ Y	 o\ hH\0 _m    f  \  >c X\ \ \ 2 W y\ \ |< \ AM   g9\ mr(  b \ O\ V[\ _A >\ \ \0\ `8 1_ } j  \ \ PY\ \ j  \ <\ P%d J\ \ 9 I4OM+ R  7h E\ _    S  *H  >X \ Γ  Y7qY & T  )JCO, !
] D ` LVP  Z  W`  3U\   \ \ /B\  4   \ \  D *vΠ‹ \ ε΄µE?\ i\\ Τ―9\ Yn ?> \ & \ \ V  \  ~]8u / &#  S|  \ _T \  O e\ M F5 \ \ H  j: \  b > \  j\ ]  E   \0Βµ? c 7Ο¤\ )\ R  \ ?\ ?\ \ \ \ \ G \'   q\ 
uX\  \ C O  } \  ^\ zd\'  \ o \ mz\ \ B \ \ \ P  A\ ?[ \ {p\ [I    [_:\ t} \ \ \ WU\ *\ (   *\ \ ε†   \Z_  z  `  SF  ά…\n	\'\ \ =  (  \  Ja  z \  Gp\ |  I \ uEH =\     \Z  \ @v ww\ )  =) ~jq \ \ |\Zl<zJ a\ K Ϊ΄\  \ ,*G\  (   ^ {  \  \0W zCU  \'    2\ \rΓΊ jΣ¤IoΫM/ \0 b~ \ \\ VPE?? z \ a \r_? c   \\?:\ q\ {   |\  \ \   =@ \  3 6 O SO\\|c\ }K\ w.\Z q ,Ϋ‘\ % EU *a 4    
% hX5\  \ V   *P  ? P\ ]\ .7  ,\ Q =

+J QV$    \ Qf   w&\ ΩΏ0 Δ ut\ 5 Q F  g) )U< }Q\  \ |\ \\W_|f   f Ζ   I  ( \ )DN.U\ r R$W\ \ N D  1 $  0 \ p\ g:\\\ o\ \ - kE T Τ¬A%\ \ \Z j \ A\ * \Z   \ \  \ \ P !D  Q)  B  K   y +  S  \      B =	 \"Ρ¬    ap
3  H  }&\  \' /\ H  Zu@N \ +_  iBE\   R \ [Θ–R~I \ \ \ \ Δ€*z;[tb6\ \ \ =έ     zΧ°w\ f rV f\ \ Y   \ \   * ?\ a\ \ \ !R\ zd  _-z- .\ ;   ΥΈj  \ \ F\r=^jG\ V\   =N\ kE \ \ 
 o\ :\ +\ # BI\ \ \ _DA\ \0 M:\ F K\ Υ­$ c*\ Τ­:y   p \ QEmXΖ­h\ ) \   6H jS\ >T \ L  J 48\ ?\   \ \ )c \n qNΤ\ \ \ c \ \ GQ `\ + k Ο·   \ \ W\ =H \0	\ ι¦¦   Y rUT2 !yV	\ Fq JeH\ \ c \ \ =bN \ j:Z\  Xh	8   \ Φ©SQ Σ†5%  RAT %0 \  \ ES*\ M2}\ ΤµPC1  !\Z _  g@ <Ο  \'O\   { q1    i j) \ \ c  \ E\" Β™\Z/S\ |fHΩΈ \  E`x\ k\ \ ^ \ \ \ [D   OS JΚ…    Lr\ D*8 vJGP\ D5\ W\ .* \ U\ 8\ \ =z\   zκ½\ b    h` \ \  O\\ UT\ UT\ & i
  \Z&H\ ~  {ς’¤ $  0 \ \ k!     Xi\ b    &R  h 4  Z}1G]\ B\ K\ \  gHuΣ©J.< Φ¥j\ \' \Z   Y\r5n\'<tg  hX 1  \ =L^i>\  \ g\ 
k\\jD@    \ >    [/F\nW \ \ %\ Ω\ \Z:\ :8c l \r&\n **   :\"V L\ Λx , Y  9&\ \  Eo\   Y@\ _>  \ a55-\"Sk\" 8\ l H\ \  \ }\ K\ZGMs  k\ Ν­     @| *yz\ \ Χ«\ \ CR T~]\ $;r )    M.E\   %<\ <d2# 3-mN $    \ 9X  g  \ 2*B  \ \ R +΄ VC    \Z      \\	=   \ U\ ew* t Ϋ’n      C\ Φ   /   \ \ \ $ Δ•PS\ 
\ + \ KKKO#T  w^ %  L`\r~7\ }ν4?\   mkQJ\ Σ΄ Z u1   \ <T\ @ RVUl ,Hk’Zz#\ έ•\ D     \  J\Z \ Χ«P yq   Χ¥\ZEP 4t2PPUM   \ I#\ %=|9z \nxV\n@\  Kά² ug,JF   \0\ \ \r(CwJz \Z ,%4r\ a   U3  R\ 0\ CMY, 4t \ IR ] r\ C\ \ ά‘\ w    C  ~\ ? \\\ 4QSEXe    h\ Wt\ \ M\   t  T
Q Β¶ ά‘\ \ IF   \     4 	\ CR:\  \\}aZ\  \ cL  :   A\ \ ) \rQ$&! ] {\ a\ C   f:  \ 08W \ _ \ \ c?&?~}η| = Πd\ 3j 1 pSj =KV l\ +x\  E  \ z\ Ζ™4 q  Mc i	\ y  Η¥  \n3luR--
 z  \ 8QP \0v\ \  \ + \ (mA   ,\ # ΟZ        \0 u     !zm0 ]DkQAW+\ Π¬\ AN EETQ (\ X4 h\ + \  )S^ I&  O\ \ ~\ \ *κ¦§jL \\3S t   *Ρ\ w\Z + b,      ΡΈ` >}h\ I\ 3^  l  Xd  ,\ >w Z \ \     κΊ¨\ O+\0 \ \0\   i _\  \ e \ M$Ϊ„ YN  TΩ£    U#Vch(  Y  QH<Τ’(H\ =@ \ \ z t &  \ j   Y1  \ 4-\' \  E  YJ \ =RR\nyi   \ O   \ x \ Π³ #Q\ >Ξ―\ \ \ ~  \' \ \ MZ -LrT23  rUG$ &  P    H xu0 >\   \0?\  \ \0 z M,Sd jδ¥΅ |\\\ ) K
\n -5\Z      ]f$ }^θ¬­B\ \ y<zOdc   J \r+yj aJy  k\   \0 X  c\ mDΛ¤8    l\ M@   O\ \ \ \ & I   \ 5 td\"C \n O @ΕΌ\ \ ) h u\   \"b ,
 Up=\ \ / \ #\ j| \0\ \ Φ«PK | ~Ξy % |\ <m\"\ I45K\\h\ 3\  )  8\ S  +G\Z v\ n  [ \ _ Ξ\ h \ 42dR:| 2   h\ }\ u \ &:Ζ\ 
m\"\  S
 v @?g\ \ H
R1 \ 	) i\'i  zV 5<1Λ“1     }\   81\0 ® \  \ Σ‡\  \ aι΅1;4   * \ \ + a 4G;
L   YΙ‰)  , P &*\ }ΠΊ ek     z\ 	 sN   \Z ΨΌ  qQ a| ;\ 4\ ? I      R d\0  !A  @\ A\r\ \0 xd | ή¶Al \ TΙ•  Y   \ O(   JCGO[\r11 8 \ \ 0 $W1Ι© \ lrP| \0\ \ +J  y\\  \\  JΙ¦   9R  \0\" \ d O)   C Ε‰\ o\ n\ \   t \ y\0  Ο¦\ Θ“\ F \ \"X \Z:\ u  (  Ε  \r4mI$\ \ \ 
{\ \ κ·‚  $ S |  : k8 \ \Z >      eT 2\ :    H \ \ N|  \ E3  \ \n  \ } \"αµ\riO:zW\ \ \ \ uP\ Λ®n*eC]4  Zb d  YM<l\ \ $ZiK   \  =\ Κ’   ~e}zqi\   \ Υ£$~ε¨   \ \ U\Z]  Ω   X C%\ [FL Ο© x\ I~\ zl {& ?r~\0#\ Φ§M\  & O2 `?:    s_0?   zί“eT\ _!  @z4 \ 0[\ \ \ ] Z\ Fo\ \    IΙ¦:b 5	 \0W N} \ 6%-J 2R\ PH δΈ CrP-  Χn\Z  :   [ @\ \ q \ ;\ + \  V|\ \ = \\ [  \ \ Gim*\ \ \ \ \ \ \ u έ® \ W\ ] \ \ (  
 $c    \ \ έΊ\ A:έ‰ W> \ VA  @\0 \  \ ε―¶ pa X \\)\'    ΜΊX <p  έ¦X\ \Z\ g\ \ a\ ,q h b < (? :)\'\ `I\ 9   |>|ήΏ\ G \ z   Zt Zmq\ , DL\ \ b:c q\ S.JZ\\ t\ \"\ \ C    A> \nSUd AKE3 G 7x {\ J0CC  yR   BE*\ U v  k\ \ $ p K;\ 2}:    \  ]g  e;  !\  \0Κ kj\ O\ \  \   4   \ ~. - \ | \    K%   j\ \ +)\ j\ X+rZ  \"ka % \ 7\" G q  T<#QCB>hf\' @B\ g\ <GΨΆ\ \ X.\ \ \ -  SZ1  $Ph \ [ _Ε¶h  \ /Μ   m?~j  \ ; z  \ &  \r   m~ \ t ^\ \ Q \ \ h\ \ 3\ \ 1   \ZJd X+{ v\ Qkl  8\ \ @c  $ T\ \ jri\ z \ \ ,  S >  _C Ε \r 8  \ lvV X5& -  s ( E \   \0Oj  D  0\ > \   t\ \n\ Π«   \ \  \  \"\ .  .E\ {\  Υ\0Z\n \ \ =T 8x   <  ck  ,A6 \0S   ($ \n I	\n\0\ OUc \ ;L   \    Π¨     Β‡*l\ ig  Η¤  20  0f nH_eΫ† B  \ ~b   \ ρ‘¤\Z     | (\ \ r\ \Z\ \ MCF  &    a U \ Π¨Y|W  ,> \ ΩµP\   S \ \ )  \ SC\ \ k   \ H ,afXε’§\   \ X \ + 
\0_ \ o1\  / F   \n  < \03\ hi\ $\ 0Θ°\ U   \ TC%[Ζ”  T5 #G\ X @   \ K\ \ `  \  }V 4\\  W 1HΤ³db \ ($    R# \ \ y\ o \ \ ~O \ O  =\ 
b )   > T R \  \0  jj)\ zy5GWMmUT Π\r|U\ JΘΌ \ \0\ U 7  aF \Z\ \rO    < \0gZ @ \0W J\ZB OIA\ 553%.9KRSd? S\ d $ nO\ \ \ B  G\Z   X\'s |\ ^ qJY |V \ \ MIe `\ }\ C$ \  SUBΕ¦S   d` \    +Φ )\ \  _\ \ J r \ k\ *mqG\'\   3\  f  K   ,\ \ XY \ κ‰S\ \    \ ?3N  E=l sK j\ \ \ \ TΥ\ S\ ()f\ ,sk$E  =    >\ ΕΈ3\Z T  aZ\ X\  o%^F  VVδ† \ Ω\ L&  \Z\ \ 8\ I*yF\0   \ v  ~   \ J GE yΘ™\rΝA< \0)\ 254 +\ $59)\  i(eO I S$\  !  = H\ # \'\' B  i\ B \ Η‚ S\     , 0  \Z *!&Z \ -*
@\   />\ \ TΠ…9\ \ ?\  \07U \0 ^  ]T \ Ko\ SK \ IEM/u WGOXj Y+C\ -\ \0P\  \ A(8^# \  \ P  OO4MMW s\   j\ Ρ4   M\\\0fwΘ¨   Tzm\ \ Ε€\ 8 \ z i]U\ X\ \ \ \ JM      o0\ \ \ k)A \\  1\ \'N\nΞ€  @  :\   t W/\ H  \\ k  \ 4?\ Dq:\ Sκ–²AP f  7B\ !\ & u@\  u 8 c\ \ Χ \Z \   \ yiΡΉ     q ) Z f5t\ Λ   Xr/ +e\ O  7  Τ¬J {\ F% G  \ :\ ?oYf   \\O 1 CN Zj(\ j>Ϊ   mTS\ YSSgWV  P \ \ n0\nΪC   PP \ _o]f \ A2 ( \ #C     \ H X   X\ FF   6 \ L 1   j\ N\ \ ”\ \ @\ I%4\ \ \' ΡΌ \0 \ \   \0 \ \ \ ClaO 4\ L   4+  b?Y  4X~ q:  N|Z\ Ε¨Χ‡\  |  \ \ ~KQ<I    i \ r  \ mQOS \ URWΤI\ H j     ~0lM    F5\ q \  _ Eε«΅+U   \   \ \ v8 Tj  MV:Lc\ \ \    3/+y\ P}K\ J = ) Tg \0W M\0juu.  &\ A, Q  F  \ iY \ T Τ’4(\rTgU[[ή†  AV   Υ‰\  \ m	 \ T  u     \ [CN \ 7G`  \ =\ e  	T\  6\ u4\0 d   u\ !rx  \ ZZ g\  F MJ uU\"x)\ Y x \ jI1J ! ]\ \ O \ )Px } xΦ΄Q  c C}\ ]|R<\     I  \")! \ VEJU aB C 4 E\ v@\ V5\' \ Χ‡\n\ =9R\ #\ N Υ: \'z:o   JΤ–I  \ 8B 7ά» * {*Xq\ \ \Z0 *O<\ \ \ c <\ A  \ \n % 8δ΅£  TKI1\ V   \'O%^E \0+Uf \ ίv\ 5QΘ¨ \  \0    zεAW4Π  (\   ^hG\ \ Q   	Lul \ b\ \ ?Ia\ \\I$ u\ 7 I Φ 3$ S\ 3&I \ GVx g d( M2  5\" \ X* f L  @`\r=+  \0/^ \ JW l T Ι£   $ 1\  \ \"V  V4Θ΄  *z1c \ ΞM ΦΉ:\ \ \  LW\ \ t  \ \ \ +$ S LΤ«P \ <Q\ h\ \ Td H)\ \  \ \'  A`\    vb lx \ \ :\  :fΓΉ Ο¬\ SΡ¬yj \ Z ,\     0 R    H*n Qξ±³DΔΊ\ 0 =h„ jF  o g  *d \  V\ \ \ c  q5eIN k     $ 3  O  6   \ 3N>G\ \ ^ @HP>}r y\ Q\ C@_  SJZ    4  ά”#\ 
    JΔ”b \n\ \    ήµ\ \ \ s[< 2 \ P & 9) =L $ \ \ ,\ P\ \ \ t B X{Ne  `  y   \ z\ T 3= #  M% Ν£  5  	$\ M \  b\   Μ½ΚΉ ? \ Υ H4#  ) Te  I+1fΒ£  \n α–®Z  jjb\ F<m `  #\ A\ (fPM\Z :    YΪµrk   CQR\ C;\ K\Z\ Pθ‚–NΞΎiV %  Ia, I:  TZΔΉ%Ό  \  \Z Q\ \ )\ ?z  UW  k\ )  \0k\ C   i[* 2 \ 64 \ \0  U ^ H* %  :\ N \ Β³B#\ Zf/=KE]%  \ \ \ (d&/@\  7 mH5\n 45 \   TW \  \0  U\  \ u. Ψ½   \ f k  \'n\ \ \ \ 2d:\ u\ 7Ujµ\ Pr  l   $	\ 5Ο¶Γ dF*    z  \"   } \ \ \ /  [ v\  \ έ	v\ hm    2\ 8 \ o\ ?x\ || H \ F/\ \ ? \  \Z, o1\ \  y  . λ©ƒ CS Bw\  \ Un  \ %~   Q\   \ C    T \   zxi\ G\ \ %Β‘{?\  7Sm +\   \0Θ {n  C \ \    ;34 \ ^Λ£$@\ \ \ F\ ΟΊ U5 \ \ Ϋ¨ ?.\ \ \ 3 \ l
p& e\    \0> m\ Gv\ Ι³:  6 v \ \ \ \ [{  \ dc\ -~\ ί› \'\'lb\ \ h C[  \ W4  RRE, m\  \ X  \  ΖK\ `\'\' :M/4 \n <| 8  5\ t\Z?  = Φ›+    \ ` ,\ \  /,\ 1> <.δq    \r \ |} \ c c     ,u1Ι 7   w  H 
C W#Z  A5+J0  N\ @\r < \ \\ \ { Μ– \ 2HΦ›U 4k \ :\ 7 GBUΥ£ C\ 7—\ g  |\  |\ \ m   ?  \ \  7 Γ \ ?  \ 0\ \ O\' \ \ L|\" \ \ )  Q?~  \ o\   \ \ O\    P| dUc\ @\ S  i \ \ \ \ \ ]]\\J^\ G-#\ \   \n(Β¨\0c  \ A^p ! b )+ - ZL\ .T\ \ j) 2D  \ 	\  G\ b %\n     κ©§DD( W    \ \ \   G \ \ O  \ 4=\ \  I\  I s \ \ z:=\ Jΰ°=\ A] \ZΔΈ\ Ϋ¬P\ ΚΊ\ \ a \ OΙ€\ \ 	^\ 8~d\ \ \ \ \   I \ \ \ C	8\0\0, n    *\ \   \  jΒΤΓSb\ R    Ω® \rdΤΌ I   \0\ \ Π‘ \ ^       ( \ \ \ 6 T\ \ \ KQ  \ \ ΒΆ   ? y \ Nc    ?mu@*\ n    <{-\ 4 Ϊu)_  \  \ Φ… E Z \0  \ Φ N    R  Z \ !* h| l}$\ \ B|U I*  R\ G\ \ !% Ζ  8z fA\ M0?\ Γ®5L     % Xζ¬¥ 4 \ 2(Ziu< 2 /+H Χ‘X\\ {{}ΥΆ\ C\ #\ \ \0   9 8 \0W \ ;\Z A\ R \ T\ L\ \     \\ :KYQ\ Sb\  έ  !U%\ U  \ \ Φ\ \ X`x\ \ \ U  \ N 	^F   \ SF D PR;y \ \ J 1
 \ |Ι… Θ  G   ^ \ M  4 \\L \\  γ¦ JpqV\   	Y& s\":<f2 5\ [Ϊ… v :T  s | \ O\Z\ \ c%2V}\ L\ _t Β²KSSM  \"\ \ h U U$S =Ν›X >\ S 8 \ \ ~\  } SWx   :Z 5 ],  \ \ D\ E]=.\ \ c  \'O5(3K= \ \"  > I}n   \ F H\ |Lx(\"\ W<bF  Z  4 $& \ U av ;Θ¥  {\ uj ^\ I\ \ x\ λ¦¥    \ Sdi\ jf !IL(\ \ \ #     2G\"   \ t z\ IQ =li$j=  g  x  Ϊ”N RG0\ VSWΓf \ SQI-==-M5d \   9s Ie#\ H\ iZuΰ«® +^  4\ nl \ P^ , x\  y>5dH B\ Σ p \ \   \ [  >?\   \ *1\ iN \0 \ \ tΕj    \  \ g	$\ P \ O<\ \Z  I R %,! x \\ W\ r	P\ #  yt\ \ +  QΖ‚z j(\ \Z  6 5ke~\ f     5 V \"I E@\\k \ %    \    Ρ©Q  \ E5)\ \ *+  H  \ \ \ I  p \ i!3\ b ( g    d Ek#\ (\nDlH O  \   5   dmF;Hz? p  \ 8h  2>8\ D  Ν–y\ ( + F \ SM|4?  \ -  | \  \0\ j 
    E   ,\ \ 4`\ \  W,3V\ \ \ \ \ G_*@Tj f\ _~ bq  b\ Ο‡JZ 0 _    \  \ZΗ¨ 2 % I\ U       g\ H Y  C {$Px\ du\\ R =D   f  \ u :\ TM      \ Ρ¬ \ =u2\ f\ jbo\0/ $ Π Τ  r Q5\Z\      \ \   &  ],U\ \ )\ X  \ \0 \0qV \  \ .κ’²\ 8\ I. G  \ Υµ(T\ OyS\' ig	<& U  BJ_ jw   V  :> !D\ ?Μ³(\ \ \  \ SΖ•  \0  RM`     i ^  \ \ 6 UT\ xH|KM&3   J)\' KOu  1  \0\    \\ G #& !\ Q\\ ` .   \ \ \ Υ¨ \0#  H h   : \     \  1}\  n \ \ 6   T\  y \  :Z%T \ I2\ T r\ \ \ Ζ’Ρ«CL \ \ eAS \ /$  v ]BDe,U}#\   \ Ei   \ XjT} >B %\ TΚy-Ls Xd   ))\  \  3\ \ &KF\ \ Χf<85\n 3ΦZ  \ Jc             \ QO  \    4 G m,z   	   \   Q@V&   \    8γ—\\ j\ | F\\\ j\ )\ a5  M,U\"\n\  \ \ K[:  Y # \ ΚzFp\r >  \0/^ $\  _ R zX f y\ e 54P5\\ 2\ N\ -EKc$ x jZzIU\ !\ \ !  \Z  \' }\ \ Σ―\n\ zJe  8\ <pT\ \n*Zy)\ /MF \ 4 vcη»³3\ H~=@[s;  Β’q `z  l(\  S$ g \Z Ω¦ H -T \ g  S J -] >\ (\ &3% \ B\ H  \ \ N \0\ \  n *I  ~E\ ε¥”N1\ Y d  Uj_%\\m\"OG  y*aO\ D\\F\ i7  t Y \ vhi yS \ \ Κ€q\ N #z  \n\  O\rJN B   \ RA,  κ±Ό T6 7jd   )Π\ E_A\   \ UsJ ~G BPΚ°ΌsS br \ 5t P\  4i+  	,\ZZf_n@&\    *3  \n  O \  \ \ \ g2 Ζ¤2\  Q  Z\ Xh bx`C  e&9\ ζu  [  i   X\ \    o J\\~J  \ 	 hδ­‰*\ J\  W$\  UC WC\"I(M _ &\ # . \ \" O^ P\0p< { $\ Y\r\r\'  H% \ p\ \n E\' \ E-M-Z\ hΥ— \ \ Ν\ \0eM. \ }  \0  SΣI\    \ CR F b Jx)d $  h  g 8Ho4\ t  X\ Δ¨\ s]  )\  ^ :\ LO\rU5D KW]<1  #+Υ¨3F\  \   />\ » Y\0\0rO \ \n j\  \0 Ξn Β‡  . u\ \ \  \ \ e\Z  T  \0\'\ \ ,  )\Z)\ s
0\ /κ°΄ (ΞΉ 5 >  j   uK    \    \ jf  %zi\ \ :Χ¦  y%   V $`\ & Μ ^\ >	\ I! V  }  Ο­!\ ,°  \ fEv.\  \ Qε­c\" ) D ~\ #\ \   \" #\ ΦΏ ]\\\n \\b\  *& \  Zz \Zi\ Ey*?\ \ 
  Q $\'QPH { I:p0s   |  *F= X M= \ S L %\ \ K,h\ ybw \ X\ Ue Ψ¤:| \ T\ \   \  (TJZ p\ *Ϊ\ \   \0\   \'\ \  \ uWW C;\ x  \0\ =\ ]9sT\ > ήΉ- ASU\ &wm - \ F? {lΕΆF  S\ ΜB1Γ‡\ :H\ aN\ Ε‡\ s  ^  yS.W  $\0+ 0e{\ ΜLsM`S\     D \ >T=l€ 3 \0 o* \ \ \ {   / ^\ \ \ \ $&\ LS  Js$q  \Z  p 9V {7\ \" \0ά oΣ   \  \0 \ ι‹’J? , } \ \ q\ X^  \0fC  \ \ U i~&S\ |w ]\ Q =T\ \     n6Ψ¦   sM  \  3\ OOUSG\ \ V z   \ \ fΩ¶ eln  L\ \ L@j\ZO ε–¥\n5u){5\ \ ίΉ\\\ rΥµ\ A\rΣ“=Γ² Z\   K  ΚΆ,q+\ i  ΜΊ \ \  \08> \ |    X{OA >g Ρ– \  R\ \rC.^ Ε¬     \ \ \ \ S s \ GCNh 66 cG\ 58? 9j?
F&KKF\ H\  \rά f-Bu  \ x`HJ B { Κ²\ nf
\  ~FΪ­\ \ h UBY@<13  x Z|YK ΘΊ  \ \ Z \   ΰ§†%  ( R( % t CEZ) i p   :t,K0:\ ?/ P:0aJ\ ? Mp\ !\n O    S  Ι¨2P?Τ„_\ ^\' T\  $\0  \   o \n\ ;7 Qu\ Σ­ \ 2 \Z    &  \ Q\ \ ] Χ΄ \ $\"\  Ρ΅K vOi Uk (J ~ztW Γ―    Ο–  Mz ΞµqS $2; SD\ \ \ 1\ \0%B ?R\   \ sU  ?\    kJV Aν2B.  H\ Ϊ† \\: lB}/\   κ>c  4P1CΦ•_ ^\ }\ \ :Z   > \ \ \  \ Gjj*l\ jnhh(\'  e\ d i\ FUBoi = \ ,\ hP ~\ ?\  zSf;X\    U\ \"\ KW, NSC  \  \   iUJ\ f? H i`h\"XΔ… \ = ΞΏ\ )w*<0  \ \ \ yβ¦§ \ J COSLj %   IX$h Nh8g\Z zc%WS\0t\ Ξ«  g >3Ju zCK4 j  z V  \Zh  %Υ  \Zf \   _\ 
s7G  \ 
  ί³ u\ R 9R  a =Ob5UM\"KM*TS\  /\ \ x\   \ \ Ξ¶KΨ‹ =   K%5Φ§\   \ . k\ z \ \ O J\ 1T <>i T h\ z *   :( zji  p G\ \ j f  \0\ \ #\ Φj@ \ Ζη§¤\ :E$jMKS$Ζ 6I;\ TjyΪ¦U     6mΟ· 0 GZ \ zV$ \ s r0 &  \ ji \ZT 4,\ N\ \Z,  Y* HY    9   h=q \ ΒΎ|z  \ 64 O +Y+\' \ \n)\ \    :B \ vZ    Τ \n      ~~ x\ 0  λ”Ύz8i  \ OG\ 2U\ ;\ ZJ2 V# j\ 4& i  47   / 84ΤΆ  \ \   {Μƒ  \0> ;\ 5x\Z Ο·_ JZ   i  # \ b     GI\ \ x    Mf ) Z      \ z g\  \ Χ \ e\ \ AQ\ i\ Ϊ¥cl eT T &h]\ B\ P#id Κ–D!7p {f0M?\ \   w+SO    (QT\ IM\ X \ \ Y `  j ;M\Z =MU5\ J  Bh z !U  F  ΨEsQ O  \ ?:  zε®Z        DLh\ \ HU1\   X)r\ La έ΄ jKj \ Χ€+  Φ­ f   GQ\ M \  \r<\ \ ΒB<  jg I D F]\ VNE\ ξ΅`\ B?gU-@\0 \' RO$\ \ R\ jΪ¨c L Uoa ZΚ³G X* ΤΉ+5>  T! #\ έ‰@)B) / O\ Χ€R \  ]f   :z \Z G<1TRE  V Y$    \ \nE   !! iΜ² Q!\ (\0 lY[   ?\ \ S Ek\Z  Q  jBj\ \ #RJ ? $\ \ ^)ε΅Ά I       Dj\0 +   ~X?  U8J \Z \ \  n /Ϋ~SEe\"M  \ \ I       <T   \  \ Hdc3\ \ A\ \ \ \ \ \nup\ru\'Ϊ™\Z)jj\ I (\' J Z\ K+ + *ehgJ3\0\nd\0 7\ Rk \ Π *  \ > \ \ UR\nI\ Z I \ \ o y!   \ + ? tRN_P: ?\']  \ (V  \  ? u\ \ \r^ ~ΞΏ \ Φ—p\ \ s Y \ \ \ ,   RH  :  Z\ \ DT\ * Gc\  5\ \ H Δ²+0 pkF \  }\04\0:J\ J \ \ \  _Η£  %DtN \ W  43S\ U9   *D \ 2sqol# .
7      \   Y\ \ GSM0  J: ¦ \   V, , O  Y)``<  $	b E \ ? Q  \ \  Η―^a\ 4R \ u>Zt\ L\ J?  ,  4Q\ j/4 xa  G\ c#  \ WF{\ \ Ϊ\ M^pX   h*| sJ F  \ 4    Ρ¤ pM=N6fg D\ k k*KiO \ o#X f3 ]Ap\  t\ [>T>]N\  ii))**\    My * : \ P\ d     (\ \ E  +b/ . \ \ <=)  =h\ \ N\ TT\ F  4%%d\ }\ }55-,> 7 S i\' e2pU Ν‰\ @\ T	 \ `\ 4\  \'  u Te*    z F4  \ \ \ 
 \ V\ Λ Y 
ιA ~uw UF  \0 \0=:\ aP`S R;\ PAN Θ΄   \ I$\'jΕ­I\' \ ; \ h   V  { (\ }i\ \ \ ;3, s\r<bZΧ­ !H\ \ c Q4\ 2K4b :  ^\ GU\ \' \  K8|0?\ JW\ \ \ j{hW  `Θ΄ o4 Uy%Xhic\r#\ \ i%+6   S\ \ Q\ (@ _z(   U <  8u\ < Z \0. κ¤’ \ 
 &   \ V\ 3\ 5]41 RFT	 3]yΫΆ-N  \   z \ ^8\ Β½3\ \ Uή( \0\  0 \0}  $ΊT v =( S ;:\ \ \ 9\ ]iMU\ O  _ q\ ~g  \ NΫ¨D\ \ \ \ +I,\   k<  )  H) \   K h\ 8P=\ PWN \ Χ½+Γ¥\  ^  \0z \'NΥΏu\r>FU  \ )\ 4Z z $ J  W  u	\ \ SP \ I _  ^5  ( \   \ \ )i \ \ .   \ \" ΤΌ J κ ’  H\ _5\ S+\ R  o  Ru*yu_\ B;}\   hS\\i   ct \ c\ \ \Z`j)2s\ \ \Zz \ $Lκ΅”   \ Κ΄V:Ia\ \ =\ : #  S Sβ ], \ T\ W 8\ 4\ ΤVHα§ 0* qy\ZB\ \ M 	  ]X\ | Λ­S  LΠ·\ \ \ O41 P \"9\"  I\0 Pk\ \"h\ X  λ»– WP^	>   
\ \   \00 \ \ \ \ b j\ -BGWQU  \ Τ^ he`    q\ ΞΌ \ {  \ 	\ F\  n   \ \ Dt \ CY\ +y  r\   F  \ t\  * \ h %  \  [ή”-N           u  E  η΄\ R$   C3 hbV D$=A Ξ© 6# <\ Y-L \ Η•M:\ C  \ 2e~7 \ θΊ‰n _ή»
   ,\ zLp\  Ϋe \ \" \ [.S\ \ \ Ο³M  J  Θ€\ \ 2\ D\ZM\n ?/ :\ \ \0\ ) -\n\ ] H4 U \ 42%\  i?   \ \ \  \ q Z	\ H \0\  \ \ 6\  \ \ { \ Ϋ’>  6\ Ϋ\ y r9    {gu \ \ X zo, \ rY \nz$P \ : Ϋg 
\"\ \ G\n  \0I9  ~]%  I 1\'\ \  \0\   \ \ \ _ =E ){]\  \ ? WIAΪ\ QC%N+\ _ k\ \  \ \ \ \ B   s\ O  !\ \ Χ”\ _ \ β‚–B `=\ \    \ wD < x  w\\KMU\ ueVE*\  Θ΅Yu  T  [\ \ \ x\\\ \ \ % @ \ a q .@a,gr |LW K     \ ~\ \ ί’ Ϊ#; !k  \ zd }\ #\ \ tU \ OA Ψ < /E  \ mPQ\ 1\\ x |v s\ hΫ¶\ vk
{({  .\  W% c (\ bO b\ \ \ ]K   \n? \    \\ \ \n   gR 8 ]   :\ ;F\ ku \' SZ ?\ Φ\Z44      \ F H \ ( ; #\ \ LKb\ n 9@ ΘΉ \ \Zέ‚ q? G       \0 \ m ΓΆ \  K/  \ \ zc  B\ i  7Zf ]ΥΎ: v\ sK   #l 
5f& Z  \ ΙW 7g P  x \ l \ g:j\n\ +\ pW \ R ;$EQ$ k\0?eiO\ \ :\  % a α¨(\ \ 4
 \' > \ e\Z   - >\ , b   x t\   :j\ 	A HQ$   Δ [\ b\"T  \" FI  j 7p  \ (\ \0\ |  \  \03\ Π—  \ \ \  ^ |~\ \ \   Ω±5*tt ] h1U\ \ZY  \  @ R     
 (5: \ T\  \ 2D  Mr	\'Λ    Vs<\ X Z z +5 \ T \'    8 \ 2-   
`= x\ u\nxgΟ\   u \    L*B\ e  I1   Y5  \0j [    L~\ :   _~C$te`
c   \ ΧΈ }:r\ \ 5T\ 5 \ T\ jq 5 K2$ D  9e h [H HJ    	 )Z \0 ~\ \ Tc=Ihd5:%( \ \  $o-C tΘ•\ \ \ ΘΎMMQ4 Γ­Β„,\ ~ \ X\ 0 V  V \  } z   \Z   \0\'NbWZH# i)rIZ	\  *Ι  Z\ R)γ¦ :\Zx  * \ T  p\ \ Ha\  8  .oU\n45\ EE$  iij \\2    \ \ S }E λ§…  \ \ Pi  N \ @\n\ [W F GU \0? Qκ \ \r ? u  \ JN>  \ !-Ja@)ε†    9*Dp\ \ 1*,  7 N\ \n\    > 1^  $  \'E Δƒ ,+%M*%5}ΜΏc\r_ \Zh$ E*\">{kb	,\  E8     Pd Κ»%Q/% \ \ 2d Jy     \ \ A βJ  2I\ ^2  * xK\ 5\ V?5\ @WaHZj<q   \ \ \ 6+W _5l51  	\   ; kO 7 Υ“\ \ N   1    )OU*-5L3=\"\ Δ²\   G &/+  (!{2 @b ,E \ X     Jp  \0   \  hL \  SVx\ h \ -^=S\ \     \ 2ZC cX  \ {}&mC y B:|    z8  HK` ^uj e   2 Ϊr  \ tG `  \ Ϋ…u( Ru QO yu \ N \ *VLm< 	j^m\rP\ Β†   \ \'  : \n\ \ \ c\ R4 U H\ _ΫΊΔ‹S\ (8  \  uSεjQ i\   % \ q + Ia  x\  T\  I\' +Κ¤\ z}\ I   \ Z *  t\ \ O qK\ 0\ IVΡ¤P ./\n\ &\\5=D  M p\ YΥ \"\ :eb+  ?\ \ \ \ jR?\  :SR\ MQU=4\   \ Ϊ© Η­S\ 8U  |  ^	\  !G\ \ Y5  R 6 \ V     1    \ IM)U  B \ \ [_   γ¨i ^( .\ \ Φ°]n B e\ X \ K#+ \ \  \ ΔT\  M%E*\ ` JZ\ZlyH y\ \ JzkR     j ` p\ \ \ D
Ε9 =\ \ }?\ \ \ h(n Λo\ \   aKO:\ d`i M< \ \ C!  R\ \ 0 Γ—$ \ 2i    \ f   \ \ \  \ \ O>cL\ ^ κ¥jβΆ5g , 5EY  I\"  )W b     I    \ b \"  \ :  N\ H\ \\  5A Y* \ 4s#$ \ _   7M  \'\ ~(q  NPR   \ \ Π J  QKJ[ \ J D      Q3>A 4\ \ $   u + WδΆ \0?Z \0NX\ L\ Τ¬ Rb  (  \ }*nJ  Ζ¥ \ \ !p\  t%D \'O\Z    >]V \ Η©2O to,: \ i \ : b I1 \ ΥΌs\ Ξ― * g - b\ lA A# 6\Z~\    i\ t\ 2,    OA[4P 4 L  \ <h  +$ \ $  \ \"  \  r7.\ U\ + \ :\ \ N\ 7\ -5d  8   \ SP hi :<  1  \ \ WLX gPx$   u$AREs\ \ \ \ B  \ \n  55, \ e  \ G5e+¥T \0y( !  \" Λ• ;S  \ B}έ¤@ \ dj  ?gΟ―\0xV M H^\ZZ   *\ u4 ?\ t Μ“Qd\ T IG$p\ E 4  !  7  ,   \ } g\ \ `  ) =:N5C y X\Zj t    \ 	ci\ I)\    CX K4  ,  P O\rN0G  |\ Z qs\ \ 	\' MR\ \      C\    5FTHj`Ej I    Φ€ V| \0\ O!\ zΩ―:e
#SH V t : \ 7 \ \ |  \   Q f \n9+ \ 6ARs  \0   a\ CiV6i^Nj +<1  Δ¦ η•‘\ #2I \ \ J V\ q\ l   q8 u\ \ \ :j LY\nv
-e\ :  [\Zi   T   \ E( R \ K l\ r=zΨ­	 8t  \ J\ T\ \ DZ\nlx f B T [ e ;N\ C   %\    ΣU\ AN \ [t    *$ \ 4 S+\ 4    I Uj~   R\ ACP HjΣ«GJ    WL  `      *κΌZI& j\ Q\  \ u	\ (\ \ %
 
 {r5\Z\  A\ \  \05z\ k . CQ< , M,1\ 4 E p\ \ p U z \n*\ *\ \ ] \0d/  k~R     4 \0Uz  u\ v -;\ DT  \'YL\  \0 C$ \ 9 ΖΊ \\b\ I7Y; <
\n\n` 3\ J \0\"  Q\ L\ KM z  Φ©# U  }Ρ§xd  Yi wmEWP6\ Q\ \ j\ ?o  8  \ ]4>_\ Σ¦ \ \  \ X\ ) XYtQ\ y|1\  I%YI\Z [  
 4We`\ `y :Ρ΅  \ \ +Q  Dj8&j  \ U$\ ξµ­K A  &B  aQ\ \0 H
\   \ \  \0 \   \   \ \ Ω‘\ o } \ \ Ut\ \ ί‘?wv\" 8    tt s\   Ξ«#dg\ \ δ£?\ =K #\ \  Ib\\\   ~\ 51:P h\r>\  \0 \  GX  \ b^l\   oO#\\ 	 \nO \  }  \n   )   )\ Φ·  \0 \ d a\  \0+{ c\ \ _  : % : `΄ \ w/\ /      \  *mvjI(  0j)  8      \ / =\   &Ε±\ -  \ έΈ 4\ Y\ J Μ‘\ N  rj`AL\ ^\  D \  \ \ 0Ξ°
 t\ ;2*[\ F W.\ <q  \ ]\ ξ© 0\' \  t \ Y\  s ? vwA  wTe\  f \02\ \ C _ \ σ³Ό–} O \ \ 1X\ +\ \ \ M\ U a\ h~―nB \ 1 \  .  V2ZX  7b[ΕΉbZ\ SY$ H qHeZ # \ |9 Σ \  \ c \ \ [Hc \  b k  v    \\\  
4\ P z *\ S\  eq\ VG}~ R \n# *   \ \  %]\'   \ O  
CE R)  t\ 0b\ #v % Ύ0 D. \nY    } 1  w\ >  y} }? G\ J  Γ―   \ \ Z Qκ\  \ =fw~\ \ I ι® KJ  Ϋ™Ie \nh\ \ \ *Φ\ D+  T ) k\ w  e \\\ t\    \'\' )Rhh2APzYm   S i      v   {W  \r?\ \\M\  T \ # S\ u  Ew #7 έ \    k\ !\ U    &R   > κ– >\ {\ o7k \ \  \\ H ‘ D\   W ` \ H\ +*s Γ΄ \ \"mvW ^w  Y p6    +g&I\n \ZCk j  l \ Υ°x f\0 *   g,\Z\ \\  }. rMF     u\0\Z  \  p\ (   \  Rxq{[ \ IY Rf\ \ \ s \rA     \0K \ Σ¨4\   \ \ r@\Z \0\  \0. [  \ 7b\ mΗΏk\ 5; \0vo>\ \ (  \n\ ΙΈς»S!  O\ δ£  z \ a  C! &p\ \\zz \0 \ \ et aO\ ?.   ,RN)\ b \ <κ”‰ #3KT 5p1\   {x %7 \ =ΥΠ΅   1  \ \ <\ <zhZ %6Z\    RZyf\ \ \ D-R\ E, \ :    S&I) \  ^]o \ \ GU\ $\  5\ \ \ k**4Η  f \ =\ 5fHΞΏ  cj 5	\ 9   ?gU\ xg  \ U A,T\ * WWΣ¬ }\ -sx s\ ;G\r+ K\ \ O  o  \ jhXj\'#    \ \ F:s|     e    0ΤH  Rd Η”G\ GΤ‡ \ZaP \ \Z V
k u SH 4\'\     g   R	G\ b ? \ZDX \ (ii\  W\ 5MEf&-z\ \ bΤ­\0 oK\ QoD     Φ”\0{ G    y z zyQ\  q \0d^  !   \ α‘UU0\ p\ \  X =\ \ UX     k EkΤ™δ¥¥  \ \ -M>5q @Β–-Q uuX   F ZJ\ Z)ZΙ¤]  \ *   _\  Tj I\ L  jx\ ZwJ  \ \ F9  	\  \ C$ rEA  : Σ΅  Ε§8\ 9& g  \0?Ο« /N < 9  YF,$\n\ : \ [\\\  U0 3\ -lΔ•b \\
Y
\ \ \ \   \ Σ 8   J 6     X  E\ |yzZ}C  l 
\ \r1XΨ\ ;   =\ *  \ | \0\ \ O  -O4\ \ \ ^Ad    $ X#zIkji`V ^  y!\ZB\ *]A7\n    jv \np\ D\ L \0>  5  I) 1 45t ( R &   \  D f h u (  iP   n 0   \ Κ½V ]H5\ J PR\ \ β¨   W 8+j\'\ \r-RH\ \Zj  s$l}L [ m P  J  \          8V  \ )   \'\ \ \ KW\rΦ’T %  j \ tzZ Τ­\ \ !%c\'P I\ \ =c\ Uk  \'G+ \ \  }\ Ky \ X \  \ # \ ²  \ \ Θ\ ub\ I gX\ ? ]WNh )    \ OYYi<T \ W\ f    \" erΠ  \ Sκ‘’s\ -  ) ίµ` QO\ \ \ x]*F\   \' EY   #E$ Zj < 6 ,RWD%    \  $ \ T F \   /$=\ Π¨S \ O? q\ [\ >pzM\ U e x  ε‚§  VQ\ M$tQ\ \ 6F  J\ U\ c\ $  6 e\ kS \Z\ \  \ jΤ\      hk\ ?\ Π¬vz   \" \n \ Z 
U58    4 [ \Z u%\nW\ y  \0* \0. N |\ \ \  \ \ Sq Ug    \ l{\ \ \ Q0ZY iε’”\ CSF \ #[F9\ \ Ρ5H =/\ >Ξ‚, G\ W\ 2{  r h #Z\ \ [tV \ \ b`\ W Γm1\0  W2?m=:\ P\ \  p\ \ 3  i    2 k  z }e  2 q +HP^k\  M< \    C^ S   ^ B(  BQ I  PB)   x\ f  X I\ \ \ \ \  \ c\ \ Χ…q\ ΤI Ck@ \ \ b\ T Y5 \ S\   Τ \ \ VB#*Κ—c\ R   8   hf  \ :#    \ *|  T/L\ Q\ U X\ 7 w:#\ w #\ \ @ \ K(     Z\ p1›\ h\" \ \ R  j9 \'jJH\ \ i*` s=\\ \ Ya  Vg @JΗ£Τ€cOK  Z Υ‚     :L\ \\ I     hιΆ Ι© 4 n*Ϊ¶\'*\ &@ T  . }%jUs \ 8p \0P\ Τ \ZZ \ : ^ \ne e  :j*i \" \ z   OM)XD! Cx \"\ \ \'\ c
Ζ€ 08  ]l \  \ U =+ He\  IMO\ M : |\  \ ^K8*C9$     VPέ¤\ \ \ @N  E<Β¶V ]GQ\ S\ H   C]\Z\ 2, t 0\ \ 3 V \ Ε½  \Zj\n c\     \ \ \'  \'\ M z:hq D j FZ  dj( \ d3VΔ©H)g X\ h @7\  l  \0_ *} oΧ¨y  y\   $        b+ mQ    \      \ W\'   \ \ \   \ QoQ,L\  O \ Θ‰β… v3111 % T   |\ [8  N\ \n  Hij  Y \ i
-C \ \ \ c
;A\ Ρ®ή«p\r  \ V p\ \  \  \0W\ \  G]K,\    $ 0\ : R\ g	 \ PJ     Τ¤\ : \ #5\0RI \0 =kV \ F  B  \ I\"K/  ;J& Ξ³    Jh\ } B B  }    P\     \ @zME ,\"Z   T< 4\ \\\ )\ |   ,zR3c >   \ A^<?\ Χ€ \  \0   \"    K i` $e  \ QCB \rMPh Ψ¶  \  oΟΏ5X s   ε½\ 0 \ \ Η©9  F5\rU<  yiR  5T\ 83ΣΌ\ O RGJY%ά–  {ά®$rΒ£ Ο\ \  *\0  z   $  ZTj  qQM$m0   \ \ , tJ: b  \0f \09   \ @  \ \    :\ \ :\ Ξ«$k,  \ #}\ !Π‰#G R \ ty\0\ ^\  \0=\ \'\  >}xyS  \ qU v   K e  ,W]w Δ¨\ u2V.    \ Η± m6H++Η  %y \" \ \    \ \"M ?a\ :} nQ D A  \ \ \ Σ \ \ \ o-   ? g   x\ :OI< G\ =Κ]]YE og h\ 3_ Ο¤\ @5    Sov ^\  \ ά2>Tw\r#+ \ \ \  \0 [/ \ \ .   \ ]yS\ _  \ T\ \ +j)  \0Hj1 A2K \ \ H j- f@^ b  \ \ Π³5β¦SUΔ \ \ B\ !5  Y   \ Ο’   2\ \ P\ Naxl\ ]~ gE3_ e]   \ `  : 5 sF@ j4n\ ; }v6\ \ = \ 9 \ έ¥\ ;\ q _hnv1  \  \ z   rq$0\ S\Zk\ M%: J|t0@ D`{ m, \ ,-v\ I @	9,i\ \ MIf9$\  \ >Y\Zy\ \ jp   S   \ \ \0H iH\ 2A\ \ 8* ΕV  ηΆii J0\ Z    \ P\\zh   X  #    1  &S5 \ \ \ a\ \ v \Z  % # \ d\ *zH
KQ0U\ \ \ tΜi\rg8 \    =) L !  z  \0o[[|| kΨz\ i+ \ \ mo\ U \  ^3   w\ i O\  \0 :    \ J \ \ \ :    `Y\  \ \ }\\\ *G>\" ! fέ  Ij So 5rp  I\  {\ i ¨  c \ l y yS  \ \ uI3S\ _ 4B[ I \  Ρ–\ \ \   ; \  \0/  )\ \ ?\ {\ 6\ \ Ο \06 .  *\ έ›  7\     AM  wn+E    J \ i C\ 6Z 0       \ w -\Z *2 l C>  ΠV\n c `\ /w\ \ \  p 4  Q 4EP Ζ‹ R$\n   UTu \ _ E-K :dH  ]5h  M \ 	U  \  \  05θ«E\0tI    \0^   K RsKQ  4 -% \ 6\\ μ†—dQ$/ f3nk\0 \' \ n\ VW Λ†z 54` W   : ~2 \nA   \ a cZzdZJ  p  N\ S#J4 0\ \ 1\'\ ` I \'  \ Q wT \  K-\Zj \n OPC4 \ !/ 7\ 6  Xίƒ\ Β€ \ \ _\ \ \ $  \Zz  κ΅ \Z cI   Z X Pb$ \ m  =Τ³3j~={  t  )SY  yΰ§¥ j  Q\ X &qY\ b O<V       P   \Z 5\ \'\ \   \ D~*  \ ^Wx       \'IO[\ \n  GF^h\   AdI\ MH t R* 4   X    \ ]5R  jjj\ \Z\ &2*\ V  S v   ieui<d    } β© LΞΎu?\   T \Z <=:x  )r jZg  5u  C*U\n   \ - n \ #6 9πΊ–h7\nKn    \ \\g \ \0> i ~\ \ \ T ELqQ^(   53\ F Ι®  gD  \ 8 \ 7r\ @I$ >T\ \ a FS  \ jΖ±x \ ZΧ     \\\  QV\'\ \ W  R 2d X SI`\Z3u(}\ (J \0<   z\ x(OHΙ—   \ H )O-^B #\nΡ°\ \ ?   DV     \ !v_ \ o\ #\ [P  \ \ Υ€ \' @\ |   * Υ« J Π°\ jY\ m\ vYB  [Ζ¦\ /v  \ \\b  `I ~   &  Z  $   E\ VL \ \ \ ZEzt  \ 34  \ Jίƒ\ \ *@\ X  \0W \ Q 5m>3\ d  h\ #i@g  w  dH\ HuΘ…Y  !\ \0\ \ Ι‚ G    \ Γ¥6 d4 $ Ν   \ JjC, R\ \     Vy)#J Y$\n\ \ 4  \   \ZF@[\ \  Ο  ^ \ γµ}T \ \ Z  C  & \ \ \0i  f\ WQg\r~}\ \ rA  \  \ \rjN:Rc\ Dij\ f/4EMB\ \ bjj| 7Ψ™ 5s\ *  $ \" \ \ \ ΠuY\ }: >.    i+i  5R \0tz  , e\\\ K  \n\   J\  ix\ \ K  Q\ 5\  \0 Χ \  <\ + \nZ \  j\ 4  =>: \  x\ # c F      \ @f`}\ 7\ t|G?\ m 5#   be b
Gr\ G%L3\ G(e E<\ 5\ SHji\ [ IdG.S*r, K5 \ \ M ^  Β΄ t  s\\\ :\  zX   \n\n  X&^(!  Bθ«¦ 5\ \ nZr     ?\  n 	\' H \ \ <ST} X  :j \ \ JqL ΒΆ   Σ¥ \ ! e\ \'a     s\ \ \ \ro N  o\ ?\ \ _ \ \ \ q\ QFr# p\ Q\ \n[<e&  \ -wx   V^#\ \ \ \ \Z | A\ yj* j  *p = R D $\ N  J  \ b 1c ~\ ubF  \ z 5	W \ \ \ \  ~2\n ,    +\ #L k\ #u \06θΊ\ \ C {i  \0#Η­t  \" 1-mL*\ γ© i\ @   \")ι”›Ig > o	 T\nk W\  \ g\ t\  \ 5\Z1  i  \'i*β‚” c I  b ?\" 4 hΧ‡ \ \ O N j@ ? >^ Ο­Σ€\ Bc   H\ \ \\Τ™UU\ eD1<3U\r]YI$r6  D  \  \ K  Φ• \ G  z\ +   N 4T\ T \  \ %3KEIQ   *\'  R y   @r\ w \ \   (kΒ” ~}l1L  L  PGHH  I   \ Ay 1\ V  X _  )έ¬\ \ p\ R    ;  \0 \ _?Λ { \ \  \0 \ | OR  jΟµΗ·\ \ W BΤµ-]`  MW  D e_Lt\ R 5  : jA)   uq  | nS\'\ \ Y     w :9!  A e K5 S  & P  \  Λ„  _\ dΣ\ Κ½z 8 \0 X\ Μ΄U % TYV  I   \ έ   7Z8 δ¦ 4`I\  \ \ C]\Z%\"    s\ \  g y  F \ \ ;\ U \ `h y\ z R) I4 C\ \Z0iF  \ \ \  dz NOΛ―Pq Q Κ c3 %-}}6>iv  y   ; ( x \  -Ι±#\ 	%U| i\  \0<  Y\nΥ£Θ³\ \ :\"\ZQ  \ 7 \ fu-7uVf    \Zc \ \ u=RA V T<     h  !   kXa  X  ! &\ ή¨|  \ \ >   \ A   \ 	  x Z 
E<Ms  *i$Ha \  54 o ^\ Η‡X\ 3  \ by     c R # K /Y$,RP nN  Ic\  \ Χ†0< \ he 0D\ \\ \  \0 AR4;QL\ j lLuΤT\ @fUY B p MA \0\'[     /\ C  : Y    D    Zz{  i\ Y\0f@$q`,  , \r \ 9    U\ \ :\ i % HfS 1 N \ \    V S iA+#\ 0   A\ !   \  y| \ \ ],\   \"   x  E    zx\ zhL  9#US 6   \ {\ \ W@ 8\    \0 =F  \ W\ x )j # ;?\ :\ \' ,C\ K V\"2x\  \ i  	\ t ά”C\' \ \ cia  \ V OCP&ji$   :R&J  \ yVU`?> R*G\ : O{\ Η―   \    \ r     ~8l d2J7n  gn\ \ Φ·  ή©iu w \0b}QG\"Σ   \0  \ (\ \ ) ?\ \ Φ³  n\ \   \ _S\'SK\ 5 \ \ \ \Z2#\ \ V  \ έ» Ι‚\n\ j6\ Η¥   
R\ [4 C   r \ 
\ O 1 d@  \0|\ \ B@ \ \ /g\"\ !O\ \   c  kΦ… 3\  # \ e>F\0   $ws -  H {;	*Τ <>g\ \      5/\  \\)\ ) r\ \' S\ N 4 4QE-/ \ \ ; \ \ Pu\ m\ Q    \ \ g$  q  Η―J\  5   _ \  \   \ [+    Yf{K wv   \0\ yqΣ¶\  # si\ m  y= +\ \ ? [~   ίd=&\ Δ©=N\r  \ t\  W\ v\ ]\ ( ht\ ,I\  bBC6 \'  B\ /\ @  <K \ra \ K\ , \ 3Qc@ G# \   w\ \  )\ έµ \ T]  ΚΎne \ \   G  j     )  u b ` \ c    0Η\ fVH\ \\ --?) \ ^    \  x  FY \ \\ A\Z F\ \ `i*us 6E~Φ›V\ J\  ,* r#\ 9]A@ X H 2 Iε–Ά? f\ \ o\ +  7<*<n\   Ρ  \ t\ (1{ 6\ *jX BΠΌδ¨  \ ά¥<\"\ Z   }*  <\    9YC +  \   p\ i79  b\ \ C6B \ n  94%A7\ <b  \0 .3   U N z   Q. m   {?  \ \  κΈ© a \ +  ^\ \ \   Ϊ¨\ \0oΪΏ O  $:A   \   TP \rF i \ C\ \ σ·(  ID\ }Ρ΅\"e ) R 4B Nx\ \0Y \  SQ 2w|  \ H  ]( CΒ½r x  I  Γ’ i`Φ²\  vh\ VT\\}sHt  {\  = ZIg,  \ O\ Χ³ \ h\ \ i\ZJ   \ 8      7ieΧ 3   1: e4 \ \0    \0V>}l\ \ \ A \ \ SP   \ *       0 \ 
%=9h% I$ T +\ u\0  *P3\ Y
 \  T p\ \ uU	  rs\ T\ D4mN   sJ1\ UXD\ : \0 B\ 4?   #\\ \ g\ _. q\ \  \0=*G\r=3\ \ qE
\ \ W<pS4  6JΘΆY*Z  ΏK[\ r \r<(?\  \0Q\ \  =>\ 3MK \ :Z (   \\\ +\ \ \ &gID !   \ 4   \0_o* \n     \07  u\\\ =:t *xε‚Ύ  \ [G@rjYZ J\ Z   \ #W R\ K\"\ Y Λ­ Dr    f  ?  \0Vz  \ tΡ X\ H\ b )=l\ %u<  =< \0o I 64ΨΉc! UX */    \n    \ O\r\ kR8 \0  \  ΦF  Ε¤ j\ \ # 	 Lj^ JΞ«0 B \  s\    VWs^   V  c\ 9\'\ 0 2 Jet  \ κ6F I\ X F5 8 T S  \'n A \ Z o%;\ ;!  jI\ X   \"F iJ  FC HT\Z \  p+\ :   k Jl[\ |\ \ \ ΘΏqI\ [7\ C^ }\ ,\ 2;  *,  \ 7 { P \ Κ“  Λ§U jz(\ ^)$z ia-u \ O\"\ W@\n\ \ \ \r$I \ x\ Q \ \0E\ P b D R 0  \ \  ` \ \nT \ \  _q\0 R \0     J     Τ²\ J KIO \ zZh Vw([\ \  #A  H\ \  \ \ 8  %U%M2*ST   \ L X     j\ 0 *6 H\ f` TuoO \ c JJ|\ \ \ N X    \ C 5N\ :s>:   XjE5T5S  Ψ  B\ \ \"MH\   \rG\  \ ^ <     \0 =;R\ \ WN    UB\ J i \ OGV\ :ΤΈ%\ \ B \ \ VX 4PLMclUAn  ~T\ Ζ	sS   )D UI\ y0\       |iY\ Z*\ \" D\ $!F  r   K  CΧ‡ # ^]T. AM>T\ ?\ F QR G   J    \np 	S  \ \ Ld\ \ J:    XYm\ \n#xeAΟ¥Γ 4h    \ )\ \ Ef:% \ V )  \ yj\\ \ <\ fc / b }x  \   <?o   [*\ S \'\ \ \ \  \ Υ4\ * i %  ,R U 8\ O/ \ @\ Δ‚  pM ΞwN   \ <RΦ¬ \0\ \  \n\ Χ©  D4  Y\ zTD  I  ΟΊ  ]&  < u\ I&\nJ	\ \\ | u3OH> y	qS ?2 +yG     ~B 5\" \  :\ WZj\" \ E \    +7 b \ S, 6W  ,Κ΄KQ Y  9<A  \ Ψ‡ #    ^z  a$ \ \ZO%m$~&+$ \ Zi \ Uf 	\ #\r-{  *V  ?  N O\ ?DS VX\ # 2\ x+$  Z\ zX\ D8  \'E 	W  \ Tp= \ J  \Z* \   ?g^j\   \ \ Δ¨ Yj\ ™     ! Γ®6 (έ¨ Wqη΅ \ ^d  \0 \  \Z \ZErxyg\ \   uJ]\'\ \ ιΎ  \ BbCQ J ζ…\ h   ZL \ \ D   H   as\ \ Qb  U     j\0h)\ 4  \ 4\ ](Z\ }z ` Hλ¤’JJO\rΔ’F& \ Λ­Θ·  (($S    \0\  \ \n $a\ZK lE yZJ \' T<_ KN#\ZJ: HLI$* 	\n.Ι§ :\  z\  \  Y U Λ L\  Q  atT\ \   \ N \ ,  \0 o Y   3Χ© 4\ \' \    \ \ \r\r:  W\ S \ `]\ {H \04N .\ 
r =    ΞΌ5y sΧ²Lm<  B \ M]\\ #\"I \ \ ]\ -1 ΖG% \ D>}{\  \ Q\ ,0F  O\r1IjD \ 3$K2 p\ I`\ ,q  Ck z?> \ mk}\ &B Ah\  1\ RD
8/\\  Ζ²Z5.\0 \ W  \ ^ +S “<Y( fx)>  V    PΟ¦X\ 0\ 39  53?\ O\ \  - xc=k\ \ \ 3   $&\ZJ       $ Θ¤ $ p_U\ (g S A&\ 9 \ \0\Z    ^ \0R&  arΔ²\ U Λ― # 3   u  \ ιΆ¨ 0  
r\ ,   k *1Χ©\ Lk$\ 5*EG4\ V>A  \ \  -\'\ \ RΣµF \'     \ VkX     W z \ Γ©  \ e u   V-X  7\ \ .>ehγ–5q4  \ b q\ @ t ?\ z   	 \ i\ )
C0  S4y c F 7  \ ,\  ]\"  H   }}  O  Ξ©\ ^ \ x\ JQfh^ *
,T \0\ 5@ `R k\ 	\nX\ O\  Σ#   \0U~|:\ > \ !qu  X\ gG   SK5\ Uj}:   Δ’ S SΟ­\ ?\ 3}   \ Uw[O?  \ \ \ N\ \  JI \ =  \ v Τ¥ w   Y  (  ] \ j   \" \ @   $\ $(  m: O QDT \04\n\ pvQ >3 zH  \ \ \ Z  \ fX + #  \ Ψ§a M\ V  \ 4 =0zKw LJsΗE \ !+  \ \ g  Θi ^8 HΤ³ % R   g.F t g?i\    xj OV\    u\ \ ({\ \ \ \ \ \ \ ;\ Eu5gcU &j \0 =    LOΗ ) ;Bl\ e; Jbk2 \n m E J \ \ |}\ |\ g \ \\ \ 1 ,\ 5  Ζ§s   \01       \ [\ 9\  //\ k\\\ \ \  \ Τ—#= h@\nNhGW5 S\ .\  ]OA  \ \ \  \ Y\ \ y \ \  s#7) ?  \ <  Vw b\ AE+\ h\ S  S\ W \ Ξ»v (i`\ \ \ \   aά·-\ i/%#v    ,  \ \'\0 I-#Z M\ o  \ {3 c\ Χ±\ [\ \ n{ t? . \ @\ H{(TkRb \ S
I
  7   v q\ =  \ n-ί» sv\ ]\ jΪΏp\ \ 2]ΙΉw| \Z ) r \ \ J3[F \ \r 6 \ \ F\ 0W\ /L \ J\n  WyA C  ~\ \ ? Σ‡R\ 7\ = \ ;\ W vG\ ?   J   \ \ [<D\ ,G	k J  \ -A\ 5:L 28U `* \ QW<N  \ c  \ p > ήJ\   \ ^C-QV   0, ί?\'\ U    \n+ p=ZCWjp \ V? T^  \ \ 	:\ &QU ;   2  ff \ μ· \   \  \ VM@%\  = t\ O\Z  OZ \0  GMM \  jSU[
K4 b \"=q\ \ \'\ \ MI:KL { K#\ )R9  \n=	(k ?\ \ \ X\ ;MP \ o   G5 EKU( C\nIk        Ji> \ X  (2G}~G\    \" \ -,K \0 \ \ GS )c  X  mR I	)CT  K~I6  ξΆ€\ Uz Ozi$ - \n\ H\ D\ Uy)\ 4Q  UΒ™\"   *F \ \ Q   *\ > 2\0 \  |\ < ~}x !I\\  u> 7Zz\ \ IWKL  \ \ \ ,\ oY\ yk QQΔ΅$vX ( UΫ…\\ gA \n   $    1\ Σ­T\nPu>	% Ij $t 9 .~j jΚ¥JdE xh eHVF  jP} E  	  g\   Z<3 *Qζ§® \  3V\ IN * d  I &    Ζ±\ +HlK]V  1 4\nΖ_\      qιΈ]
=ED~y$v  x^  \   \ s V\ R &  RF  rSή Q \ . A_ I\ D2\ ru  \ \  7S< ZX% bY\Z  B\ \n    
 %  \r|{K< \ \ 5\ \ Χ§ +Z  \  	3.O-W2D t\ AC  xκ‘µO;\ !w Κ‘ r31*_\ \ -7   v\ \n Z\ $\Z  G JH\n F:J{C?  XbH\ J\Z	# z  }K-Υ¤E(mk  \ ?\   \\Τ“\  K$*  h*j&5mK\n3W   \ T(M [\ t}/{\  \ \ (O^>T\ –  \" [! 9 dh Ze\ S\ L\ \ #41-J\ \ j\ k[ \ Π\ \ @8 \'?o\ Φ]x0 \   \ ) u%j\ 5Τ‹< T  Υ—  @  \ r \ \  u)\Z. lZ\ O\  \ \ \\) 1\ \ OU )   s#D\Z  \ K-=iI*e IQE  Aη΅― Vt4 HM\  }A\   +)   \0 \ ΦΎ@g S c  Zx    VEN   \ XcjΪ  ]A K #0     Φ¬Et  \ \ ?\ \ || RQ 3F \ M4kM4\ \ IYU\Z\ i\ )QP\ \rR\ SY5\ \ XV%sv\ \ \\e @cB1 A\ \ z - :Ij%h\0 #ι«™\ \Z8Β®Eac ih\ 454T  \0 % (   . J   ~]ys\ x  \ \ I   \ tjI \ I %\ Κ’AS]s+CM    00S j  \ f\0 \ \ >g\  ^ z    .V  ή\n  j | \  . jO2(  Zy.Q t\ \'\ \ 2 \Z y\ \ \  u|\   \0  Ha-\ INEG\ 	\" S |h\ 6 +}~B 6 _ olW \ \   \ k ?\ \  \ Υ‡+& Ι”TF k  L M%\ T\ r  \ \ A Τ΅SI\"\ Ξ›\ ?o  E IP@\ Hy$S \ ei d & \ RfW  Δ\ \ \\\rEM ot5\0P ή―BxD\ \  άΉZ2d  \'N  \'\ j[  2xi\'`J\ z- 5S\ H8=8VO	[US \ t\'C<15<jifj ]` g  Mj F BV<\ 6 F70ή¨V W Ξ5\ S \  \ ,  Ε  Z \ DR   TI. F \  \ Ub /sz bY \ & { \ \ \ R\ CM&  y\Zj * } J  \"EnM9.H\ \ 7 0\0_* SUL$W <+\  n  }GY   j8 ! }  1diΤ² M
IUT*  i\Z (% \ \ 9Y  \ \ \r =  \ zy\ \ p \ [  \  t\ D\ \ 5Zj   \0/  3 R^ O#\ %+\  A\r  H\'\ Z C\'\n\ \ \ :\ # a \ :%`) \ \Z  ί‘ 
Q+VFh\ f \ \ m2	 b$mV   ^\ )$   2  2F z7  R \ \ h > ?K     <\ ^\ LuR  u2A2@ 9j M$M-\\N Ρ 2\ \ :/ \ Ϊ€ #ή²Ε \ f  7    Q\ \nk\ !  \ \ Τ‚52$ !ZS
   mb\ Y  \ (\    n G Y 5T\ \ Σ‰   +\r J\nZjj i   Ξ‹0GbΕ‚  \ bN \ Δ–% Χ‡Q\"Y\ZIh Yd\ [   *5^ 7 *\' ji  . ,8>   \0Z  \ \ \ @ =\'*\  ©\ +A$t\ q\ Q Yf U	\ \ # DUur4 \' \ I 9\   I   \ \ AKZ  \0p\ A      j    & h  B[L\ \ K%  I\ m\ u @5 \0W ^PX   JU2\ j \Za\ :\ L Q u/*U o1: _A \ \   \ \'\ Χ  X|>y\'  \ e5U/   \ zW\r S\ Σ¬2A4  E%    \  ?\ \ \ \ \ R\  
IY< 4Q \ \ D)   %q \ \Z\ \ ![3G UbC_ήuP  C . hΪ    \ Ί\ /   lj\ IΥ¨\ c  i\0\" cu    ΙΆ  s\ G \ F\ D  +2 \ Mtg 8 V$> G\ Qk_b   H \0/\ \ ΧΊ\ i4\ u\ Φ¥\ \ \'  s*B     n\ \ Η– _~,\ *\ i  \0\ u\ jA Λ¬	=;\ 1 ^L j =u. B,.\ \ SOTήµ ‡ \ >  !ΧΊ\ C   \   G e cK \ ~ \ \Z:2\ ; g\ L\ _\ +cUA \ \ ά°\ \ B \n\ \ \    {h  \    zjZ    \ \   N? >\ 5 \ >Eh  \0V|k\ \ \"^F3   \ \ I\ / \ _\ \ Y \ p> \ ) \ vCMK 3\ \ \ t \ \ * B  \ /ί‚    Vo  \  \0\ \ \ L\ >\    Z \ 1XN \ JZl ZX \ Yul% ho F\Z BTλ   -,MMA d ΙΏ\ r \ >\ vΚ3W M\ S,EB\ q$%U 6-  z\ ,m- d  i (  yζ‘‚$1  \ \ Μ K0\0@;J g\   ~> \ ] \  {C\ \ ES \  G\ j \ Y  \ ~6 Lw\ \ \ e  3+\ \ 6^ ? a  l\ \ 5\'\ n\ +e K=Σ  =\ \ \  m m!l- f   tΣΌ xp  ;   \ \ o  w kv
 $ Or \ \ +  \\\ \ C\ \ IEUH\  \ \ \ /\ ;7 $0\ \ }\ \ ?\'{   C| \  ;  sK έ› GQK \ C L.\ Ω δ¨—nu \ Ε \ Π‰\ \0 ;=L\ H\ \ έµYm6 \ \ +e\ o G\ Y @0 (  
@:Γ›  f  a Ez8   \ xΧ  c2UV1j <.\ \  @e \ 6Τ \     \0 k@*\ /\ \ 5?\  \ > + \ZN\ p\ η“;\ & fn3 *\ q\ k 4K\Z  Wa  TΣ°  \ )+\ c     < f\  \ s $.;   /  \ \\2\ \ 3\ _ u e\ .Ν¥\ . \ N\ \ Τ¥N7   ;&\Z\ Θ–\Z έ½e rur$\  dL  \ 1?YTί› \'tx   \    %-$~](4\    g    \0 @\ $\    E C  \ ΕΎ\ \ iL (J| \ \ *\\iw \ \ 5>\0Φ½ 6 {-   \'\\\   \   v0 \' }  \ \\vT  f  \ OK< 2\ Lk  \0AL\ \Z\ a  \Zy\ Ε—\ uo  Q\ >  \ \ ?g[ \ M\ S   \ K \ ]HH|u   ΰ¨®  AhΦ΅  M    -  Δ±,H$ \0  \\:\   \Z x\ \ \ \Z f      Q\ 9   έΎ 9,\ Q T 6  tUcF\ Jc _  \  5 +\ \n Q j )   Fi t EL q SV)R	\Z J{x\ -  p}Ψ   s\ \ =h|   +\ \ f \ RS  F(! 5: r\ e  c))U?\ `       D I Η»6 u5\ @\  // z\ MNzz\ \ \ KP \ \ WUΡ­e5TRH%Λ   , TM Q\n HΤ¦ (   a ]J$   Q_. iΒ\ Β® q \    %9 y\"#S\ < \ v6 \\sM+   Ff  mcΆ\ \ \ f |  \ 1 _!ΦΈv \ \  \0\ 	\ \Z  \ yj\ J \ \ \ *D yd  T F \ j4\ N\" \ \ZA   Q] x  G \ * )SN  4\ m  S G H ? M Yj|. d y`S \\ -e  \ \ -eoif}`\0 \ \ \ Ψ 5\ !\ s  \ Ζ¤\nx /$ #I\"\ \"m51iUh \ \ p- \ \ \ +@	\    Ε«R  )\ Τ•0  Vy\ 2\ G;H\\   / A\ ήP   ]\ - 9 `M\ P _ J($g2%h k\ \ A \n R)<)G;  4   \ \ \ \ }m \\   J   Ϊ Z \ \Z$  \ + RJ\ Ζ”  4 \ M*D!     Γ«HK7\ A\ >]{  *$   E    SRUE$SQ  ![E \ \r-U4 \ \ Uo %o\ U\0\ z \ $  \   \\3T\'\ I  {v  3-E< _\ \ \rr, *  < * ;\ \  ,    8X x _\ \ : (	4 q\ \ \ w e S]mc D\ f +AY@*\ *\Z\ |e#UTd p\ #ςΊ―„  =\ \    \ 8`   \ ) :\ jc \ =( Re   wn    \ 1\ \ )i  9\ V:Ω·uC @ X V\ \ {  M	\ L   y n Z !zq \ 1dgΝ|BiM\ Z\ \ C[JrU4ng  f   %  R j -LWW( \     L _:  j \ \ O\  n   $  \ $%\ \ , \ @   <k#Σ―Qd  /TF\ L [Q  V5
Tb f \  \0>     )\ \  t \ \ \  jy~\ \ $YγΆ’ \ 0   \ S  \ ά2\0DΉf  \ ? hWI \ \  0A\ : s\Z)\ R\ \ F G  \ \ \r-]b\  d\ \ \ Ι¬NM\ } )  #  j  N?!\  \ \ Z <xΛΏ     ΝT zΫ½\ RΛ“w r \ \ B N gm Q\ \ \  \ E V  \ \   :i   \    )  A    ^r^P M: /   \ \\  Τ΅ \  \    j    S} VG\   \Z>β‚›\ \   \   \ \ \ W \ Ι³mM\\s\  z k\   : t\ \ U8  \   HΠ2hV K\\B o 1  \0\0.\ *3   z w   \ u  :/  \n   5 \ 6 IE\  4\ 2k<\ Ζ\ Ζ¨ \ \ έ‡ \ Rk\ Β: \ \ A \ \ \   \ c \ j`  /
y+D\ CS \  \ \ X{\ iΖ“      \  \ \ -\0Εb F 0\  !t \\o\ T \ GE< ; \ $e_( n]~_ Λ      \ M:! \ Z \ W [ \n+! o 2F \ \ m #3j\    Λ‹S\  \ Υ³^\    H \ \   #\ j\ \n *AL%/M\ ZL     M: ί€\0 \ e   \ Η­gΣ§  \ Qΰ«V  \0 ΣO  (<  Ι!Rj      \   \ >  \ t\ OBoς¬ƒ\'      % \ \"5\' \ \ W   y   \  \   \05> k^ _o\\U)? ΡQ  \   p\ QA MM\ \  iU_\ KE /-\ \ }V t\ \  _. \ \ \ y\ \ P*r c< 6   \ R1x iW_\  Ξ \ 2Ζ¤. W\ b \ 9  ^\ 1\ Q$>(-S  _>D\   7Ϊ… \n }y  \r P  \ ή‡    5VGC  Υ•  ή€&7\ h l   |$\ \  \  M  \ jN   u\ η¨™ \ Γ¤ \ \ M  
  Z \ Y o\ T\ Λ£P i N }Ρ«AB` \0?[4\ 1\ \\\ \  S  RQ} \'   \ \0 \ FB  \  \ \ f  \ >\ \ Β°:5] q   G    \  GO`~\ p 
  I1 Z    s  <  *  Z+ C\ ή & \ {> a	 ?\ >ή¦ \n\ R%4BG #\ H\Z !A:\  1\"3 7 \  \0 Χ­g<: $t?d|Υµ~Mc\ 8\ \ )\ ρ¶\ !\"\ !- p  \ ^]o> e Lq   & \   k  z\ R  \ j \ S3    R   t\ u _Λ¦\ #\ }\ ι¬¬ HΥ    \ <\ HW- \ 5 \ \ 7 Ζ› z\ ~}[ N\ _ +\ #+T \ \   fLdB\  \ O\Z\ \Zo   r \0\ \ Ψ®xu  x \0 Ε_ζ“Έ? \ W60 >\ \ \ \ h&  q \  YΨ²\ \ QT S \ $\n Ξ½J Yk f\ O V \ \ \ ΒΏΛ¦e   ~Ξ\  J  j 8 UT\  V\ \\  j   n7S\ \ u5 F j  $ \0Π‰\n Δ© Θ£m W > k }8c C w BB ) (Z \ }2 [ ,O \ \  & \\\ \ \ kΪΆ?  \ z^\ \ =  \ \ v4m  \ #  9  7 >\ ) \ o  \ \ \  q4 \ [s\ \ #Μ–\r\ \ \ $_\rV & &3v\ m\ \ QcG  :\ e *\   < \ ?\ R   >\ 7\ \ gD X  \0\ NΕ H  \ \ W i\   M;Z o\ \ S \01.Τ›  1 ξ©°t\  \ ;j uFc =K_P  \  g& ά®caP\ L e \ ((r\ [ je\ \ S\ 2Β² &    6\ Q\ \0S \r\0 5Υ£$ \ d  b&\ nL U\n\ZP  =U \ \ \ κ°¥  P\ W[\ \rtΣ \ \ _   MhDV  g\ P 8yq \  \ E ^   J     ^ $t\ $9    \ w J     x\ - $ \ \ ΞCΗ>_  \ /    ^ > P\  \ En*\ \ vF# \ \'D{/)\  Smn>Χ§\ 	7 u&\  \ mεµ¶ n  Γ£ JΥΉ(! \ \'\ 4  <  \ \ I dΡ <  k\ O N\ \ Φ\' Z i  S =_N \0 /Υ― ί [ \  4 \  \ _ 0a+3Ψ 6  2 z \ ;? zL    *d \ έ\ \ n\ \ 
 β—µ: CO\ \ {iCAQL\ \ \ \\\ \ \Z \ A_  \ ΞΏ Z  \0Β’ f c= RW  |3\   0\n    \0I\ \ >\ \ QJ\"\ 4\  W\' l\ ° O\   \ ? Ut C $#)Na  tγ‹OEO;W \ $   $ \ G \ ZO  \ ZΙ“Δ«\ \     \0\ Σ«  \0P\ +Xo	 :Ϊƒ7\ Υ‰8Θ…A& \ h\rN\\ \ G5 P\ 53\ } tQt    _\ [Ο  S1\ c 2h   p O\ &|](\ \ Qu\ \ \ 
\ L    \ δ¶΅k{ U\ 4  S\ ?\ \ Zo \   3Q6   \ \n   GE#d \ Hi\     }  R @  !u\ {      \0  C g\    Q \ \ MuFQ\  ά†t4~) `\ \ λ’  d1% \ J\n ~, _n> \ri]?n :   g^\ \n 68 \ Β—]\\\ m\  \0      Γ£&+ ^  Y    }  N \  \01  hW\ ]¦\  \      YU\  D\ l   F7Q ! BJ \ +\ B   N} \r)\ ΖΏ\ \  ^ z \r  Q H\r   lH\ \ jI\ \ J6ΛW\ b \ H  I\ 5\"$h\ \ \0   UWΖ®  _\ \ Χ­%(tR   \0\    @\  b   :\  %. ~\ \  2e\ 75 5 \  ή‹\ Jf    \0 \ \ \ Ξ­T \0\'L0S\ Υ     I|    sm@\ \\\ \ *t\ 8kDΧΏ \ f\    \0\ \  =\     Jyj\ \ \ Ο§ ^-2_!\   \ 1    	Cuo    \   Ρ\0/\ \  \0\    Oί  ?? \ \ m  \0E_\  \n \0\  \ U\ l \    F  4  zuAm/ * \ [\ \ \ imu T  z ^ <m	 v  \ kI  \Z  \ v Ry Υ\ QBO  JF&    \ ά²     j  \Zq_ \ \ \ \ R 3\ \ \"=   \r W\ \  \0S#P\ Ν  L \ | \ h     E Rm\ a |H \ j xΖ« N  \ t //   1Η» U \ \ 
1 Υ  8  \ #1   {$< \ A` E \ \ o\ ~Y\  \Z   t<=+  tS .  4 c O\" :Ρ\ \ H  E%-CQ\ \Zs\ V \n  y4\ E \ \ f \ P \ > : Σ† Z \ \ R&\ [\ \ d x+
λ΅‹\ \" \  1Ι―\"elpMx\ ! (\ \ Q    \   u\ \ Y    \ v\ J\ \ MD &\ O\ ezJ Q	k ΪΉb  1\ Y X }  \ \ Kd\ o\  u  *?  \07N \ Ζ8 \\Υ―O    -5DuF \ \ G    P,e  Q \nl P\ \    U \   :\ \ \ ?o \"2 E RcYS    ~e  ?m\  X w !p<_ \ \ n} \0f \ \ \  zr j* \0? :O*G   \0 g Ϊ“\ C\    o1   a   \ \ 6 q{\ \ s     \0 \ 	z/j\  5    z \ ','μ΄μ΄νΈ4.jpg',173894,'image/jpeg',NULL);
/*!40000 ALTER TABLE `notice_board_image` ENABLE KEYS */;
UNLOCK TABLES;

--
-- Table structure for table `notice_image`
--

DROP TABLE IF EXISTS `notice_image`;
/*!40101 SET @saved_cs_client     = @@character_set_client */;
/*!50503 SET character_set_client = utf8mb4 */;
CREATE TABLE `notice_image` (
  `id` bigint NOT NULL AUTO_INCREMENT,
  `created_time` datetime(6) DEFAULT NULL,
  `updated_time` datetime(6) DEFAULT NULL,
  `data` longblob,
  `name` varchar(255) DEFAULT NULL,
  `size` int NOT NULL,
  `type` varchar(255) DEFAULT NULL,
  `notice_board_id` bigint DEFAULT NULL,
  PRIMARY KEY (`id`),
  KEY `fk_notice_image_notice_board_id` (`notice_board_id`),
  CONSTRAINT `fk_notice_image_notice_board_id` FOREIGN KEY (`notice_board_id`) REFERENCES `notice_board` (`id`) ON DELETE CASCADE ON UPDATE CASCADE
) ENGINE=InnoDB DEFAULT CHARSET=utf8mb4 COLLATE=utf8mb4_0900_ai_ci;
/*!40101 SET character_set_client = @saved_cs_client */;

--
-- Dumping data for table `notice_image`
--

LOCK TABLES `notice_image` WRITE;
/*!40000 ALTER TABLE `notice_image` DISABLE KEYS */;
/*!40000 ALTER TABLE `notice_image` ENABLE KEYS */;
UNLOCK TABLES;

--
-- Table structure for table `payment`
--

DROP TABLE IF EXISTS `payment`;
/*!40101 SET @saved_cs_client     = @@character_set_client */;
/*!50503 SET character_set_client = utf8mb4 */;
CREATE TABLE `payment` (
  `id` bigint NOT NULL AUTO_INCREMENT,
  `address` varchar(255) DEFAULT NULL,
  `imp_uid` varchar(255) DEFAULT NULL,
  `merchant_uid` varchar(255) DEFAULT NULL,
  `name` varchar(255) DEFAULT NULL,
  `paid_amount` bigint DEFAULT NULL,
  `pay_date` datetime(6) DEFAULT NULL,
  `pay_method` varchar(255) DEFAULT NULL,
  `status` varchar(255) DEFAULT NULL,
  `reservation_id` bigint DEFAULT NULL,
  PRIMARY KEY (`id`),
  KEY `fk_payment_reservation_id` (`reservation_id`),
  CONSTRAINT `fk_payment_reservation_id` FOREIGN KEY (`reservation_id`) REFERENCES `reservation` (`id`) ON DELETE CASCADE ON UPDATE CASCADE
) ENGINE=InnoDB AUTO_INCREMENT=36 DEFAULT CHARSET=utf8mb4 COLLATE=utf8mb4_0900_ai_ci;
/*!40101 SET character_set_client = @saved_cs_client */;

--
-- Dumping data for table `payment`
--

LOCK TABLES `payment` WRITE;
/*!40000 ALTER TABLE `payment` DISABLE KEYS */;
INSERT INTO `payment` VALUES (17,'λ€κµ¬ λ¶κµ¬ ν”κ±°μ²λ™λ΅ 104 101λ™ 1401νΈ','imp_384208731321','merchant_1710474208627','μ΄μ΄νΈ',100,'2024-03-15 12:43:46.921388','point','paid',20),(18,'λ€κµ¬ λ¶κµ¬ ν”κ±°μ²λ™λ΅ 104 101λ™ 1401νΈ','imp_335265326353','merchant_1710474265334','μ΄μ΄νΈ',100,'2024-03-15 12:44:43.557598','point','paid',21),(19,'λ€κµ¬ λ¶κµ¬ ν”κ±°μ²λ™λ΅ 104 101λ™ 1401νΈ','imp_679326786758','merchant_1710474326762','μ΄μ΄νΈ',100,'2024-03-15 12:45:38.868596','point','paid',22),(20,'λ€κµ¬ λ¶κµ¬ ν”κ±°μ²λ™λ΅ 104 101λ™ 1401νΈ','imp_489352873569','merchant_1710474352812','μ΄μ΄νΈ',100,'2024-03-15 12:46:16.242000','trans','paid',23),(21,'λ€κµ¬ λ¶κµ¬ ν”κ±°μ²λ™λ΅ 104 101λ™ 1401νΈ','imp_943385933361','merchant_1710474385896','μ΄μ΄νΈ',100,'2024-03-15 12:46:46.761606','trans','paid',24),(22,'λ€κµ¬ λ¶κµ¬ ν”κ±°μ²λ™λ΅ 104 101λ™ 1401νΈ','imp_544414939805','merchant_1710474414830','μ΄μ΄νΈ',100,'2024-03-15 12:47:16.770801','trans','paid',25),(23,'λ€κµ¬ λ¶κµ¬ ν”κ±°μ²λ™λ΅ 104 101λ™ 1401νΈ','imp_147449869194','merchant_1710474449835','μ΄μ΄νΈ',100,'2024-03-15 12:47:50.683308','trans','paid',26),(24,'λ€κµ¬ λ¶κµ¬ ν”κ±°μ²λ™λ΅ 104 101λ™ 1401νΈ','imp_911480356428','merchant_1710474480275','μ΄μ΄νΈ',100,'2024-03-15 12:48:14.591190','trans','paid',27),(25,'λ€κµ¬ λ¶κµ¬ ν”κ±°μ²λ™λ΅ 104 101λ™ 1401νΈ','imp_932545563967','merchant_1710474545499','μ΄μ΄νΈ',100,'2024-03-15 12:49:19.956898','trans','paid',28),(26,'λ€κµ¬ λ¶κµ¬ ν”κ±°μ²λ™λ΅ 104 101λ™ 1401νΈ','imp_980576433015','merchant_1710474576373','μ΄μ΄νΈ',100,'2024-03-15 12:49:49.809415','trans','paid',29),(27,'λ€κµ¬ λ¶κµ¬ ν”κ±°μ²λ™λ΅ 104 101λ™ 1401νΈ','imp_861777752242','merchant_1710474777645','μ΄μ΄νΈ',100,'2024-03-15 12:53:20.192629','trans','paid',30),(28,'λ€κµ¬ λ¶κµ¬ ν”κ±°μ²λ™λ΅ 104 101λ™ 1401νΈ','imp_236813895364','merchant_1710474813864','μ΄μ΄νΈ',100,'2024-03-15 12:53:51.393244','trans','paid',31),(29,'λ€κµ¬ λ¶κµ¬ ν”κ±°μ²λ™λ΅ 104 101λ™ 1401νΈ','imp_040516074384','merchant_1710762518998','μ΄μ΄νΈ',100,'2024-03-18 20:49:01.081203','trans','paid',32),(34,'λ€κµ¬ λ¶κµ¬ ν”κ±°μ²λ™λ΅ 104 101λ™ 1401νΈ','imp_348000758084','merchant_1710797000337','μ΄μ΄νΈ',100,'2024-03-19 06:23:35.979300','trans','paid',38),(35,'λ€κµ¬ λ¶κµ¬ ν”κ±°μ²λ™λ΅ 104 101λ™ 1401νΈ','imp_061859501548','merchant_1711353860001','μ΄μ΄νΈ',100,'2024-03-25 17:04:43.158369','trans','paid',39);
/*!40000 ALTER TABLE `payment` ENABLE KEYS */;
UNLOCK TABLES;

--
-- Table structure for table `persistent_logins`
--

DROP TABLE IF EXISTS `persistent_logins`;
/*!40101 SET @saved_cs_client     = @@character_set_client */;
/*!50503 SET character_set_client = utf8mb4 */;
CREATE TABLE `persistent_logins` (
  `username` varchar(64) NOT NULL,
  `series` varchar(64) NOT NULL,
  `token` varchar(64) NOT NULL,
  `last_used` timestamp NOT NULL,
  PRIMARY KEY (`series`)
) ENGINE=InnoDB DEFAULT CHARSET=utf8mb4 COLLATE=utf8mb4_0900_ai_ci;
/*!40101 SET character_set_client = @saved_cs_client */;

--
-- Dumping data for table `persistent_logins`
--

LOCK TABLES `persistent_logins` WRITE;
/*!40000 ALTER TABLE `persistent_logins` DISABLE KEYS */;
/*!40000 ALTER TABLE `persistent_logins` ENABLE KEYS */;
UNLOCK TABLES;

--
-- Table structure for table `question_board`
--

DROP TABLE IF EXISTS `question_board`;
/*!40101 SET @saved_cs_client     = @@character_set_client */;
/*!50503 SET character_set_client = utf8mb4 */;
CREATE TABLE `question_board` (
  `id` bigint NOT NULL AUTO_INCREMENT,
  `created_time` datetime(6) DEFAULT NULL,
  `updated_time` datetime(6) DEFAULT NULL,
  `content` varchar(500) NOT NULL,
  `title` varchar(250) NOT NULL,
  `user_id` varchar(255) NOT NULL,
  PRIMARY KEY (`id`),
  KEY `fk_question_user_id` (`user_id`),
  CONSTRAINT `fk_question_user_id` FOREIGN KEY (`user_id`) REFERENCES `user` (`userid`) ON DELETE CASCADE ON UPDATE CASCADE
) ENGINE=InnoDB AUTO_INCREMENT=64 DEFAULT CHARSET=utf8mb4 COLLATE=utf8mb4_0900_ai_ci;
/*!40101 SET character_set_client = @saved_cs_client */;

--
-- Dumping data for table `question_board`
--

LOCK TABLES `question_board` WRITE;
/*!40000 ALTER TABLE `question_board` DISABLE KEYS */;
INSERT INTO `question_board` VALUES (1,'2024-03-16 19:43:32.349832',NULL,'ν…μ¤νΈ1','μμ£Όν•λ” μ§λ¬Έ ν…μ¤νΈ1','admin'),(2,'2024-03-16 19:43:32.349832',NULL,'ν…μ¤νΈ2','μμ£Όν•λ” μ§λ¬Έ ν…μ¤νΈ2','admin'),(3,'2024-03-16 19:43:32.349832',NULL,'ν…μ¤νΈ3','μμ£Όν•λ” μ§λ¬Έ ν…μ¤νΈ3','admin'),(4,'2024-03-16 19:43:32.349832',NULL,'ν…μ¤νΈ4','μμ£Όν•λ” μ§λ¬Έ ν…μ¤νΈ4','admin'),(5,'2024-03-16 19:43:32.349832',NULL,'ν…μ¤νΈ5','μμ£Όν•λ” μ§λ¬Έ ν…μ¤νΈ5','admin'),(6,'2024-03-16 19:43:32.349832',NULL,'ν…μ¤νΈ6','μμ£Όν•λ” μ§λ¬Έ ν…μ¤νΈ6','admin'),(7,'2024-03-16 19:43:32.349832',NULL,'ν…μ¤νΈ7','μμ£Όν•λ” μ§λ¬Έ ν…μ¤νΈ7','admin'),(8,'2024-03-16 19:43:32.349832',NULL,'ν…μ¤νΈ8','μμ£Όν•λ” μ§λ¬Έ ν…μ¤νΈ8','admin'),(9,'2024-03-16 19:43:32.349832',NULL,'ν…μ¤νΈ9','μμ£Όν•λ” μ§λ¬Έ ν…μ¤νΈ9','admin'),(10,'2024-03-16 19:43:32.349832',NULL,'ν…μ¤νΈ10','μμ£Όν•λ” μ§λ¬Έ ν…μ¤νΈ10','admin'),(11,'2024-03-16 19:43:32.349832',NULL,'ν…μ¤νΈ11','μμ£Όν•λ” μ§λ¬Έ ν…μ¤νΈ11','admin'),(12,'2024-03-16 19:43:32.349832',NULL,'ν…μ¤νΈ12','μμ£Όν•λ” μ§λ¬Έ ν…μ¤νΈ12','admin'),(13,'2024-03-16 19:43:32.349832',NULL,'ν…μ¤νΈ13','μμ£Όν•λ” μ§λ¬Έ ν…μ¤νΈ13','admin'),(14,'2024-03-16 19:43:32.349832',NULL,'ν…μ¤νΈ14','μμ£Όν•λ” μ§λ¬Έ ν…μ¤νΈ14','admin'),(15,'2024-03-16 19:43:32.349832',NULL,'ν…μ¤νΈ15','μμ£Όν•λ” μ§λ¬Έ ν…μ¤νΈ15','admin'),(16,'2024-03-16 19:43:32.349832',NULL,'ν…μ¤νΈ16','μμ£Όν•λ” μ§λ¬Έ ν…μ¤νΈ16','admin'),(17,'2024-03-16 19:43:32.349832',NULL,'ν…μ¤νΈ17','μμ£Όν•λ” μ§λ¬Έ ν…μ¤νΈ17','admin'),(18,'2024-03-16 19:43:32.349832',NULL,'ν…μ¤νΈ18','μμ£Όν•λ” μ§λ¬Έ ν…μ¤νΈ18','admin'),(19,'2024-03-16 19:43:32.349832',NULL,'ν…μ¤νΈ19','μμ£Όν•λ” μ§λ¬Έ ν…μ¤νΈ19','admin'),(20,'2024-03-16 19:43:32.349832',NULL,'ν…μ¤νΈ20','μμ£Όν•λ” μ§λ¬Έ ν…μ¤νΈ20','admin'),(21,'2024-03-16 19:43:32.349832',NULL,'ν…μ¤νΈ21','μμ£Όν•λ” μ§λ¬Έ ν…μ¤νΈ21','admin'),(22,'2024-03-16 19:43:32.349832',NULL,'ν…μ¤νΈ22','μμ£Όν•λ” μ§λ¬Έ ν…μ¤νΈ22','admin'),(23,'2024-03-16 19:43:32.349832',NULL,'ν…μ¤νΈ23','μμ£Όν•λ” μ§λ¬Έ ν…μ¤νΈ23','admin'),(24,'2024-03-16 19:43:32.349832',NULL,'ν…μ¤νΈ24','μμ£Όν•λ” μ§λ¬Έ ν…μ¤νΈ24','admin'),(25,'2024-03-16 19:43:32.349832',NULL,'ν…μ¤νΈ25','μμ£Όν•λ” μ§λ¬Έ ν…μ¤νΈ25','admin'),(26,'2024-03-16 19:43:32.349832',NULL,'ν…μ¤νΈ26','μμ£Όν•λ” μ§λ¬Έ ν…μ¤νΈ26','admin'),(27,'2024-03-16 19:43:32.349832',NULL,'ν…μ¤νΈ27','μμ£Όν•λ” μ§λ¬Έ ν…μ¤νΈ27','admin'),(28,'2024-03-16 19:43:32.349832',NULL,'ν…μ¤νΈ28','μμ£Όν•λ” μ§λ¬Έ ν…μ¤νΈ28','admin'),(29,'2024-03-16 19:43:32.349832',NULL,'ν…μ¤νΈ29','μμ£Όν•λ” μ§λ¬Έ ν…μ¤νΈ29','admin'),(30,'2024-03-16 19:43:32.349832',NULL,'ν…μ¤νΈ30','μμ£Όν•λ” μ§λ¬Έ ν…μ¤νΈ30','admin'),(31,'2024-03-16 19:43:32.349832',NULL,'ν…μ¤νΈ31','μμ£Όν•λ” μ§λ¬Έ ν…μ¤νΈ31','admin'),(32,'2024-03-16 19:43:32.349832',NULL,'ν…μ¤νΈ32','μμ£Όν•λ” μ§λ¬Έ ν…μ¤νΈ32','admin'),(33,'2024-03-16 19:43:32.349832',NULL,'ν…μ¤νΈ33','μμ£Όν•λ” μ§λ¬Έ ν…μ¤νΈ33','admin'),(34,'2024-03-16 19:43:32.349832',NULL,'ν…μ¤νΈ34','μμ£Όν•λ” μ§λ¬Έ ν…μ¤νΈ34','admin'),(35,'2024-03-16 19:43:32.349832',NULL,'ν…μ¤νΈ35','μμ£Όν•λ” μ§λ¬Έ ν…μ¤νΈ35','admin'),(36,'2024-03-16 19:43:32.349832',NULL,'ν…μ¤νΈ36','μμ£Όν•λ” μ§λ¬Έ ν…μ¤νΈ36','admin'),(37,'2024-03-16 19:43:32.349832',NULL,'ν…μ¤νΈ37','μμ£Όν•λ” μ§λ¬Έ ν…μ¤νΈ37','admin'),(38,'2024-03-16 19:43:32.349832',NULL,'ν…μ¤νΈ38','μμ£Όν•λ” μ§λ¬Έ ν…μ¤νΈ38','admin'),(39,'2024-03-16 19:43:32.349832',NULL,'ν…μ¤νΈ39','μμ£Όν•λ” μ§λ¬Έ ν…μ¤νΈ39','admin'),(40,'2024-03-16 19:43:32.349832',NULL,'ν…μ¤νΈ40','μμ£Όν•λ” μ§λ¬Έ ν…μ¤νΈ40','admin'),(41,'2024-03-16 19:43:32.349832',NULL,'ν…μ¤νΈ41','μμ£Όν•λ” μ§λ¬Έ ν…μ¤νΈ41','admin'),(42,'2024-03-16 19:43:32.349832',NULL,'ν…μ¤νΈ42','μμ£Όν•λ” μ§λ¬Έ ν…μ¤νΈ42','admin'),(43,'2024-03-16 19:43:32.349832',NULL,'ν…μ¤νΈ43','μμ£Όν•λ” μ§λ¬Έ ν…μ¤νΈ43','admin'),(44,'2024-03-16 19:43:32.349832',NULL,'ν…μ¤νΈ44','μμ£Όν•λ” μ§λ¬Έ ν…μ¤νΈ44','admin'),(45,'2024-03-16 19:43:32.349832',NULL,'ν…μ¤νΈ45','μμ£Όν•λ” μ§λ¬Έ ν…μ¤νΈ45','admin'),(46,'2024-03-16 19:43:32.349832',NULL,'ν…μ¤νΈ46','μμ£Όν•λ” μ§λ¬Έ ν…μ¤νΈ46','admin'),(47,'2024-03-16 19:43:32.349832',NULL,'ν…μ¤νΈ47','μμ£Όν•λ” μ§λ¬Έ ν…μ¤νΈ47','admin'),(48,'2024-03-16 19:43:32.349832',NULL,'ν…μ¤νΈ48','μμ£Όν•λ” μ§λ¬Έ ν…μ¤νΈ48','admin'),(49,'2024-03-16 19:43:32.349832',NULL,'ν…μ¤νΈ49','μμ£Όν•λ” μ§λ¬Έ ν…μ¤νΈ49','admin'),(50,'2024-03-16 19:43:32.349832',NULL,'ν…μ¤νΈ50','μμ£Όν•λ” μ§λ¬Έ ν…μ¤νΈ50','admin'),(51,'2024-03-16 19:43:32.349832',NULL,'ν…μ¤νΈ51','μμ£Όν•λ” μ§λ¬Έ ν…μ¤νΈ51','admin'),(52,'2024-03-16 19:43:32.349832',NULL,'ν…μ¤νΈ52','μμ£Όν•λ” μ§λ¬Έ ν…μ¤νΈ52','admin'),(53,'2024-03-16 19:43:32.349832',NULL,'ν…μ¤νΈ53','μμ£Όν•λ” μ§λ¬Έ ν…μ¤νΈ53','admin'),(54,'2024-03-16 19:43:32.349832',NULL,'ν…μ¤νΈ54','μμ£Όν•λ” μ§λ¬Έ ν…μ¤νΈ54','admin'),(55,'2024-03-16 19:43:32.349832',NULL,'ν…μ¤νΈ55','μμ£Όν•λ” μ§λ¬Έ ν…μ¤νΈ55','admin'),(56,'2024-03-16 19:43:32.349832',NULL,'ν…μ¤νΈ56','μμ£Όν•λ” μ§λ¬Έ ν…μ¤νΈ56','admin'),(57,'2024-03-16 19:43:32.349832',NULL,'ν…μ¤νΈ57','μμ£Όν•λ” μ§λ¬Έ ν…μ¤νΈ57','admin'),(58,'2024-03-16 19:43:32.349832',NULL,'ν…μ¤νΈ58','μμ£Όν•λ” μ§λ¬Έ ν…μ¤νΈ58','admin'),(59,'2024-03-16 19:43:32.349832',NULL,'ν…μ¤νΈ59','μμ£Όν•λ” μ§λ¬Έ ν…μ¤νΈ59','admin'),(60,'2024-03-16 19:43:32.349832',NULL,'ν…μ¤νΈ60','μμ£Όν•λ” μ§λ¬Έ ν…μ¤νΈ60','admin'),(61,'2024-03-18 21:03:03.855881',NULL,',',',','admin'),(62,'2024-03-18 21:17:46.468497',NULL,'μ¤νƒ λ‹¤λ“ κ°μ‹¤μ—λ” μ¤νƒ€μΌλ¬κ°€ μ—†μµλ‹λ‹¤!','μ¤νƒ λ‹¤λ“ κ°μ‹¤μ— μ¤νƒ€μΌλ¬ μλ‚μ”?','admin');
/*!40000 ALTER TABLE `question_board` ENABLE KEYS */;
UNLOCK TABLES;

--
-- Table structure for table `reservation`
--

DROP TABLE IF EXISTS `reservation`;
/*!40101 SET @saved_cs_client     = @@character_set_client */;
/*!50503 SET character_set_client = utf8mb4 */;
CREATE TABLE `reservation` (
  `id` bigint NOT NULL AUTO_INCREMENT,
  `checkin` varchar(255) DEFAULT NULL,
  `checkout` varchar(255) DEFAULT NULL,
  `created_at` datetime(6) DEFAULT NULL,
  `people` varchar(255) DEFAULT NULL,
  `price` int NOT NULL,
  `status` varchar(255) DEFAULT NULL,
  `room_id` bigint DEFAULT NULL,
  `user_id` varchar(255) DEFAULT NULL,
  PRIMARY KEY (`id`),
  KEY `fk_reservation_room_id` (`room_id`),
  KEY `fk_reservation_user_id` (`user_id`),
  CONSTRAINT `fk_reservation_room_id` FOREIGN KEY (`room_id`) REFERENCES `room` (`id`) ON DELETE CASCADE ON UPDATE CASCADE,
  CONSTRAINT `fk_reservation_user_id` FOREIGN KEY (`user_id`) REFERENCES `user` (`userid`) ON DELETE CASCADE ON UPDATE CASCADE
) ENGINE=InnoDB AUTO_INCREMENT=41 DEFAULT CHARSET=utf8mb4 COLLATE=utf8mb4_0900_ai_ci;
/*!40101 SET character_set_client = @saved_cs_client */;

--
-- Dumping data for table `reservation`
--

LOCK TABLES `reservation` WRITE;
/*!40000 ALTER TABLE `reservation` DISABLE KEYS */;
INSERT INTO `reservation` VALUES (20,'2024-03-16','2024-03-17','2024-03-15 12:41:34.511405','1',50000,'μμ•½ μ™„λ£',7,'woonho98'),(21,'2024-03-19','2024-03-22','2024-03-15 12:44:23.260055','2',120000,'μμ•½ μ™„λ£',4,'woonho98'),(22,'2024-03-18','2024-03-21','2024-03-15 12:45:22.132579','1',120000,'μμ•½ μ™„λ£',6,'woonho98'),(23,'2024-03-21','2024-03-24','2024-03-15 12:45:50.838132','1',120000,'μμ•½ μ™„λ£',12,'woonho98'),(24,'2024-03-15','2024-03-16','2024-03-15 12:46:23.304132','1',30000,'μμ•½ μ™„λ£',8,'woonho98'),(25,'2024-03-15','2024-03-16','2024-03-15 12:46:52.771599','1',40000,'μμ•½ μ™„λ£',1,'woonho98'),(26,'2024-03-16','2024-03-17','2024-03-15 12:47:27.547671','1',50000,'μμ•½ μ™„λ£',14,'woonho98'),(27,'2024-03-15','2024-03-16','2024-03-15 12:47:58.462048','1',30000,'μμ•½ μ™„λ£',2,'woonho98'),(28,'2024-04-10','2024-04-11','2024-03-15 12:49:03.689780','1',40000,'μμ•½ μ™„λ£',2,'woonho98'),(29,'2024-04-16','2024-04-17','2024-03-15 12:49:33.564735','1',40000,'μμ•½ μ™„λ£',6,'woonho98'),(30,'2024-04-17','2024-04-18','2024-03-15 12:52:54.609660','1',40000,'μμ•½ μ™„λ£',13,'woonho98'),(31,'2024-05-15','2024-05-16','2024-03-15 12:53:32.152615','1',40000,'μμ•½ μ™„λ£',7,'woonho98'),(32,'2024-03-19','2024-03-21','2024-03-18 20:47:10.000242','2',60000,'μμ•½ μ™„λ£',1,'woonho98'),(38,'2024-03-20','2024-03-22','2024-03-19 06:23:09.557911','2',80000,'μμ•½ μ™„λ£',7,'woonho98'),(39,'2024-03-26','2024-03-27','2024-03-25 17:04:09.829544','1',40000,'μμ•½ μ™„λ£',7,'woonho98');
/*!40000 ALTER TABLE `reservation` ENABLE KEYS */;
UNLOCK TABLES;

--
-- Table structure for table `reserved_room_count`
--

DROP TABLE IF EXISTS `reserved_room_count`;
/*!40101 SET @saved_cs_client     = @@character_set_client */;
/*!50503 SET character_set_client = utf8mb4 */;
CREATE TABLE `reserved_room_count` (
  `id` bigint NOT NULL AUTO_INCREMENT,
  `date` varchar(255) DEFAULT NULL,
  `reserved_count` int NOT NULL,
  `room_id` bigint DEFAULT NULL,
  PRIMARY KEY (`id`),
  KEY `fk_reservedRoomCount_room_id` (`room_id`),
  CONSTRAINT `fk_reservedRoomCount_room_id` FOREIGN KEY (`room_id`) REFERENCES `room` (`id`) ON DELETE CASCADE ON UPDATE CASCADE
) ENGINE=InnoDB AUTO_INCREMENT=42 DEFAULT CHARSET=utf8mb4 COLLATE=utf8mb4_0900_ai_ci;
/*!40101 SET character_set_client = @saved_cs_client */;

--
-- Dumping data for table `reserved_room_count`
--

LOCK TABLES `reserved_room_count` WRITE;
/*!40000 ALTER TABLE `reserved_room_count` DISABLE KEYS */;
INSERT INTO `reserved_room_count` VALUES (12,'2024-03-13',0,7),(13,'2024-03-14',-1,7),(14,'2024-03-16',1,7),(15,'2024-03-19',1,4),(16,'2024-03-20',1,4),(17,'2024-03-21',1,4),(18,'2024-03-18',1,6),(19,'2024-03-19',1,6),(20,'2024-03-20',1,6),(21,'2024-03-21',1,12),(22,'2024-03-22',1,12),(23,'2024-03-23',1,12),(24,'2024-03-15',1,8),(25,'2024-03-15',1,1),(26,'2024-03-16',1,14),(27,'2024-03-15',1,2),(28,'2024-04-10',1,2),(29,'2024-04-16',1,6),(30,'2024-04-17',1,13),(31,'2024-05-15',1,7),(32,'2024-03-19',2,1),(33,'2024-03-20',1,1),(34,'2024-03-21',0,11),(35,'2024-03-22',0,11),(36,'2024-03-23',0,11),(37,'2024-03-24',0,11),(38,'2024-03-25',0,11),(39,'2024-03-20',1,7),(40,'2024-03-21',1,7),(41,'2024-03-26',1,7);
/*!40000 ALTER TABLE `reserved_room_count` ENABLE KEYS */;
UNLOCK TABLES;

--
-- Table structure for table `room`
--

DROP TABLE IF EXISTS `room`;
/*!40101 SET @saved_cs_client     = @@character_set_client */;
/*!50503 SET character_set_client = utf8mb4 */;
CREATE TABLE `room` (
  `id` bigint NOT NULL AUTO_INCREMENT,
  `checkin_time` varchar(255) DEFAULT NULL,
  `checkout_time` varchar(255) DEFAULT NULL,
  `count` int DEFAULT NULL,
  `friday_price` int DEFAULT NULL,
  `kind` varchar(255) DEFAULT NULL,
  `maximum_people` int DEFAULT NULL,
  `reserved_room_count` int DEFAULT NULL,
  `saturday_price` int DEFAULT NULL,
  `standard_people` int DEFAULT NULL,
  `weekday_price` int DEFAULT NULL,
  `hotel_name` varchar(255) DEFAULT NULL,
  PRIMARY KEY (`id`),
  KEY `fk_room_hotel_name` (`hotel_name`),
  CONSTRAINT `fk_room_hotel_name` FOREIGN KEY (`hotel_name`) REFERENCES `hotel` (`hotel_name`) ON DELETE CASCADE ON UPDATE CASCADE
) ENGINE=InnoDB AUTO_INCREMENT=23 DEFAULT CHARSET=utf8mb4 COLLATE=utf8mb4_0900_ai_ci;
/*!40101 SET character_set_client = @saved_cs_client */;

--
-- Dumping data for table `room`
--

LOCK TABLES `room` WRITE;
/*!40000 ALTER TABLE `room` DISABLE KEYS */;
INSERT INTO `room` VALUES (1,'15:00','12:00',3,40000,'μ¤νƒ λ‹¤λ“',2,2,50000,2,30000,'λ™μ„±λ΅ νΈν…” λΌλ²¨λΌ'),(2,'15:00','12:00',2,30000,'μ¤νƒ λ‹¤λ“',2,NULL,50000,2,40000,'κ°€ν‰ λ””ν”„λΌμ΄λΉ— μΊ ν•‘'),(3,'15:00','12:00',2,40000,'μ¤νƒ λ‹¤λ“',2,0,50000,2,30000,'κ°€ν‰ ν”„λΌλ„ μ¤ννμ…'),(4,'15:00','12:00',2,30000,'λ””λ­μ¤',2,0,50000,2,40000,'κ°•λ¦‰ H9 μ¤ννμ…'),(5,'15:00','12:00',2,30000,'λ””λ­μ¤',2,0,50000,2,40000,'κµ¬μ›” λ°μ›” μ•„μ‹μ•„λ“νΈν…”'),(6,'15:00','12:00',2,30000,'μ¤νƒ λ‹¤λ“',2,1,50000,2,40000,'κµ¬μ›” νΈν…” μ— ν”λ μ΄μ¤'),(7,'15:00','12:00',2,30000,'μ¤νƒ λ‹¤λ“',2,0,50000,2,40000,'λ„¤μ¤νΈνΈν…” μΈμ²'),(8,'15:00','12:00',2,30000,'μ¤νƒ λ‹¤λ“',2,0,50000,2,40000,'λ…Έλ³΄ν…” μ•°λ°°μ„λ” μ„μΈ μ©μ‚°'),(9,'15:00','12:00',2,30000,'μ¤νƒ λ‹¤λ“',2,NULL,50000,2,40000,'μ„μΈμ‹ λΌνΈν…”'),(10,'15:00','12:00',2,30000,'μ¤νƒ λ‹¤λ“',2,0,50000,2,40000,'μ†μ΄ μ•„μ΄νν¬μ¤μ„νΈ νΈν…”μ•¤λ μ§€λμ¤'),(11,'15:00','12:00',2,30000,'μ¤νƒ λ‹¤λ“',2,0,50000,2,40000,'μ‹ λΌμ¤ν…μ΄ κµ¬λ΅'),(12,'15:00','12:00',2,30000,'μ¤νƒ λ‹¤λ“',2,0,50000,2,40000,'μ—λ¨λ©ν†  κ΄‘μ•'),(13,'15:00','12:00',2,30000,'μ¤νƒ λ‹¤λ“',2,0,50000,2,40000,'ν•΄μ΄λ€ λ™λ°±νΈν…”'),(14,'15:00','12:00',2,30000,'λ””λ­μ¤',2,0,50000,2,40000,'ν•΄μ΄λ€ νΈν…” V'),(16,'15:00','12:00',2,40000,'μ¤νƒ λ‹¤λ“',2,0,50000,2,30000,'κ·Έλλ“ μ΅°μ„  λ¶€μ‚°'),(21,'15:00','12:00',3,30000,'λ””λ­μ¤',2,NULL,50000,2,40000,'κ°€ν‰ λ””ν”„λΌμ΄λΉ— μΊ ν•‘'),(22,'15:00','12:00',2,30000,'ν…μ¤νΈ',2,NULL,50000,2,40000,'κ°€ν‰ λ””ν”„λΌμ΄λΉ— μΊ ν•‘');
/*!40000 ALTER TABLE `room` ENABLE KEYS */;
UNLOCK TABLES;

--
-- Table structure for table `room_file_info`
--

DROP TABLE IF EXISTS `room_file_info`;
/*!40101 SET @saved_cs_client     = @@character_set_client */;
/*!50503 SET character_set_client = utf8mb4 */;
CREATE TABLE `room_file_info` (
  `id` bigint NOT NULL AUTO_INCREMENT,
  `dir` varchar(255) DEFAULT NULL,
  `file_name` varchar(255) DEFAULT NULL,
  `main_image_flag` bit(1) DEFAULT NULL,
  `room_id` bigint DEFAULT NULL,
  PRIMARY KEY (`id`),
  KEY `fk_roomFileInfo_room_id` (`room_id`),
  CONSTRAINT `fk_roomFileInfo_room_id` FOREIGN KEY (`room_id`) REFERENCES `room` (`id`) ON DELETE CASCADE ON UPDATE CASCADE
) ENGINE=InnoDB AUTO_INCREMENT=84 DEFAULT CHARSET=utf8mb4 COLLATE=utf8mb4_0900_ai_ci;
/*!40101 SET character_set_client = @saved_cs_client */;

--
-- Dumping data for table `room_file_info`
--

LOCK TABLES `room_file_info` WRITE;
/*!40000 ALTER TABLE `room_file_info` DISABLE KEYS */;
INSERT INTO `room_file_info` VALUES (1,'\\roomimage\\λ™μ„±λ΅ νΈν…” λΌλ²¨λΌ\\μ¤νƒ λ‹¤λ“\\','3.webp',_binary '\0',1),(2,'\\roomimage\\λ™μ„±λ΅ νΈν…” λΌλ²¨λΌ\\μ¤νƒ λ‹¤λ“\\','2.webp',_binary '',1),(5,'\\roomimage\\κ°€ν‰ ν”„λΌλ„ μ¤ννμ…\\μ¤νƒ λ‹¤λ“\\','3.webp',_binary '\0',3),(6,'\\roomimage\\κ°€ν‰ ν”„λΌλ„ μ¤ννμ…\\μ¤νƒ λ‹¤λ“\\','2.webp',_binary '',3),(7,'\\roomimage\\κ°•λ¦‰ H9 μ¤ννμ…\\λ””λ­μ¤\\','4.webp',_binary '\0',4),(8,'\\roomimage\\κ°•λ¦‰ H9 μ¤ννμ…\\λ””λ­μ¤\\','3.webp',_binary '',4),(11,'\\roomimage\\κµ¬μ›” νΈν…” μ— ν”λ μ΄μ¤\\μ¤νƒ λ‹¤λ“\\','6.webp',_binary '\0',6),(12,'\\roomimage\\κµ¬μ›” νΈν…” μ— ν”λ μ΄μ¤\\μ¤νƒ λ‹¤λ“\\','5.webp',_binary '',6),(13,'\\roomimage\\λ„¤μ¤νΈνΈν…” μΈμ²\\μ¤νƒ λ‹¤λ“\\','7.webp',_binary '\0',7),(14,'\\roomimage\\λ„¤μ¤νΈνΈν…” μΈμ²\\μ¤νƒ λ‹¤λ“\\','6.webp',_binary '',7),(15,'\\roomimage\\λ…Έλ³΄ν…” μ•°λ°°μ„λ” μ„μΈ μ©μ‚°\\μ¤νƒ λ‹¤λ“\\','8.webp',_binary '\0',8),(16,'\\roomimage\\λ…Έλ³΄ν…” μ•°λ°°μ„λ” μ„μΈ μ©μ‚°\\μ¤νƒ λ‹¤λ“\\','7.webp',_binary '',8),(17,'\\roomimage\\μ„μΈμ‹ λΌνΈν…”\\μ¤νƒ λ‹¤λ“\\','1.webp',_binary '\0',9),(18,'\\roomimage\\μ„μΈμ‹ λΌνΈν…”\\μ¤νƒ λ‹¤λ“\\','8.webp',_binary '',9),(19,'\\roomimage\\μ†μ΄ μ•„μ΄νν¬μ¤μ„νΈ νΈν…”μ•¤λ μ§€λμ¤\\μ¤νƒ λ‹¤λ“\\','2.webp',_binary '\0',10),(20,'\\roomimage\\μ†μ΄ μ•„μ΄νν¬μ¤μ„νΈ νΈν…”μ•¤λ μ§€λμ¤\\μ¤νƒ λ‹¤λ“\\','1.webp',_binary '',10),(21,'\\roomimage\\μ‹ λΌμ¤ν…μ΄ κµ¬λ΅\\μ¤νƒ λ‹¤λ“\\','3.webp',_binary '\0',11),(22,'\\roomimage\\μ‹ λΌμ¤ν…μ΄ κµ¬λ΅\\μ¤νƒ λ‹¤λ“\\','2.webp',_binary '',11),(23,'\\roomimage\\μ—λ¨λ©ν†  κ΄‘μ•\\μ¤νƒ λ‹¤λ“\\','4.webp',_binary '\0',12),(24,'\\roomimage\\μ—λ¨λ©ν†  κ΄‘μ•\\μ¤νƒ λ‹¤λ“\\','3.webp',_binary '',12),(25,'\\roomimage\\ν•΄μ΄λ€ λ™λ°±νΈν…”\\μ¤νƒ λ‹¤λ“\\','5.webp',_binary '\0',13),(26,'\\roomimage\\ν•΄μ΄λ€ λ™λ°±νΈν…”\\μ¤νƒ λ‹¤λ“\\','4.webp',_binary '',13),(46,'\\roomimage\\ν•΄μ΄λ€ νΈν…” V\\λ””λ­μ¤\\','3.webp',_binary '\0',14),(47,'\\roomimage\\ν•΄μ΄λ€ νΈν…” V\\λ””λ­μ¤\\','4.webp',_binary '\0',14),(48,'\\roomimage\\ν•΄μ΄λ€ νΈν…” V\\λ””λ­μ¤\\','5.webp',_binary '',14),(55,'\\roomimage\\κµ¬μ›” λ°μ›” μ•„μ‹μ•„λ“νΈν…”\\λ””λ­μ¤\\','2.webp',_binary '\0',5),(56,'\\roomimage\\κµ¬μ›” λ°μ›” μ•„μ‹μ•„λ“νΈν…”\\λ””λ­μ¤\\','3.webp',_binary '\0',5),(57,'\\roomimage\\κµ¬μ›” λ°μ›” μ•„μ‹μ•„λ“νΈν…”\\λ””λ­μ¤\\','1.webp',_binary '',5),(58,'\\roomimage\\κ·Έλλ“ μ΅°μ„  λ¶€μ‚°\\μ¤νƒ λ‹¤λ“\\','3.webp',_binary '\0',16),(59,'\\roomimage\\κ·Έλλ“ μ΅°μ„  λ¶€μ‚°\\μ¤νƒ λ‹¤λ“\\','4.webp',_binary '\0',16),(60,'\\roomimage\\κ·Έλλ“ μ΅°μ„  λ¶€μ‚°\\μ¤νƒ λ‹¤λ“\\','7.webp',_binary '',16),(77,'\\roomimage\\κ°€ν‰ λ””ν”„λΌμ΄λΉ— μΊ ν•‘\\μ¤νƒ λ‹¤λ“\\','8.webp',_binary '\0',2),(78,'\\roomimage\\κ°€ν‰ λ””ν”„λΌμ΄λΉ— μΊ ν•‘\\μ¤νƒ λ‹¤λ“\\','7.webp',_binary '',2),(79,'\\roomimage\\κ°€ν‰ λ””ν”„λΌμ΄λΉ— μΊ ν•‘\\λ””λ­μ¤\\','2.webp',_binary '\0',21),(80,'\\roomimage\\κ°€ν‰ λ””ν”„λΌμ΄λΉ— μΊ ν•‘\\λ””λ­μ¤\\','8.webp',_binary '\0',21),(81,'\\roomimage\\κ°€ν‰ λ””ν”„λΌμ΄λΉ— μΊ ν•‘\\λ””λ­μ¤\\','1.webp',_binary '',21),(82,'\\roomimage\\κ°€ν‰ λ””ν”„λΌμ΄λΉ— μΊ ν•‘\\ν…μ¤νΈ\\','2.webp',_binary '\0',22),(83,'\\roomimage\\κ°€ν‰ λ””ν”„λΌμ΄λΉ— μΊ ν•‘\\ν…μ¤νΈ\\','1.webp',_binary '',22);
/*!40000 ALTER TABLE `room_file_info` ENABLE KEYS */;
UNLOCK TABLES;

--
-- Table structure for table `signature`
--

DROP TABLE IF EXISTS `signature`;
/*!40101 SET @saved_cs_client     = @@character_set_client */;
/*!50503 SET character_set_client = utf8mb4 */;
CREATE TABLE `signature` (
  `signature` varbinary(3072) NOT NULL,
  `date` date DEFAULT NULL,
  PRIMARY KEY (`signature`)
) ENGINE=InnoDB DEFAULT CHARSET=utf8mb4 COLLATE=utf8mb4_0900_ai_ci;
/*!40101 SET character_set_client = @saved_cs_client */;

--
-- Dumping data for table `signature`
--

LOCK TABLES `signature` WRITE;
/*!40000 ALTER TABLE `signature` DISABLE KEYS */;
INSERT INTO `signature` VALUES (_binary ' \ Ψ›\"\ T\ \ \0 <0ί§ kf8x
U(\ \ 5L\ 9','2024-01-31');
/*!40000 ALTER TABLE `signature` ENABLE KEYS */;
UNLOCK TABLES;

--
-- Table structure for table `user`
--

DROP TABLE IF EXISTS `user`;
/*!40101 SET @saved_cs_client     = @@character_set_client */;
/*!50503 SET character_set_client = utf8mb4 */;
CREATE TABLE `user` (
  `userid` varchar(255) NOT NULL,
  `addr1` varchar(255) DEFAULT NULL,
  `addr2` varchar(255) DEFAULT NULL,
  `email` varchar(255) DEFAULT NULL,
  `name` varchar(255) DEFAULT NULL,
  `password` varchar(255) DEFAULT NULL,
  `phone` varchar(255) DEFAULT NULL,
  `provider` varchar(255) DEFAULT NULL,
  `provider_id` varchar(255) DEFAULT NULL,
  `repassword` varchar(255) DEFAULT NULL,
  `role` varchar(255) DEFAULT NULL,
  `zipcode` varchar(255) DEFAULT NULL,
  PRIMARY KEY (`userid`)
) ENGINE=InnoDB DEFAULT CHARSET=utf8mb4 COLLATE=utf8mb4_0900_ai_ci;
/*!40101 SET character_set_client = @saved_cs_client */;

--
-- Dumping data for table `user`
--

LOCK TABLES `user` WRITE;
/*!40000 ALTER TABLE `user` DISABLE KEYS */;
INSERT INTO `user` VALUES ('admin','λ€κµ¬ λ¶κµ¬ κµ¬μ•”λ΅ 135','101λ™ 1401νΈ','lkj1150@naver.com','μ΄μ΄νΈ','$2a$10$hoLxKwnIkHkHscnFaLWo5uZTXoFUOO0YWKUjR/.CrtWVgnQlJdg4m','01095331150',NULL,NULL,NULL,'ROLE_ADMIN','41431'),('woonho98','λ€κµ¬ λ¶κµ¬ ν”κ±°μ²λ™λ΅ 104','101λ™ 1401νΈ','lkj1150@naver.com','μ΄μ΄νΈ','$2a$10$tEmyiGyLIhb52isU9soMl.FSwa.jyFkpy89yOFrsTr7Y0q/iTfI/a','01095331150',NULL,NULL,'$2a$10$GdTSlbZiLjksYdamgxateu9JMZmHgN1XJgVzzoVvXr3zdwh2a31yS','ROLE_USER','41431');
/*!40000 ALTER TABLE `user` ENABLE KEYS */;
UNLOCK TABLES;
/*!40103 SET TIME_ZONE=@OLD_TIME_ZONE */;

/*!40101 SET SQL_MODE=@OLD_SQL_MODE */;
/*!40014 SET FOREIGN_KEY_CHECKS=@OLD_FOREIGN_KEY_CHECKS */;
/*!40014 SET UNIQUE_CHECKS=@OLD_UNIQUE_CHECKS */;
/*!40101 SET CHARACTER_SET_CLIENT=@OLD_CHARACTER_SET_CLIENT */;
/*!40101 SET CHARACTER_SET_RESULTS=@OLD_CHARACTER_SET_RESULTS */;
/*!40101 SET COLLATION_CONNECTION=@OLD_COLLATION_CONNECTION */;
/*!40111 SET SQL_NOTES=@OLD_SQL_NOTES */;

-- Dump completed on 2024-06-18 20:28:34
